# Blender 5.2.1 LTS
# www.blender.org
o Cylinder_Cylinder.001
v -0.070541 -3.090975 -0.442224
v -0.070541 -2.647340 -0.442224
v 0.015732 -3.090975 -0.433727
v 0.015732 -2.647340 -0.433727
v 0.098691 -3.090975 -0.408562
v 0.098691 -2.647340 -0.408561
v 0.175145 -3.090975 -0.367696
v 0.175145 -2.647340 -0.367696
v 0.242158 -3.090975 -0.312700
v 0.242158 -2.647340 -0.312699
v 0.297155 -3.090975 -0.245686
v 0.297155 -2.647340 -0.245686
v 0.338020 -3.090975 -0.169232
v 0.338020 -2.647340 -0.169232
v 0.363185 -3.090975 -0.086274
v 0.363185 -2.647340 -0.086274
v 0.371683 -3.090975 0.000000
v 0.371683 -2.647340 0.000000
v 0.363185 -3.090975 0.086273
v 0.363185 -2.647340 0.086274
v 0.338020 -3.090975 0.169232
v 0.338020 -2.647341 0.169232
v 0.297155 -3.090975 0.245686
v 0.297155 -2.647341 0.245686
v 0.242158 -3.090975 0.312699
v 0.242158 -2.647341 0.312700
v 0.175145 -3.090975 0.367696
v 0.175145 -2.647341 0.367696
v 0.098690 -3.090975 0.408562
v 0.098690 -2.647341 0.408562
v 0.015732 -3.090975 0.433727
v 0.015732 -2.647341 0.433727
v -0.070541 -3.090975 0.442224
v -0.070541 -2.647341 0.442224
v -0.156815 -3.090975 0.433727
v -0.156815 -2.647341 0.433727
v -0.239773 -3.090975 0.408561
v -0.239773 -2.647341 0.408562
v -0.316228 -3.090975 0.367695
v -0.316228 -2.647341 0.367696
v -0.383241 -3.090975 0.312699
v -0.383241 -2.647341 0.312699
v -0.438237 -3.090975 0.245686
v -0.438237 -2.647341 0.245686
v -0.479103 -3.090975 0.169231
v -0.479103 -2.647341 0.169232
v -0.504268 -3.090975 0.086273
v -0.504268 -2.647340 0.086273
v -0.512765 -3.090975 -0.000001
v -0.512765 -2.647340 0.000000
v -0.504268 -3.090975 -0.086274
v -0.504268 -2.647340 -0.086274
v -0.479103 -3.090975 -0.169232
v -0.479103 -2.647340 -0.169232
v -0.438237 -3.090975 -0.245687
v -0.438237 -2.647340 -0.245687
v -0.383240 -3.090975 -0.312700
v -0.383240 -2.647340 -0.312700
v -0.316227 -3.090975 -0.367696
v -0.316227 -2.647340 -0.367696
v -0.239772 -3.090975 -0.408562
v -0.239772 -2.647340 -0.408562
v -0.156814 -3.090975 -0.433727
v -0.156814 -2.647340 -0.433727
v -0.070541 -2.784345 -0.442224
v 0.015732 -2.784345 -0.433727
v 0.098691 -2.784345 -0.408562
v 0.175145 -2.784345 -0.367696
v 0.242158 -2.784345 -0.312699
v 0.297155 -2.784345 -0.245686
v 0.338020 -2.784345 -0.169232
v 0.363185 -2.784345 -0.086274
v 0.371683 -2.784345 0.000000
v 0.363185 -2.784345 0.086274
v 0.338020 -2.784345 0.169232
v 0.297155 -2.784345 0.245686
v 0.242158 -2.784345 0.312700
v 0.175145 -2.784345 0.367696
v 0.098690 -2.784345 0.408562
v 0.015732 -2.784345 0.433727
v -0.070541 -2.784345 0.442224
v -0.156815 -2.784345 0.433727
v -0.239773 -2.784345 0.408562
v -0.316228 -2.784345 0.367696
v -0.383241 -2.784345 0.312699
v -0.438237 -2.784345 0.245686
v -0.479103 -2.784345 0.169231
v -0.504268 -2.784345 0.086273
v -0.512765 -2.784345 0.000000
v -0.504268 -2.784345 -0.086274
v -0.479103 -2.784345 -0.169232
v -0.438237 -2.784345 -0.245687
v -0.383240 -2.784345 -0.312700
v -0.316227 -2.784345 -0.367696
v -0.239772 -2.784345 -0.408562
v -0.156814 -2.784345 -0.433727
v -0.070541 -2.732968 -0.442224
v 0.015732 -2.732968 -0.433727
v 0.098691 -2.732968 -0.408562
v 0.175145 -2.732968 -0.367696
v 0.242158 -2.732968 -0.312699
v 0.297155 -2.732968 -0.245686
v 0.338020 -2.732968 -0.169232
v 0.363185 -2.732968 -0.086274
v 0.371683 -2.732968 0.000000
v 0.363185 -2.732969 0.086274
v 0.338020 -2.732969 0.169232
v 0.297155 -2.732969 0.245686
v 0.242158 -2.732969 0.312700
v 0.175145 -2.732969 0.367696
v 0.098690 -2.732969 0.408562
v 0.015732 -2.732969 0.433727
v -0.070541 -2.732969 0.442224
v -0.156815 -2.732969 0.433727
v -0.239773 -2.732969 0.408562
v -0.316228 -2.732969 0.367696
v -0.383241 -2.732969 0.312699
v -0.438237 -2.732969 0.245686
v -0.479103 -2.732969 0.169231
v -0.504268 -2.732969 0.086273
v -0.512765 -2.732968 0.000000
v -0.504268 -2.732968 -0.086274
v -0.479103 -2.732968 -0.169232
v -0.438237 -2.732968 -0.245687
v -0.383240 -2.732968 -0.312700
v -0.316227 -2.732968 -0.367696
v -0.239772 -2.732968 -0.408562
v -0.156814 -2.732968 -0.433727
v 0.007500 -2.732968 -0.392337
v 0.007500 -2.784345 -0.392337
v 0.082541 -2.732968 -0.369574
v 0.082541 -2.784345 -0.369574
v 0.151700 -2.732968 -0.332608
v 0.151700 -2.784345 -0.332608
v 0.212318 -2.732968 -0.282860
v 0.212318 -2.784345 -0.282860
v 0.262066 -2.732968 -0.222241
v 0.262066 -2.784345 -0.222241
v 0.299033 -2.732968 -0.153082
v 0.299033 -2.784345 -0.153082
v 0.321796 -2.732968 -0.078041
v 0.321796 -2.784345 -0.078041
v 0.329483 -2.732968 0.000000
v 0.329483 -2.784345 0.000000
v 0.321796 -2.732969 0.078041
v 0.321796 -2.784345 0.078041
v 0.299033 -2.732969 0.153082
v 0.299033 -2.784345 0.153082
v 0.262066 -2.732969 0.222241
v 0.262066 -2.784345 0.222241
v 0.212318 -2.732969 0.282860
v 0.212318 -2.784345 0.282860
v 0.151700 -2.732969 0.332608
v 0.151700 -2.784345 0.332608
v 0.082541 -2.732969 0.369574
v 0.082541 -2.784345 0.369574
v 0.007499 -2.732969 0.392338
v 0.007499 -2.784345 0.392338
v -0.070541 -2.732969 0.400024
v -0.070541 -2.784345 0.400024
v -0.148582 -2.732969 0.392338
v -0.148582 -2.784345 0.392337
v -0.223624 -2.732969 0.369574
v -0.223624 -2.784345 0.369574
v -0.292783 -2.732969 0.332608
v -0.292783 -2.784345 0.332608
v -0.353401 -2.732969 0.282859
v -0.353401 -2.784345 0.282859
v -0.403149 -2.732969 0.222241
v -0.403149 -2.784345 0.222241
v -0.440115 -2.732969 0.153082
v -0.440115 -2.784345 0.153082
v -0.462879 -2.732969 0.078040
v -0.462879 -2.784345 0.078040
v -0.470565 -2.732968 0.000000
v -0.470565 -2.784345 0.000000
v -0.462879 -2.732968 -0.078041
v -0.462879 -2.784345 -0.078041
v -0.440115 -2.732968 -0.153083
v -0.440115 -2.784345 -0.153083
v -0.403149 -2.732968 -0.222242
v -0.403149 -2.784345 -0.222242
v -0.353400 -2.732968 -0.282860
v -0.353400 -2.784345 -0.282860
v -0.292782 -2.732968 -0.332608
v -0.292782 -2.784345 -0.332608
v -0.223623 -2.732968 -0.369574
v -0.223623 -2.784345 -0.369574
v -0.148581 -2.732968 -0.392338
v -0.148581 -2.784345 -0.392338
v -0.070541 -2.784345 -0.400024
v -0.070541 -2.732968 -0.400024
v -0.070541 -2.586410 -0.385985
v 0.004761 -2.586410 -0.378568
v 0.077169 -2.586410 -0.356603
v 0.143900 -2.586410 -0.320934
v 0.202391 -2.586410 -0.272932
v 0.250393 -2.586410 -0.214441
v 0.286062 -2.586410 -0.147710
v 0.308027 -2.586410 -0.075302
v 0.315443 -2.586410 0.000000
v 0.308027 -2.586410 0.075302
v 0.286062 -2.586410 0.147710
v 0.250393 -2.586410 0.214442
v 0.202391 -2.586410 0.272932
v 0.143900 -2.586410 0.320935
v 0.077169 -2.586410 0.356603
v 0.004761 -2.586410 0.378568
v -0.070541 -2.586410 0.385985
v -0.145843 -2.586410 0.378568
v -0.218251 -2.586410 0.356603
v -0.284983 -2.586410 0.320934
v -0.343474 -2.586410 0.272932
v -0.391476 -2.586410 0.214441
v -0.427145 -2.586410 0.147710
v -0.449109 -2.586410 0.075302
v -0.456526 -2.586410 0.000000
v -0.449109 -2.586410 -0.075302
v -0.427144 -2.586410 -0.147710
v -0.391475 -2.586410 -0.214442
v -0.343473 -2.586410 -0.272933
v -0.284982 -2.586410 -0.320935
v -0.218251 -2.586410 -0.356603
v -0.145843 -2.586410 -0.378568
v 0.015732 -2.803779 -0.433727
v 0.098691 -2.803779 -0.408562
v 0.175145 -2.803779 -0.367696
v 0.242158 -2.803779 -0.312699
v 0.297155 -2.803779 -0.245686
v 0.338020 -2.803779 -0.169232
v 0.363185 -2.803780 -0.086274
v 0.371683 -2.803780 0.000000
v 0.363185 -2.803780 0.086274
v 0.338020 -2.803780 0.169232
v 0.297155 -2.803780 0.245686
v 0.242158 -2.803780 0.312700
v 0.175145 -2.803780 0.367696
v 0.098690 -2.803780 0.408562
v 0.015732 -2.803780 0.433727
v -0.070541 -2.803780 0.442224
v -0.156815 -2.803780 0.433727
v -0.239773 -2.803780 0.408562
v -0.316228 -2.803780 0.367696
v -0.383241 -2.803780 0.312699
v -0.438237 -2.803780 0.245686
v -0.479103 -2.803780 0.169231
v -0.504268 -2.803780 0.086273
v -0.512765 -2.803780 0.000000
v -0.504268 -2.803780 -0.086274
v -0.479103 -2.803779 -0.169232
v -0.438237 -2.803779 -0.245687
v -0.383240 -2.803779 -0.312700
v -0.316227 -2.803779 -0.367696
v -0.239772 -2.803779 -0.408562
v -0.156814 -2.803779 -0.433727
v -0.070541 -2.803779 -0.442224
v 0.007500 -2.773642 -0.392337
v 0.082541 -2.773642 -0.369574
v 0.151700 -2.773642 -0.332608
v 0.212318 -2.773642 -0.282860
v 0.262066 -2.773642 -0.222241
v 0.299033 -2.773642 -0.153082
v 0.321796 -2.773642 -0.078041
v 0.329483 -2.773642 0.000000
v 0.321796 -2.773642 0.078041
v 0.299033 -2.773642 0.153082
v 0.262066 -2.773642 0.222241
v 0.212318 -2.773642 0.282860
v 0.151700 -2.773642 0.332608
v 0.082541 -2.773642 0.369574
v 0.007499 -2.773642 0.392338
v -0.070541 -2.773642 0.400024
v -0.148582 -2.773642 0.392337
v -0.223624 -2.773642 0.369574
v -0.292783 -2.773642 0.332608
v -0.353401 -2.773642 0.282859
v -0.403149 -2.773642 0.222241
v -0.440115 -2.773642 0.153082
v -0.462879 -2.773642 0.078040
v -0.470565 -2.773642 0.000000
v -0.462879 -2.773642 -0.078041
v -0.440115 -2.773642 -0.153083
v -0.403149 -2.773642 -0.222242
v -0.353400 -2.773642 -0.282860
v -0.292782 -2.773642 -0.332608
v -0.223623 -2.773642 -0.369574
v -0.148581 -2.773642 -0.392338
v -0.070541 -2.773642 -0.400024
v -0.070541 -2.741103 -0.400024
v 0.007500 -2.741103 -0.392337
v 0.082541 -2.741103 -0.369574
v 0.151700 -2.741103 -0.332608
v 0.212318 -2.741103 -0.282860
v 0.262066 -2.741103 -0.222241
v 0.299033 -2.741103 -0.153082
v 0.321796 -2.741103 -0.078041
v 0.329483 -2.741103 0.000000
v 0.321796 -2.741103 0.078041
v 0.299033 -2.741103 0.153082
v 0.262066 -2.741103 0.222241
v 0.212318 -2.741103 0.282860
v 0.151700 -2.741103 0.332608
v 0.082541 -2.741103 0.369574
v 0.007499 -2.741103 0.392338
v -0.070541 -2.741103 0.400024
v -0.148582 -2.741103 0.392338
v -0.223624 -2.741103 0.369574
v -0.292783 -2.741103 0.332608
v -0.353401 -2.741103 0.282859
v -0.403149 -2.741103 0.222241
v -0.440115 -2.741103 0.153082
v -0.462879 -2.741103 0.078040
v -0.470565 -2.741103 0.000000
v -0.462879 -2.741103 -0.078041
v -0.440115 -2.741103 -0.153083
v -0.403149 -2.741103 -0.222242
v -0.353400 -2.741103 -0.282860
v -0.292782 -2.741103 -0.332608
v -0.223623 -2.741103 -0.369574
v -0.148581 -2.741103 -0.392338
v -0.070541 -2.715843 -0.442224
v 0.015732 -2.715843 -0.433727
v 0.098691 -2.715843 -0.408562
v 0.175145 -2.715843 -0.367696
v 0.242158 -2.715843 -0.312699
v 0.297155 -2.715843 -0.245686
v 0.338020 -2.715843 -0.169232
v 0.363185 -2.715843 -0.086274
v 0.371683 -2.715843 0.000000
v 0.363185 -2.715843 0.086274
v 0.338020 -2.715843 0.169232
v 0.297155 -2.715843 0.245686
v 0.242158 -2.715843 0.312700
v 0.175145 -2.715843 0.367696
v 0.098690 -2.715843 0.408562
v 0.015732 -2.715843 0.433727
v -0.070541 -2.715843 0.442224
v -0.156815 -2.715843 0.433727
v -0.239773 -2.715843 0.408562
v -0.316228 -2.715843 0.367696
v -0.383241 -2.715843 0.312699
v -0.438237 -2.715843 0.245686
v -0.479103 -2.715843 0.169231
v -0.504268 -2.715843 0.086273
v -0.512765 -2.715843 0.000000
v -0.504268 -2.715843 -0.086274
v -0.479103 -2.715843 -0.169232
v -0.438237 -2.715843 -0.245687
v -0.383240 -2.715843 -0.312700
v -0.316227 -2.715843 -0.367696
v -0.239772 -2.715843 -0.408562
v -0.156814 -2.715843 -0.433727
v -0.070541 -2.660184 -0.442224
v 0.015732 -2.660184 -0.433727
v 0.098691 -2.660184 -0.408561
v 0.175145 -2.660184 -0.367696
v 0.242158 -2.660184 -0.312699
v 0.297155 -2.660184 -0.245686
v 0.338020 -2.660185 -0.169232
v 0.363185 -2.660185 -0.086274
v 0.371683 -2.660185 0.000000
v 0.363185 -2.660185 0.086274
v 0.338020 -2.660185 0.169232
v 0.297155 -2.660185 0.245686
v 0.242158 -2.660185 0.312700
v 0.175145 -2.660185 0.367696
v 0.098690 -2.660185 0.408562
v 0.015732 -2.660185 0.433727
v -0.070541 -2.660185 0.442224
v -0.156815 -2.660185 0.433727
v -0.239773 -2.660185 0.408562
v -0.316228 -2.660185 0.367696
v -0.383241 -2.660185 0.312699
v -0.438237 -2.660185 0.245686
v -0.479103 -2.660185 0.169231
v -0.504268 -2.660185 0.086273
v -0.512765 -2.660185 0.000000
v -0.504268 -2.660185 -0.086274
v -0.479103 -2.660185 -0.169232
v -0.438237 -2.660184 -0.245687
v -0.383240 -2.660184 -0.312700
v -0.316227 -2.660184 -0.367696
v -0.239772 -2.660184 -0.408562
v -0.156814 -2.660184 -0.433727
v -0.463638 5.813353 0.155507
v -0.498288 5.810870 -0.249018
v -0.459013 5.745059 0.159151
v -0.499490 5.739146 -0.246933
v -0.457132 5.707798 0.160953
v -0.501838 5.689607 -0.245011
v -0.455837 5.669792 0.162298
v -0.504370 5.645576 -0.243113
v -0.454965 5.623954 0.163275
v -0.506938 5.595749 -0.240891
v -0.454535 5.573734 0.164221
v -0.509939 5.543837 -0.238542
v -0.454351 5.524670 0.164951
v -0.513025 5.494007 -0.237054
v -0.454013 5.479325 0.165427
v -0.515412 5.448325 -0.236452
v -0.453908 5.438812 0.164942
v -0.516867 5.407759 -0.236578
v -0.454246 5.403608 0.163867
v -0.518429 5.372788 -0.236371
v -0.454754 5.373698 0.162451
v -0.520058 5.343439 -0.235990
v -0.455135 5.348358 0.160845
v -0.521283 5.319210 -0.235545
v -0.455545 5.326569 0.159239
v -0.522651 5.297827 -0.236363
v -0.455912 5.305164 0.158933
v -0.524066 5.275216 -0.236959
v -0.456612 5.279028 0.158606
v -0.525760 5.247159 -0.237312
v -0.457644 5.246225 0.158210
v -0.527834 5.212810 -0.237351
v -0.459088 5.206862 0.157687
v -0.530258 5.172109 -0.236834
v -0.461034 5.161520 0.156779
v -0.532909 5.125480 -0.235577
v -0.463502 5.111688 0.155260
v -0.535570 5.073708 -0.233475
v -0.466445 5.059223 0.152989
v -0.537981 5.018170 -0.230554
v -0.469665 5.007604 0.149980
v -0.539897 4.961429 -0.226968
v -0.472695 4.963068 0.146612
v -0.541197 4.907647 -0.223109
v -0.474043 4.945197 0.145413
v -0.541689 4.861268 -0.219081
v -0.475594 4.926470 0.143491
v -0.542056 4.819256 -0.216524
v -0.481062 4.859260 0.135501
v -0.541865 4.749847 -0.209459
v -0.498311 4.569629 0.143692
v -0.540598 4.499661 -0.182613
v -0.498332 4.281494 0.157488
v -0.543078 4.244456 -0.175061
v -0.507109 3.983474 0.150084
v -0.553923 3.951629 -0.174878
v -0.498204 3.577866 0.150728
v -0.464819 3.561853 -0.171150
v -0.021503 3.509576 0.154351
v 0.008694 3.479298 -0.110492
v 0.368576 3.596721 0.218534
v 0.385652 3.581664 -0.165842
v 0.393766 3.937237 0.326227
v 0.367084 3.929737 -0.175386
v 0.389264 4.263579 0.398739
v 0.349394 4.252622 -0.140295
v 0.384234 4.461008 0.432410
v 0.341476 4.467164 -0.138116
v 0.381768 4.674199 0.448476
v 0.358370 4.690038 -0.147277
v 0.389931 4.985240 0.444270
v 0.395039 5.005413 -0.172469
v 0.405465 5.308383 0.408221
v 0.418608 5.329679 -0.229013
v 0.412389 5.562941 0.359943
v 0.468310 5.573988 -0.286662
v 0.417622 5.858362 0.299762
v 0.501630 5.864204 -0.322101
v 0.432170 6.192090 0.246509
v 0.488539 6.194448 -0.334898
v 0.444709 6.506357 0.202808
v 0.492525 6.507981 -0.328287
v 0.446566 6.789872 0.173952
v 0.491222 6.797090 -0.308330
v 0.285674 7.084249 0.133770
v 0.292012 7.083118 -0.296104
v -0.146113 7.169516 0.094708
v -0.159108 7.138642 -0.315293
v -0.488407 6.891999 0.088076
v -0.484908 6.847885 -0.320378
v -0.562183 6.558819 0.101456
v -0.538115 6.521390 -0.306114
v -0.527085 6.292683 0.120610
v -0.504918 6.268145 -0.277920
v -0.486277 6.044546 0.144581
v -0.494377 6.031794 -0.257976
v -0.466517 5.850774 0.154704
v -0.489513 5.848637 -0.250353
v -0.458010 5.767575 0.159114
v -0.493942 5.762512 -0.247263
v -0.453938 5.698433 0.163228
v -0.505787 5.681108 -0.243084
v -0.453499 5.640313 0.163652
v -0.504833 5.611791 -0.240935
v -0.453389 5.587055 0.166517
v -0.508915 5.550278 -0.238083
v -0.455594 5.542496 0.168669
v -0.513482 5.513943 -0.236289
v -0.452715 5.504420 0.168428
v -0.524475 5.479438 -0.234524
v -0.441675 5.471797 0.168105
v -0.495173 5.444349 -0.237454
v -0.446504 5.447563 0.169550
v -0.498930 5.416285 -0.235850
v -0.467510 5.420642 0.171161
v -0.525288 5.394302 -0.233783
v -0.456749 5.395894 0.166444
v -0.515845 5.370814 -0.236664
v -0.445219 5.385860 0.160104
v -0.524430 5.350118 -0.236231
v -0.433719 5.380270 0.152276
v -0.528940 5.341389 -0.240873
v -0.429001 5.361419 0.147044
v -0.517128 5.332626 -0.249800
v -0.429083 5.336691 0.146435
v -0.522711 5.306649 -0.250532
v -0.429272 5.305269 0.148419
v -0.526019 5.273808 -0.248383
v -0.431554 5.267067 0.147686
v -0.528625 5.234518 -0.243302
v -0.435306 5.222949 0.146733
v -0.530338 5.188532 -0.240624
v -0.439707 5.173116 0.147067
v -0.531469 5.136497 -0.239365
v -0.444247 5.118905 0.150256
v -0.533992 5.078988 -0.236844
v -0.450148 5.062023 0.154165
v -0.537609 5.016073 -0.232131
v -0.459269 5.004495 0.153288
v -0.540267 4.945486 -0.225861
v -0.471431 4.948711 0.145981
v -0.541696 4.865946 -0.220080
v -0.477945 4.891219 0.142360
v -0.541850 4.782694 -0.212231
v -0.482973 4.819836 0.145075
v -0.542033 4.708359 -0.207028
v -0.494537 4.589859 0.156682
v -0.541708 4.518734 -0.190515
v -0.505319 4.343252 0.163954
v -0.543624 4.305971 -0.184569
v -0.511936 4.052745 0.130723
v -0.535223 4.021133 -0.168281
v -0.556714 3.625815 0.158196
v -0.527672 3.591497 -0.192726
v -0.115337 3.473979 0.138198
v -0.085800 3.520809 -0.138814
v 0.282467 3.578911 0.206886
v 0.306377 3.538246 -0.168701
v 0.423100 3.830464 0.310144
v 0.367434 3.825493 -0.181331
v 0.377661 4.167327 0.394391
v 0.332891 4.156317 -0.148293
v 0.380965 4.473291 0.443412
v 0.334228 4.476861 -0.133276
v 0.412168 4.760337 0.476961
v 0.393586 4.777778 -0.123140
v 0.402584 5.059622 0.491020
v 0.458960 5.070569 -0.150404
v 0.322409 5.334885 0.423522
v 0.334127 5.358013 -0.233652
v 0.478952 5.532332 0.355507
v 0.465189 5.542397 -0.293969
v 0.456326 5.780532 0.297525
v 0.551134 5.778084 -0.324635
v 0.403131 6.102889 0.239150
v 0.520176 6.107969 -0.343106
v 0.451595 6.470550 0.204092
v 0.495510 6.473571 -0.336373
v 0.436791 6.830252 0.172046
v 0.479920 6.837896 -0.306836
v 0.248895 7.106215 0.129336
v 0.253712 7.101861 -0.299275
v -0.159950 7.163937 0.094239
v -0.172070 7.132510 -0.315439
v -0.492251 6.884455 0.088789
v -0.489071 6.840206 -0.319789
v -0.563086 6.550436 0.102401
v -0.539334 6.513226 -0.304877
v -0.527428 6.293935 0.121123
v -0.507881 6.269074 -0.278649
v -0.493381 6.067775 0.142745
v -0.497306 6.055758 -0.258607
v -0.060992 -5.597343 -0.753012
v -0.219206 -5.597343 -0.737430
v -0.371340 -5.597343 -0.691280
v -0.511547 -5.597343 -0.616339
v -0.634440 -5.597343 -0.515483
v -0.735295 -5.597343 -0.392590
v -0.810238 -5.597343 -0.252382
v -0.856387 -5.597343 -0.100249
v -0.871970 -5.597344 0.057965
v -0.856387 -5.597344 0.216178
v -0.810238 -5.597344 0.368312
v -0.735295 -5.597344 0.508520
v -0.634440 -5.597344 0.631414
v -0.511547 -5.597344 0.732269
v -0.371340 -5.597344 0.807211
v -0.219206 -5.597344 0.853360
v -0.060992 -5.597344 0.868943
v 0.097222 -5.597344 0.853360
v 0.249356 -5.597344 0.807211
v 0.389563 -5.597344 0.732267
v 0.512456 -5.597344 0.631412
v 0.613311 -5.597344 0.508520
v 0.688254 -5.597344 0.368312
v 0.734403 -5.597344 0.216178
v 0.749985 -5.597344 0.057964
v 0.734402 -5.597343 -0.100249
v 0.688253 -5.597343 -0.252384
v 0.613310 -5.597343 -0.392590
v 0.512455 -5.597343 -0.515483
v 0.389562 -5.597343 -0.616339
v 0.249354 -5.597343 -0.691280
v 0.097220 -5.597343 -0.737430
v -0.219206 -5.694834 -0.737430
v -0.060992 -5.694834 -0.753012
v -0.371340 -5.694834 -0.691280
v -0.511547 -5.694834 -0.616339
v -0.634440 -5.694834 -0.515483
v -0.735295 -5.694834 -0.392590
v -0.810238 -5.694834 -0.252382
v -0.856387 -5.694834 -0.100249
v -0.871970 -5.694834 0.057965
v -0.856387 -5.694834 0.216178
v -0.810238 -5.694834 0.368312
v -0.735295 -5.694835 0.508520
v -0.634440 -5.694835 0.631414
v -0.511547 -5.694835 0.732269
v -0.371340 -5.694835 0.807211
v -0.219206 -5.694835 0.853360
v -0.060992 -5.694835 0.868943
v 0.097222 -5.694835 0.853360
v 0.249356 -5.694835 0.807211
v 0.389563 -5.694835 0.732267
v 0.512456 -5.694835 0.631412
v 0.613311 -5.694835 0.508520
v 0.688254 -5.694834 0.368312
v 0.734403 -5.694834 0.216178
v 0.749985 -5.694834 0.057964
v 0.734402 -5.694834 -0.100249
v 0.688253 -5.694834 -0.252384
v 0.613310 -5.694834 -0.392590
v 0.512455 -5.694834 -0.515483
v 0.389562 -5.694834 -0.616339
v 0.249354 -5.694834 -0.691280
v 0.097220 -5.694834 -0.737430
v -0.210792 -5.694834 -0.695129
v -0.060992 -5.694834 -0.709882
v -0.354835 -5.694834 -0.651434
v -0.487586 -5.694834 -0.580478
v -0.603942 -5.694834 -0.484986
v -0.699434 -5.694834 -0.368628
v -0.770391 -5.694834 -0.235877
v -0.814086 -5.694834 -0.091836
v -0.828840 -5.694834 0.057965
v -0.814086 -5.694834 0.207764
v -0.770391 -5.694834 0.351808
v -0.699434 -5.694834 0.484558
v -0.603942 -5.694835 0.600917
v -0.487585 -5.694835 0.696408
v -0.354835 -5.694835 0.767365
v -0.210792 -5.694835 0.811059
v -0.060992 -5.694835 0.825812
v 0.088808 -5.694835 0.811059
v 0.232851 -5.694835 0.767365
v 0.365601 -5.694835 0.696407
v 0.481958 -5.694835 0.600915
v 0.577450 -5.694834 0.484558
v 0.648407 -5.694834 0.351808
v 0.692102 -5.694834 0.207764
v 0.706855 -5.694834 0.057964
v 0.692101 -5.694834 -0.091836
v 0.648406 -5.694834 -0.235879
v 0.577449 -5.694834 -0.368628
v 0.481957 -5.694834 -0.484986
v 0.365600 -5.694834 -0.580478
v 0.232849 -5.694834 -0.651434
v 0.088806 -5.694834 -0.695129
v -0.060992 -5.670127 0.868943
v -0.219206 -5.670127 0.853360
v 0.734402 -5.670126 -0.100249
v 0.749985 -5.670126 0.057964
v -0.810238 -5.670126 0.368312
v -0.856387 -5.670126 0.216178
v -0.219206 -5.670126 -0.737430
v -0.060992 -5.670126 -0.753012
v 0.389563 -5.670126 0.732267
v 0.249356 -5.670127 0.807211
v 0.389562 -5.670126 -0.616339
v 0.512455 -5.670126 -0.515483
v 0.512456 -5.670126 0.631412
v -0.735295 -5.670126 -0.392590
v -0.634440 -5.670126 -0.515483
v 0.734403 -5.670126 0.216178
v 0.688254 -5.670126 0.368312
v -0.371340 -5.670127 0.807211
v -0.511547 -5.670126 0.732269
v 0.613310 -5.670126 -0.392590
v 0.688253 -5.670126 -0.252384
v 0.097222 -5.670127 0.853360
v -0.871970 -5.670126 0.057965
v -0.511547 -5.670126 -0.616339
v -0.371340 -5.670126 -0.691280
v 0.097220 -5.670126 -0.737430
v 0.249354 -5.670126 -0.691280
v 0.613311 -5.670126 0.508520
v -0.634440 -5.670126 0.631414
v -0.856387 -5.670126 -0.100249
v -0.810238 -5.670126 -0.252382
v -0.735295 -5.670126 0.508520
v -0.076183 3.672041 -0.402754
v -0.154756 3.672041 -0.395015
v -0.230310 3.672041 -0.372096
v -0.299941 3.672041 -0.334878
v -0.360973 3.672040 -0.284790
v -0.411060 3.672040 -0.223758
v -0.448279 3.672040 -0.154127
v -0.471198 3.672040 -0.078573
v 0.318832 3.672040 -0.078574
v 0.295913 3.672040 -0.154128
v 0.258695 3.672040 -0.223759
v 0.208607 3.672040 -0.284790
v 0.147575 3.672041 -0.334878
v 0.077944 3.672041 -0.372096
v 0.002390 3.672041 -0.395015
v -0.141339 3.593259 -0.327561
v -0.076183 3.593259 -0.333978
v -0.203991 3.593259 -0.308556
v -0.261731 3.593258 -0.277693
v -0.312341 3.593258 -0.236158
v -0.353876 3.593258 -0.185549
v -0.384739 3.593258 -0.127808
v -0.403744 3.593258 -0.065156
v 0.251378 3.593258 -0.065156
v 0.232373 3.593258 -0.127808
v 0.201510 3.593258 -0.185549
v 0.159975 3.593258 -0.236159
v 0.109365 3.593258 -0.277693
v 0.051625 3.593259 -0.308556
v -0.011027 3.593259 -0.327561
v -0.150393 3.383000 -0.417038
v -0.067439 3.383000 -0.425208
v -0.230159 3.383000 -0.392841
v -0.303672 3.383000 -0.353547
v -0.368107 3.382325 -0.300667
v -0.420987 3.382325 -0.236233
v -0.460280 3.382325 -0.162720
v -0.484477 3.382325 -0.082954
v 0.349598 3.382325 -0.082954
v 0.325401 3.382325 -0.162721
v 0.286108 3.382325 -0.236233
v 0.233228 3.382325 -0.300668
v 0.168793 3.383000 -0.353548
v 0.095280 3.383000 -0.392841
v 0.015514 3.383000 -0.417038
v -0.150393 2.421009 -0.417038
v -0.067439 2.324458 -0.425208
v -0.230159 2.648711 -0.392841
v -0.303672 2.895298 -0.353548
v -0.368107 3.047911 -0.300668
v -0.420987 3.071009 -0.236233
v -0.460280 3.071008 -0.162720
v -0.484477 3.071008 -0.082954
v 0.349598 3.071008 -0.082955
v 0.325401 3.071008 -0.162721
v 0.286108 3.071009 -0.236233
v 0.233228 3.047911 -0.300668
v 0.168793 2.895297 -0.353548
v 0.095280 2.648709 -0.392841
v 0.015514 2.421008 -0.417038
v -0.150997 3.672041 -0.376115
v -0.076183 3.672041 -0.383484
v -0.222936 3.672041 -0.354293
v -0.289235 3.672041 -0.318855
v -0.347347 3.672040 -0.271164
v -0.395038 3.672040 -0.213052
v -0.430475 3.672040 -0.146753
v -0.452298 3.672040 -0.074814
v 0.299932 3.672040 -0.074814
v 0.278110 3.672040 -0.146753
v 0.242672 3.672040 -0.213053
v 0.194981 3.672040 -0.271164
v 0.136869 3.672041 -0.318855
v 0.070570 3.672041 -0.354293
v -0.001369 3.672041 -0.376115
v -0.076183 3.604586 -0.343867
v -0.009098 3.604586 -0.337260
v -0.413442 3.604585 -0.067085
v 0.209732 3.604585 -0.191043
v 0.241509 3.604585 -0.131592
v -0.267225 3.604586 -0.285915
v -0.207775 3.604586 -0.317691
v 0.055409 3.604586 -0.317692
v -0.393874 3.604585 -0.131592
v 0.261077 3.604585 -0.067085
v -0.143268 3.604586 -0.337259
v 0.114859 3.604586 -0.285915
v 0.166967 3.604586 -0.243151
v -0.362098 3.604585 -0.191042
v -0.319333 3.604586 -0.243151
v 0.058718 3.559096 -0.322250
v 0.119021 3.559096 -0.290018
v 0.171877 3.558987 -0.246640
v -0.321402 3.558987 -0.246640
v -0.268546 3.559096 -0.290018
v -0.074762 3.559096 -0.348801
v -0.006715 3.559096 -0.342099
v -0.208243 3.559096 -0.322250
v -0.142810 3.559096 -0.342099
v 0.089165 3.412453 -0.381034
v -0.449698 3.411873 -0.157830
v 0.222966 3.411873 -0.291631
v -0.360295 3.411873 -0.291631
v -0.068664 3.412453 -0.412428
v 0.335839 3.411873 -0.080461
v -0.149125 3.412453 -0.404504
v 0.160468 3.412453 -0.342922
v -0.411586 3.411873 -0.229133
v 0.274257 3.411873 -0.229133
v -0.297797 3.412453 -0.342922
v 0.011796 3.412453 -0.404504
v -0.473168 3.411873 -0.080461
v 0.312370 3.411873 -0.157830
v -0.226494 3.412453 -0.381034
v -0.484477 3.343647 -0.082954
v 0.286108 3.343647 -0.236233
v 0.325401 3.343647 -0.162721
v -0.303672 3.322407 -0.353548
v -0.230159 3.291770 -0.392841
v 0.015514 3.263480 -0.417038
v 0.095280 3.291770 -0.392841
v -0.460280 3.343647 -0.162720
v 0.349598 3.343647 -0.082954
v -0.150393 3.263480 -0.417038
v -0.067439 3.251484 -0.425208
v 0.168793 3.322407 -0.353548
v 0.233228 3.340777 -0.300668
v -0.420987 3.343647 -0.236233
v -0.368107 3.340777 -0.300667
v -0.076183 3.672040 0.402754
v -0.154756 3.672040 0.395015
v -0.230310 3.672040 0.372096
v -0.299941 3.672040 0.334878
v -0.360973 3.672040 0.284790
v -0.411060 3.672040 0.223758
v -0.448279 3.672040 0.154127
v -0.471198 3.672040 0.078573
v -0.478937 3.672040 0.000000
v 0.326571 3.672040 0.000000
v 0.318832 3.672040 0.078574
v 0.295913 3.672040 0.154128
v 0.258695 3.672040 0.223759
v 0.208607 3.672040 0.284790
v 0.147575 3.672040 0.334878
v 0.077944 3.672040 0.372096
v 0.002390 3.672040 0.395015
v -0.141339 3.593258 0.327561
v -0.076183 3.593258 0.333978
v -0.203991 3.593258 0.308556
v -0.261731 3.593258 0.277693
v -0.312341 3.593258 0.236158
v -0.353876 3.593258 0.185548
v -0.384739 3.593258 0.127808
v -0.403744 3.593258 0.065156
v -0.410161 3.593258 0.000000
v 0.257796 3.593258 0.000000
v 0.251378 3.593258 0.065156
v 0.232373 3.593258 0.127808
v 0.201510 3.593258 0.185549
v 0.159975 3.593258 0.236159
v 0.109365 3.593258 0.277693
v 0.051625 3.593258 0.308556
v -0.011027 3.593258 0.327561
v -0.150393 3.383000 0.417037
v -0.067439 3.383000 0.425208
v -0.230159 3.383000 0.392841
v -0.303672 3.383000 0.353547
v -0.368107 3.382325 0.300667
v -0.420987 3.382325 0.236233
v -0.460280 3.382325 0.162720
v -0.484477 3.382325 0.082954
v -0.492647 3.382325 0.000000
v 0.357769 3.382325 0.000000
v 0.349598 3.382325 0.082954
v 0.325401 3.382325 0.162720
v 0.286108 3.382325 0.236233
v 0.233228 3.382325 0.300668
v 0.168793 3.383000 0.353548
v 0.095280 3.383000 0.392841
v 0.015514 3.383000 0.417038
v -0.150393 2.421009 0.417037
v -0.067439 2.324458 0.425207
v -0.230159 2.648711 0.392840
v -0.303672 2.895298 0.353547
v -0.368107 3.047911 0.300667
v -0.420987 3.071008 0.236233
v -0.460280 3.071008 0.162720
v -0.484477 3.071008 0.082954
v -0.492647 3.071008 0.000000
v 0.357769 3.071008 0.000000
v 0.349598 3.071008 0.082954
v 0.325401 3.071008 0.162720
v 0.286108 3.071008 0.236233
v 0.233228 3.047910 0.300667
v 0.168793 2.895297 0.353547
v 0.095280 2.648709 0.392841
v 0.015514 2.421007 0.417037
v -0.150997 3.672040 0.376115
v -0.076183 3.672040 0.383484
v -0.222936 3.672040 0.354293
v -0.289235 3.672040 0.318855
v -0.347347 3.672040 0.271164
v -0.395038 3.672040 0.213052
v -0.430475 3.672040 0.146753
v -0.452298 3.672040 0.074814
v -0.459666 3.672040 0.000000
v 0.307301 3.672040 0.000000
v 0.299932 3.672040 0.074814
v 0.278110 3.672040 0.146753
v 0.242672 3.672040 0.213053
v 0.194981 3.672040 0.271164
v 0.136869 3.672040 0.318855
v 0.070570 3.672040 0.354293
v -0.001369 3.672040 0.376115
v -0.076183 3.604585 0.343867
v -0.009098 3.604585 0.337260
v -0.420050 3.604585 0.000000
v -0.413442 3.604585 0.067085
v 0.209732 3.604585 0.191042
v 0.241509 3.604585 0.131592
v -0.267225 3.604585 0.285915
v -0.207775 3.604585 0.317691
v 0.055409 3.604585 0.317692
v -0.393874 3.604585 0.131592
v 0.261077 3.604585 0.067085
v 0.267684 3.604585 0.000000
v -0.143268 3.604585 0.337259
v 0.114859 3.604585 0.285915
v 0.166967 3.604585 0.243151
v -0.362098 3.604585 0.191042
v -0.319333 3.604585 0.243151
v 0.058718 3.559096 0.322250
v 0.119021 3.559096 0.290018
v 0.171877 3.558987 0.246640
v -0.321402 3.558987 0.246640
v -0.268546 3.559096 0.290017
v -0.074762 3.559096 0.348801
v -0.006715 3.559096 0.342099
v -0.208243 3.559096 0.322250
v -0.142810 3.559096 0.342099
v 0.089165 3.412453 0.381034
v -0.449698 3.411873 0.157829
v 0.343764 3.411873 0.000000
v 0.222966 3.411873 0.291631
v -0.360295 3.411873 0.291631
v -0.068664 3.412453 0.412428
v 0.335839 3.411873 0.080461
v -0.149125 3.412453 0.404503
v 0.160468 3.412453 0.342922
v -0.411586 3.411873 0.229133
v -0.481093 3.411873 0.000000
v 0.274257 3.411873 0.229133
v -0.297797 3.412453 0.342922
v 0.011796 3.412453 0.404504
v -0.473168 3.411873 0.080461
v 0.312370 3.411873 0.157830
v -0.226494 3.412453 0.381034
v -0.492647 3.343647 0.000000
v -0.484477 3.343647 0.082954
v 0.286108 3.343647 0.236233
v 0.325401 3.343647 0.162720
v -0.303672 3.322407 0.353547
v -0.230159 3.291770 0.392841
v 0.015514 3.263479 0.417037
v 0.095280 3.291770 0.392841
v -0.460280 3.343647 0.162720
v 0.349598 3.343647 0.082954
v 0.357769 3.343647 0.000000
v -0.150393 3.263480 0.417037
v -0.067439 3.251484 0.425208
v 0.168793 3.322406 0.353548
v 0.233228 3.340777 0.300668
v -0.420987 3.343647 0.236233
v -0.368107 3.340777 0.300667
v -0.145609 2.421009 -0.379483
v -0.067439 2.324458 -0.387349
v -0.218321 2.648711 -0.356882
v -0.284727 2.895298 -0.320770
v -0.342184 3.047911 -0.273077
v -0.389654 3.071008 -0.214986
v -0.425304 3.071008 -0.148233
v -0.447346 3.071008 -0.075569
v 0.312467 3.071008 -0.075569
v 0.290425 3.071008 -0.148233
v 0.254775 3.071008 -0.214987
v 0.207305 3.047911 -0.273077
v 0.149848 2.895297 -0.320771
v 0.083442 2.648709 -0.356882
v 0.010729 2.421008 -0.379483
v -0.150997 3.628025 -0.376115
v -0.076183 3.628024 -0.383484
v -0.222936 3.628025 -0.354293
v -0.289235 3.628024 -0.318855
v -0.347347 3.628025 -0.271164
v -0.395038 3.628024 -0.213052
v -0.430475 3.628024 -0.146753
v -0.452298 3.628024 -0.074814
v 0.299932 3.628024 -0.074814
v 0.278110 3.628024 -0.146753
v 0.242672 3.628024 -0.213053
v 0.194981 3.628025 -0.271164
v 0.136869 3.628024 -0.318855
v 0.070570 3.628024 -0.354293
v -0.001369 3.628025 -0.376115
v -0.145609 2.421009 0.379482
v -0.067439 2.324458 0.387348
v -0.218321 2.648711 0.356881
v -0.284727 2.895298 0.320770
v -0.342184 3.047911 0.273076
v -0.389654 3.071008 0.214986
v -0.425304 3.071008 0.148232
v -0.447346 3.071008 0.075568
v -0.454790 3.071008 0.000000
v 0.319911 3.071008 0.000000
v 0.312467 3.071008 0.075569
v 0.290425 3.071008 0.148233
v 0.254775 3.071008 0.214986
v 0.207305 3.047910 0.273077
v 0.149848 2.895297 0.320770
v 0.083442 2.648709 0.356881
v 0.010729 2.421007 0.379482
v -0.150997 3.628024 0.376115
v -0.076183 3.628024 0.383484
v -0.222936 3.628025 0.354293
v -0.289235 3.628024 0.318855
v -0.347347 3.628025 0.271164
v -0.395038 3.628024 0.213052
v -0.430475 3.628024 0.146753
v -0.452298 3.628024 0.074814
v -0.459666 3.628025 0.000000
v 0.307301 3.628024 0.000000
v 0.299932 3.628024 0.074814
v 0.278110 3.628024 0.146753
v 0.242672 3.628024 0.213053
v 0.194981 3.628025 0.271164
v 0.136869 3.628024 0.318855
v 0.070570 3.628024 0.354293
v -0.001369 3.628025 0.376115
v 0.242542 3.570201 -0.131625
v 0.199606 3.570201 -0.204677
v 0.210757 3.570201 -0.191089
v -0.350060 3.570201 -0.204677
v -0.361212 3.570201 -0.191089
v -0.392996 3.570201 -0.131624
v -0.392996 3.570201 0.131624
v -0.412569 3.570201 -0.067102
v -0.419178 3.570201 0.000000
v -0.412569 3.570201 0.067101
v 0.232906 3.483344 -0.227419
v -0.376159 3.483344 -0.227419
v 0.236765 3.481061 -0.224381
v -0.379829 3.481061 -0.224381
v 0.262115 3.570201 -0.067102
v 0.268724 3.570201 0.000000
v 0.262115 3.570201 0.067102
v 0.242542 3.570201 0.131625
v 0.210757 3.570201 0.191089
v 0.199606 3.570201 0.204678
v -0.361212 3.570201 0.191089
v -0.350060 3.570201 0.204678
v 0.244619 3.479383 -0.216034
v -0.387544 3.479383 -0.216034
v 0.236764 3.481061 0.224381
v -0.379829 3.481061 0.224381
v 0.183677 3.565629 0.227419
v 0.187651 3.558987 0.227419
v -0.333752 3.565629 0.227419
v -0.337175 3.558987 0.227419
v 0.190652 3.569590 -0.216034
v -0.341055 3.569590 -0.216034
v -0.390159 3.479217 -0.212951
v 0.183677 3.565630 -0.227419
v -0.333752 3.565630 -0.227419
v 0.232905 3.483344 0.227419
v -0.376159 3.483344 0.227419
v 0.184805 3.567912 -0.224381
v -0.335069 3.567912 -0.224381
v 0.282865 3.478772 -0.146757
v 0.304688 3.478772 -0.074816
v 0.312057 3.478772 0.000000
v 0.304688 3.478772 0.074816
v 0.251906 3.478772 -0.204678
v -0.394781 3.478772 -0.204678
v 0.247248 3.479217 -0.212952
v 0.190651 3.569590 0.216034
v -0.341055 3.569590 0.216034
v 0.282865 3.478772 0.146757
v 0.251906 3.478772 0.204677
v -0.425740 3.478772 -0.146757
v -0.425740 3.478772 0.146757
v -0.394780 3.478772 0.204677
v -0.447563 3.478772 -0.074816
v -0.454931 3.478772 0.000000
v -0.447563 3.478772 0.074816
v 0.184804 3.567912 0.224381
v -0.335069 3.567912 0.224381
v 0.187651 3.558987 -0.227419
v -0.337175 3.558987 -0.227419
v -0.390159 3.479217 0.212951
v 0.247248 3.479217 0.212951
v 0.244619 3.479383 0.216034
v -0.387544 3.479383 0.216034
v -0.541673 3.565629 0.227419
v -0.541673 3.570201 0.204678
v -0.595418 3.565629 0.204678
v -0.541673 3.567912 0.224381
v -0.568510 3.565629 0.224381
v -0.567374 3.567816 0.221430
v -0.568510 3.569590 0.204678
v -0.541673 3.569590 0.216034
v -0.567374 3.568997 0.215553
v -0.588238 3.565629 0.216034
v -0.588238 3.567912 0.204678
v -0.581263 3.567816 0.215553
v -0.541673 3.570201 -0.204678
v -0.541673 3.565629 -0.227419
v -0.595418 3.565629 -0.204678
v -0.541673 3.569590 -0.216034
v -0.568510 3.569590 -0.204678
v -0.567374 3.568997 -0.215553
v -0.568510 3.565629 -0.224381
v -0.541673 3.567912 -0.224381
v -0.567374 3.567816 -0.221430
v -0.588238 3.567912 -0.204678
v -0.588238 3.565629 -0.216034
v -0.581263 3.567816 -0.215553
v -0.541673 3.483344 0.227419
v -0.595418 3.483344 0.204678
v -0.541673 3.478772 0.204678
v -0.568510 3.483344 0.224381
v -0.541673 3.481061 0.224381
v -0.567374 3.481158 0.221430
v -0.588238 3.481061 0.204678
v -0.588238 3.483344 0.216034
v -0.581263 3.481158 0.215553
v -0.541673 3.479383 0.216034
v -0.568510 3.479383 0.204678
v -0.567374 3.479976 0.215553
v -0.541673 3.483344 -0.227419
v -0.541673 3.478772 -0.204678
v -0.595418 3.483344 -0.204678
v -0.541673 3.481061 -0.224381
v -0.568510 3.483344 -0.224381
v -0.567374 3.481158 -0.221430
v -0.568510 3.479383 -0.204678
v -0.541673 3.479383 -0.216034
v -0.567374 3.479976 -0.215553
v -0.588238 3.483344 -0.216034
v -0.588238 3.481061 -0.204678
v -0.581263 3.481158 -0.215553
v 0.425738 3.565629 0.227419
v 0.479483 3.565629 0.204678
v 0.425738 3.570201 0.204678
v 0.452575 3.565629 0.224381
v 0.425738 3.567912 0.224381
v 0.451440 3.567816 0.221430
v 0.472303 3.567912 0.204678
v 0.472303 3.565629 0.216034
v 0.465328 3.567816 0.215553
v 0.425738 3.569590 0.216034
v 0.452575 3.569590 0.204678
v 0.451440 3.568997 0.215553
v 0.425738 3.565629 -0.227419
v 0.425738 3.570201 -0.204678
v 0.479483 3.565629 -0.204678
v 0.425738 3.567912 -0.224381
v 0.452575 3.565629 -0.224381
v 0.451440 3.567816 -0.221430
v 0.452575 3.569590 -0.204678
v 0.425738 3.569590 -0.216034
v 0.451440 3.568997 -0.215553
v 0.472303 3.565629 -0.216034
v 0.472303 3.567912 -0.204678
v 0.465328 3.567816 -0.215553
v 0.425738 3.483344 0.227419
v 0.425738 3.478772 0.204678
v 0.479483 3.483344 0.204678
v 0.425738 3.481061 0.224381
v 0.452575 3.483344 0.224381
v 0.451440 3.481158 0.221430
v 0.452575 3.479383 0.204678
v 0.425738 3.479383 0.216034
v 0.451440 3.479976 0.215553
v 0.472303 3.483344 0.216034
v 0.472303 3.481061 0.204678
v 0.465328 3.481158 0.215553
v 0.425738 3.483344 -0.227419
v 0.479483 3.483344 -0.204678
v 0.425738 3.478772 -0.204678
v 0.452575 3.483344 -0.224381
v 0.425738 3.481061 -0.224381
v 0.451440 3.481158 -0.221430
v 0.472303 3.481061 -0.204678
v 0.472303 3.483344 -0.216034
v 0.465328 3.481158 -0.215553
v 0.425738 3.479383 -0.216034
v 0.452575 3.479383 -0.204678
v 0.451440 3.479976 -0.215553
v 1.729598 -5.556684 0.854460
v 1.730307 -5.175839 1.234104
v 1.729807 -5.176476 -1.126814
v 1.729598 -5.556684 -0.746966
v 1.730307 -3.576194 1.234104
v 1.713235 -3.188637 0.875354
v 1.713235 -3.188637 -0.767859
v 1.729807 -3.575556 -1.126813
v 2.183908 -5.370353 0.716736
v 2.183199 -5.038542 1.048357
v 2.183698 -5.038876 -0.940657
v 2.183908 -5.370353 -0.609241
v 2.183199 -3.713491 1.048357
v 2.200271 -3.388391 0.727709
v 2.200271 -3.388391 -0.620214
v 2.183698 -3.713156 -0.940657
v 1.729437 -5.586729 -0.765507
v 1.729437 -5.586729 0.873001
v 2.212787 -5.388486 -0.618979
v 2.212787 -5.388487 0.726473
v 1.730146 -5.194380 1.264148
v 1.730146 -3.557652 1.264148
v 2.212079 -5.048279 1.066490
v 2.212079 -3.703754 1.066490
v 1.729646 -3.557014 -1.156858
v 1.729646 -5.195018 -1.156858
v 2.212578 -3.703418 -0.958791
v 2.212578 -5.048614 -0.958791
v 1.713074 -3.158592 0.893895
v 1.713074 -3.158592 -0.786400
v 2.229150 -3.370257 0.737446
v 2.229150 -3.370257 -0.629951
v 0.597102 -3.348790 1.397381
v 0.764089 -3.348790 1.397381
v 0.764089 -3.348790 -1.289886
v 0.597102 -3.348790 -1.289886
v 1.651767 -3.562393 -1.188799
v 1.729646 -3.650487 -1.156858
v 2.212578 -3.780182 -0.958791
v 1.729807 -3.666913 -1.126813
v 2.183698 -3.788808 -0.940657
v 1.651767 -3.487932 -1.278676
v 0.764233 -3.457149 -1.228490
v 0.764089 -3.537058 -1.289886
v 0.597102 -3.713141 -1.289886
v 0.597102 -3.614947 -1.289886
v 1.651767 -3.477770 -1.275285
v 0.597160 -3.636105 -1.228490
v 0.764089 -3.436825 -1.289886
v 0.763878 -3.522115 -1.228490
v 0.597045 -3.684769 -1.228490
v 1.651767 -3.573098 1.296294
v 1.730146 -3.660591 1.264148
v 2.212079 -3.788315 1.066490
v 1.730307 -3.676800 1.234104
v 2.183199 -3.796828 1.048357
v 1.651767 -3.509978 1.398656
v 0.764089 -3.521408 1.397381
v 0.764089 -3.494145 1.397381
v 0.597102 -3.660819 1.397381
v 0.597102 -3.633556 1.397381
v 1.651767 -3.514272 1.387330
v 0.603842 -3.646993 1.391545
v 0.590362 -3.647382 1.391545
v 0.770829 -3.507582 1.391545
v 0.757349 -3.507971 1.391545
v -1.665765 -5.556684 0.854460
v -1.666474 -5.175839 1.234104
v -1.665974 -5.176476 -1.126814
v -1.665765 -5.556684 -0.746966
v -1.666474 -3.576194 1.234104
v -1.649402 -3.188637 0.875354
v -1.649402 -3.188637 -0.767859
v -1.665974 -3.575556 -1.126813
v -2.120075 -5.370353 0.716736
v -2.119366 -5.038542 1.048357
v -2.119865 -5.038876 -0.940657
v -2.120075 -5.370353 -0.609241
v -2.119366 -3.713491 1.048357
v -2.136437 -3.388391 0.727709
v -2.136437 -3.388391 -0.620214
v -2.119865 -3.713156 -0.940657
v -1.665604 -5.586729 -0.765507
v -1.665604 -5.586729 0.873001
v -2.148954 -5.388486 -0.618979
v -2.148954 -5.388487 0.726473
v -1.666312 -5.194380 1.264148
v -1.666312 -3.557652 1.264148
v -2.148246 -5.048279 1.066490
v -2.148246 -3.703754 1.066490
v -1.665813 -3.557014 -1.156858
v -1.665813 -5.195018 -1.156858
v -2.148745 -3.703418 -0.958791
v -2.148745 -5.048614 -0.958791
v -1.649241 -3.158592 0.893895
v -1.649241 -3.158592 -0.786400
v -2.165317 -3.370257 0.737446
v -2.165317 -3.370257 -0.629951
v -0.533269 -3.348790 1.397381
v -0.700256 -3.348790 1.397381
v -0.700256 -3.348790 -1.289886
v -0.533269 -3.348790 -1.289886
v -1.587934 -3.562393 -1.188799
v -1.665813 -3.650487 -1.156858
v -2.148745 -3.780182 -0.958791
v -1.665974 -3.666913 -1.126813
v -2.119865 -3.788808 -0.940657
v -1.587934 -3.487932 -1.278676
v 0.031917 -3.610871 -1.289886
v 0.031917 -3.713141 -1.289886
v -0.700195 -3.457149 -1.228490
v -0.700256 -3.524016 -1.289886
v -0.533269 -3.713141 -1.289886
v -0.533269 -3.612094 -1.289886
v -1.587934 -3.477770 -1.275285
v -0.533277 -3.636105 -1.228490
v -0.700256 -3.436825 -1.289886
v -0.700316 -3.505813 -1.228490
v -0.533541 -3.684769 -1.228490
v 0.031917 -3.684769 -1.228490
v 0.031917 -3.636105 -1.228490
v -1.587934 -3.573098 1.296294
v -1.666312 -3.660591 1.264148
v -2.148246 -3.788315 1.066490
v -1.666474 -3.676800 1.234104
v -2.119366 -3.796828 1.048357
v 0.031917 -3.660819 1.397381
v 0.031917 -3.633556 1.397381
v -1.587934 -3.509978 1.398656
v -0.700256 -3.521408 1.397381
v -0.700256 -3.494145 1.397381
v -0.533269 -3.660819 1.397381
v -0.533269 -3.633556 1.397381
v -1.587934 -3.514272 1.387330
v -0.540009 -3.646993 1.391545
v 0.031917 -3.647382 1.391545
v 0.031917 -3.646993 1.391545
v -0.526529 -3.647382 1.391545
v -0.706996 -3.507582 1.391545
v -0.693516 -3.507971 1.391545
v 1.651767 -5.618585 -0.820413
v 1.651767 -5.589855 -0.893411
v 1.677390 -5.608076 -0.831965
v 1.651767 -5.614736 -0.846396
v 1.651767 -5.604220 -0.873116
v 0.764089 -5.719674 -0.895132
v 0.764089 -5.690945 -0.968130
v 0.764089 -5.715825 -0.921115
v 0.764089 -5.705309 -0.947835
v 0.597102 -5.690945 -0.968130
v 0.597102 -5.719674 -0.895132
v 0.597102 -5.705309 -0.947835
v 0.597102 -5.715825 -0.921115
v 0.031917 -5.719674 -0.895132
v 0.031917 -5.690945 -0.968130
v 0.031917 -5.715825 -0.921115
v 0.031917 -5.705309 -0.947835
v -1.587934 -5.589855 -0.893411
v -1.587934 -5.618585 -0.820413
v -1.613557 -5.608076 -0.831965
v -1.587934 -5.604220 -0.873116
v -1.587934 -5.614736 -0.846396
v -0.700256 -5.690945 -0.968130
v -0.700256 -5.719674 -0.895132
v -0.700256 -5.705309 -0.947835
v -0.700256 -5.715825 -0.921115
v -0.533269 -5.719674 -0.895132
v -0.533269 -5.690945 -0.968130
v -0.533269 -5.715825 -0.921115
v -0.533269 -5.705309 -0.947835
v 1.651767 -5.317481 -1.165780
v 1.651767 -5.258991 -1.188799
v 1.672297 -5.268247 -1.180379
v 1.651767 -5.305972 -1.174589
v 1.651767 -5.290815 -1.182057
v 1.651767 -5.274317 -1.187047
v 0.764089 -5.392201 -1.266868
v 0.764089 -5.333711 -1.289886
v 0.764089 -5.380692 -1.275677
v 0.764089 -5.365535 -1.283144
v 0.764089 -5.349038 -1.288134
v 0.597102 -5.392201 -1.266868
v 0.597102 -5.333711 -1.289886
v 0.597102 -5.380692 -1.275677
v 0.597102 -5.365535 -1.283144
v 0.597102 -5.349038 -1.288134
v 0.031917 -5.392201 -1.266868
v 0.031917 -5.333711 -1.289886
v 0.031917 -5.380692 -1.275677
v 0.031917 -5.365535 -1.283144
v 0.031917 -5.349038 -1.288134
v -1.587934 -5.258991 -1.188799
v -1.587934 -5.317481 -1.165780
v -1.608464 -5.268247 -1.180379
v -1.587934 -5.274317 -1.187047
v -1.587934 -5.290815 -1.182057
v -1.587934 -5.305972 -1.174589
v -0.700256 -5.333711 -1.289886
v -0.700256 -5.392201 -1.266868
v -0.700256 -5.349038 -1.288134
v -0.700256 -5.365535 -1.283144
v -0.700256 -5.380692 -1.275677
v -0.533269 -5.333711 -1.289886
v -0.533269 -5.392201 -1.266868
v -0.533269 -5.349038 -1.288134
v -0.533269 -5.365535 -1.283144
v -0.533269 -5.380692 -1.275677
v 1.651767 -3.399737 1.374535
v 1.647610 -3.391294 1.385958
v 1.651767 -3.399737 -1.267040
v 1.647610 -3.391293 -1.278463
v 1.651767 -3.482762 -1.290911
v 1.620735 -3.519398 -1.232649
v 1.647609 -3.494288 -1.276730
v 1.636251 -3.502725 -1.266309
v 1.651767 -3.520827 -1.267040
v 1.620734 -3.436825 -1.289886
v 1.647610 -3.478826 -1.278463
v 1.636251 -3.448080 -1.286825
v 1.651767 -3.463797 -1.264145
v 1.620734 -3.536378 -1.289886
v 1.647610 -3.478012 -1.277016
v 1.636251 -3.488418 -1.286438
v 1.620736 -3.457149 -1.236545
v 1.651767 -3.477937 -1.283922
v 1.636251 -3.459934 -1.268800
v 1.647610 -3.467543 -1.275237
v 1.651767 -3.535964 1.373813
v 1.620736 -3.507582 1.399560
v 1.647610 -3.521773 1.386794
v 1.636252 -3.511384 1.396218
v 1.651767 -3.501369 1.369154
v 1.620734 -3.521408 1.397381
v 1.647610 -3.511388 1.383268
v 1.636251 -3.518723 1.393600
v 1.620734 -3.494145 1.397381
v 1.651767 -3.539890 1.374535
v 1.636251 -3.500274 1.394320
v 1.647610 -3.517018 1.385958
v 1.620736 -3.507971 1.395681
v 1.651767 -3.536027 1.373158
v 1.636252 -3.511730 1.392717
v 1.647610 -3.521999 1.384473
v 1.651767 -5.691446 -0.874268
v 1.620734 -5.719674 -0.895132
v 1.647610 -5.705560 -0.884700
v 1.636251 -5.715892 -0.892337
v 1.620734 -5.690945 -0.968130
v 1.651767 -5.662717 -0.947266
v 1.636251 -5.687163 -0.965335
v 1.647610 -5.676831 -0.957698
v 1.651767 -5.687597 -0.900251
v 1.620734 -5.715825 -0.921115
v 1.647610 -5.701711 -0.910683
v 1.636251 -5.712043 -0.918320
v 1.651767 -5.677082 -0.926970
v 1.620734 -5.705309 -0.947835
v 1.647610 -5.691195 -0.937402
v 1.636251 -5.701528 -0.945039
v 1.620734 -5.333711 -1.289886
v 1.651767 -5.314684 -1.264145
v 1.636251 -5.331162 -1.286438
v 1.647610 -5.324198 -1.277016
v 1.651767 -5.372265 -1.239897
v 1.620734 -5.392201 -1.266868
v 1.647610 -5.382233 -1.253383
v 1.636251 -5.389530 -1.263255
v 1.651767 -5.330010 -1.262393
v 1.620734 -5.349038 -1.288134
v 1.647610 -5.339524 -1.275264
v 1.636251 -5.346488 -1.284685
v 1.651767 -5.346508 -1.257403
v 1.620734 -5.365535 -1.283144
v 1.647610 -5.356021 -1.270274
v 1.636251 -5.362986 -1.279696
v 1.651767 -5.361665 -1.249936
v 1.620734 -5.380692 -1.275677
v 1.647610 -5.371179 -1.262806
v 1.636251 -5.378143 -1.272228
v 2.290457 -5.335175 -0.662175
v 2.287427 -5.347146 -0.667537
v 2.290457 -5.335175 0.769669
v 2.287427 -5.347146 0.775032
v 2.290457 -5.091951 1.012888
v 2.287427 -5.097314 1.024859
v 2.290457 -3.660081 1.012889
v 2.287427 -3.654719 1.024860
v 2.290457 -3.660081 -0.905394
v 2.287427 -3.654719 -0.917365
v 2.290457 -5.091951 -0.905394
v 2.287427 -5.097313 -0.917365
v 2.290457 -3.416858 0.769670
v 2.287427 -3.404887 0.775032
v 2.290457 -3.416858 -0.662175
v 2.287427 -3.404887 -0.667537
v 2.267839 -3.747355 -0.936126
v 2.290457 -3.733918 -0.905394
v 2.279148 -3.740636 -0.928613
v 2.287427 -3.735718 -0.917365
v 2.267839 -3.755626 1.043621
v 2.290457 -3.742367 1.012889
v 2.279148 -3.748996 1.036108
v 2.287427 -3.744143 1.024860
v 1.651767 -5.597887 0.992874
v 1.651767 -5.618585 0.940283
v 1.670227 -5.611013 0.948606
v 1.651767 -5.608236 0.978252
v 1.651767 -5.615812 0.959002
v 0.764089 -5.719674 1.015002
v 0.764089 -5.698977 1.067593
v 0.764089 -5.716901 1.033722
v 0.764089 -5.709326 1.052971
v 0.597102 -5.698977 1.067593
v 0.597102 -5.719674 1.015002
v 0.597102 -5.709326 1.052971
v 0.597102 -5.716901 1.033722
v 0.031917 -5.698977 1.067593
v 0.031917 -5.719674 1.015002
v 0.031917 -5.709326 1.052971
v 0.031917 -5.716901 1.033722
v -1.587934 -5.618585 0.940283
v -1.587934 -5.597887 0.992874
v -1.606394 -5.611013 0.948606
v -1.587934 -5.615812 0.959003
v -1.587934 -5.608236 0.978252
v -0.700256 -5.719674 1.015002
v -0.700256 -5.698977 1.067593
v -0.700256 -5.716901 1.033722
v -0.700256 -5.709326 1.052971
v -0.533269 -5.719674 1.015002
v -0.533269 -5.698977 1.067593
v -0.533269 -5.716901 1.033722
v -0.533269 -5.709326 1.052971
v 1.620734 -5.698977 1.067593
v 1.620734 -5.719674 1.015002
v 1.620734 -5.709326 1.052971
v 1.620734 -5.716901 1.033722
v 1.651767 -5.691447 0.994138
v 1.651767 -5.670749 1.046729
v 1.651767 -5.688674 1.012858
v 1.651767 -5.681098 1.032107
v 1.636251 -5.695195 1.064798
v 1.636251 -5.715893 1.012207
v 1.636251 -5.705544 1.050176
v 1.636251 -5.713120 1.030926
v 1.647610 -5.684863 1.057161
v 1.647610 -5.705561 1.004570
v 1.647610 -5.695212 1.042539
v 1.647610 -5.702787 1.023290
v 1.651767 -5.271990 1.296293
v 1.651767 -5.309045 1.281711
v 1.664773 -5.277854 1.290959
v 1.651767 -5.292151 1.292022
v 0.764089 -5.383766 1.382798
v 0.764089 -5.346711 1.397381
v 0.764089 -5.366872 1.393110
v 0.597102 -5.383766 1.382798
v 0.597102 -5.346711 1.397381
v 0.597102 -5.366872 1.393110
v 0.031917 -5.346711 1.397381
v 0.031917 -5.383766 1.382798
v 0.031917 -5.366872 1.393110
v -1.587934 -5.309045 1.281711
v -1.587934 -5.271990 1.296293
v -1.600940 -5.277854 1.290959
v -1.587934 -5.292151 1.292022
v -0.700256 -5.383766 1.382798
v -0.700256 -5.346711 1.397381
v -0.700256 -5.366872 1.393110
v -0.533269 -5.346711 1.397381
v -0.533269 -5.383766 1.382798
v -0.533269 -5.366872 1.393110
v 1.651767 -5.362901 1.354571
v 1.651767 -5.325847 1.369154
v 1.651767 -5.346008 1.364883
v 1.620734 -5.346711 1.397381
v 1.620734 -5.383766 1.382798
v 1.620734 -5.366872 1.393110
v 1.647610 -5.336279 1.383268
v 1.647610 -5.373333 1.368685
v 1.647610 -5.356440 1.378996
v 1.636251 -5.343915 1.393599
v 1.636251 -5.380970 1.379016
v 1.636251 -5.364077 1.389328
v 0.764089 -3.401526 1.397381
v 0.764089 -3.369644 1.384176
v 0.764089 -3.384452 1.393513
v 0.597102 -3.364174 1.397381
v 0.597102 -3.401526 1.397381
v 0.597102 -3.382850 1.397381
v 0.031917 -3.369644 1.384176
v 0.031917 -3.401526 1.397381
v 0.031917 -3.384452 1.393513
v -1.587934 -3.393951 1.382363
v -0.700256 -3.401526 1.397381
v -0.700256 -3.364174 1.397381
v -0.700256 -3.382850 1.397381
v -0.533269 -3.401526 1.397381
v -0.533269 -3.369644 1.384176
v -0.533269 -3.384452 1.393513
v 1.620734 -3.369644 1.384176
v 1.620734 -3.401526 1.397381
v 1.636212 -3.385107 1.394328
v 1.620734 -3.384452 1.393513
v 0.764089 -3.365036 -1.289886
v 0.764089 -3.400664 -1.289886
v 0.764089 -3.382850 -1.289886
v 0.597102 -3.370254 -1.277290
v 0.597102 -3.400664 -1.289886
v 0.597102 -3.384378 -1.286197
v 0.031917 -3.400664 -1.289886
v 0.031917 -3.370254 -1.277290
v 0.031917 -3.384378 -1.286197
v -1.587934 -3.393438 -1.275561
v -0.700256 -3.370254 -1.277290
v -0.700256 -3.400664 -1.289886
v -0.700256 -3.384378 -1.286197
v -0.533269 -3.400664 -1.289886
v -0.533269 -3.365036 -1.289886
v -0.533269 -3.382850 -1.289886
v 1.620734 -3.400664 -1.289886
v 1.620734 -3.370254 -1.277290
v 1.636212 -3.385107 -1.286833
v 1.620734 -3.384378 -1.286197
v -1.553044 -3.505813 -1.232631
v -1.587934 -3.479897 -1.294431
v -1.570489 -3.502341 -1.266771
v -1.583260 -3.492855 -1.278488
v -1.587934 -3.531267 -1.264201
v -1.553044 -3.436825 -1.289886
v -1.583259 -3.484046 -1.277043
v -1.570489 -3.449478 -1.286445
v -1.553044 -3.522889 -1.289886
v -1.587934 -3.460264 -1.260946
v -1.570489 -3.487945 -1.286009
v -1.583259 -3.476245 -1.275416
v -1.587934 -3.480521 -1.286071
v -1.553045 -3.457149 -1.236508
v -1.583260 -3.468835 -1.276306
v -1.570490 -3.460280 -1.269069
v -1.553046 -3.507582 1.399524
v -1.587934 -3.539492 1.370576
v -1.570490 -3.511857 1.395766
v -1.583260 -3.523537 1.385171
v -1.587934 -3.498878 1.365646
v -1.553045 -3.521408 1.397381
v -1.583260 -3.510143 1.381514
v -1.570490 -3.518389 1.393130
v -1.553044 -3.494145 1.397381
v -1.587934 -3.545576 1.371696
v -1.570489 -3.501036 1.393940
v -1.583259 -3.519861 1.384538
v -1.587934 -3.539515 1.370340
v -1.553046 -3.507971 1.395662
v -1.583260 -3.523743 1.383062
v -1.570490 -3.512197 1.392331
v -1.587934 -5.662004 -0.946738
v -1.553044 -5.690945 -0.968130
v -1.583259 -5.676474 -0.957434
v -1.570489 -5.687068 -0.965264
v -1.553044 -5.719674 -0.895132
v -1.587934 -5.687938 -0.871675
v -1.570489 -5.715422 -0.891989
v -1.583259 -5.703806 -0.883403
v -1.587934 -5.676368 -0.926443
v -1.553044 -5.705309 -0.947835
v -1.583259 -5.690839 -0.937139
v -1.570489 -5.701432 -0.944969
v -1.587934 -5.685613 -0.898784
v -1.553044 -5.715825 -0.921115
v -1.583259 -5.700719 -0.909950
v -1.570489 -5.711778 -0.918124
v -1.553044 -5.392201 -1.266868
v -1.587934 -5.370809 -1.237927
v -1.570489 -5.389335 -1.262991
v -1.583259 -5.381505 -1.252398
v -1.587934 -5.312319 -1.260946
v -1.553044 -5.333711 -1.289886
v -1.583259 -5.323015 -1.275416
v -1.570489 -5.330845 -1.286009
v -1.587934 -5.359300 -1.246736
v -1.553044 -5.380692 -1.275677
v -1.583259 -5.369996 -1.261206
v -1.570489 -5.377826 -1.271799
v -1.587934 -5.344143 -1.254204
v -1.553044 -5.365535 -1.283144
v -1.583259 -5.354839 -1.268674
v -1.570489 -5.362669 -1.279267
v -1.587934 -5.327646 -1.259194
v -1.553044 -5.349038 -1.288134
v -1.583259 -5.338342 -1.273664
v -1.570489 -5.346172 -1.284257
v -1.553044 -5.698977 1.067593
v -1.587934 -5.667241 1.044135
v -1.570489 -5.694725 1.064450
v -1.583259 -5.683108 1.055864
v -1.587934 -5.687938 0.991545
v -1.553044 -5.719674 1.015002
v -1.583259 -5.703806 1.003273
v -1.570489 -5.715423 1.011859
v -1.587934 -5.677589 1.029514
v -1.553044 -5.709326 1.052971
v -1.583259 -5.693458 1.041242
v -1.570489 -5.705074 1.049828
v -1.587934 -5.685165 1.010264
v -1.553044 -5.716901 1.033722
v -1.583259 -5.701034 1.021993
v -1.570489 -5.712649 1.030579
v -1.587934 -5.360308 1.351063
v -1.553044 -5.383766 1.382798
v -1.583259 -5.372037 1.366930
v -1.570489 -5.380623 1.378546
v -1.553044 -5.346711 1.397381
v -1.587934 -5.323253 1.365646
v -1.570489 -5.343568 1.393129
v -1.583259 -5.334982 1.381513
v -1.587934 -5.343414 1.361374
v -1.553044 -5.366872 1.393110
v -1.583259 -5.355144 1.377242
v -1.570489 -5.363729 1.388858
v -1.587934 -3.388571 1.371696
v -1.553044 -3.401526 1.397381
v -1.583259 -3.395048 1.384538
v -1.570489 -3.399790 1.393940
v -1.553049 -3.369429 1.384695
v -1.587934 -3.411216 1.381076
v -1.570492 -3.375106 1.384020
v -1.583260 -3.390401 1.382695
v -1.553044 -3.384389 1.393665
v -1.587934 -3.400698 1.374443
v -1.570489 -3.386597 1.391034
v -1.583260 -3.392567 1.383999
v -1.587934 -3.411825 -1.274190
v -1.553044 -3.370254 -1.277290
v -1.583259 -3.391039 -1.275740
v -1.570489 -3.375823 -1.276875
v -1.553044 -3.400664 -1.289886
v -1.587934 -3.387708 -1.264201
v -1.570489 -3.398928 -1.286445
v -1.583259 -3.394186 -1.277043
v -1.553044 -3.384378 -1.286197
v -1.587934 -3.400624 -1.267126
v -1.570489 -3.386554 -1.283642
v -1.583259 -3.392501 -1.276662
v -2.226624 -5.327926 -0.659173
v -2.217761 -5.351858 -0.670267
v -2.226624 -5.327927 0.766667
v -2.217761 -5.351859 0.777761
v -2.226624 -5.088949 1.005641
v -2.217761 -5.100043 1.029572
v -2.226624 -3.663084 1.005641
v -2.217761 -3.651989 1.029572
v -2.226624 -3.663083 -0.898146
v -2.217761 -3.651989 -0.922078
v -2.226624 -5.088949 -0.898146
v -2.217761 -5.100043 -0.922078
v -2.226624 -3.424106 0.766667
v -2.217761 -3.400174 0.777761
v -2.226624 -3.424106 -0.659172
v -2.217761 -3.400174 -0.670266
v -2.226624 -3.733918 -0.898146
v -2.196365 -3.751893 -0.939260
v -2.217761 -3.739183 -0.922077
v -2.226624 -3.742367 1.005641
v -2.196365 -3.760106 1.046755
v -2.217761 -3.747562 1.029572
v 1.651767 -3.133448 0.945793
v 1.651767 -3.154680 0.993409
v 1.668498 -3.140310 0.950813
v 1.651767 -3.139667 0.970668
v 0.764089 -3.053591 1.068128
v 0.764089 -3.038577 1.045387
v 0.597102 -3.052459 1.068128
v 0.597102 -3.038246 1.045387
v 0.764089 -3.175119 1.068128
v 0.764089 -3.163919 1.020512
v 0.764089 -3.167200 1.045387
v 0.597102 -3.163919 1.020512
v 0.597102 -3.175119 1.068128
v 0.597102 -3.167200 1.045387
v 0.031917 -3.032358 1.020512
v 0.031917 -3.053033 1.067570
v 0.031917 -3.038414 1.045223
v -1.587934 -3.153580 0.992309
v -1.587934 -3.133448 0.945793
v -1.604665 -3.140310 0.950813
v -1.587934 -3.139344 0.970346
v -0.700256 -3.051931 1.067570
v -0.700256 -3.038091 1.045223
v -0.533269 -3.053033 1.067570
v -0.533269 -3.038414 1.045223
v -0.700256 -3.163919 1.020512
v -0.700256 -3.174824 1.067570
v -0.700256 -3.167113 1.045223
v -0.533269 -3.174824 1.067570
v -0.533269 -3.163919 1.020512
v -0.533269 -3.167113 1.045223
v 1.651767 -3.076437 1.051241
v 1.651767 -3.055205 1.003625
v 1.651767 -3.061424 1.028500
v 1.620734 -3.032358 1.020512
v 1.620734 -3.053591 1.068128
v 1.620734 -3.038577 1.045387
v 1.647610 -3.043782 1.012069
v 1.647610 -3.065014 1.059685
v 1.647610 -3.050000 1.036943
v 1.636251 -3.035419 1.018250
v 1.636251 -3.056652 1.065866
v 1.636251 -3.041638 1.043124
v -1.587934 -3.058044 1.001526
v -1.587934 -3.078177 1.048042
v -1.587934 -3.063941 1.026079
v -1.553044 -3.052468 1.067049
v -1.553044 -3.032358 1.020512
v -1.553044 -3.038248 1.045071
v -1.583259 -3.045201 1.011019
v -1.583259 -3.065331 1.057538
v -1.583259 -3.051097 1.035573
v -1.570489 -3.035800 1.017968
v -1.570489 -3.055920 1.064494
v -1.570489 -3.041693 1.042524
v 0.764089 -3.048780 -0.956702
v 0.597102 -3.049226 -0.956268
v -0.700256 -3.049226 -0.956268
v -0.533269 -3.048780 -0.956702
v 0.792847 -3.032358 1.020512
v 0.764089 -3.056213 1.020512
v 0.764089 -3.038144 1.043654
v 0.778468 -3.035554 1.020512
v 0.767942 -3.044286 1.020512
v 0.597102 -3.056213 1.020512
v 0.568344 -3.032358 1.020512
v 0.597102 -3.037852 1.043725
v 0.593249 -3.044286 1.020512
v 0.582723 -3.035554 1.020512
v -0.700256 -3.056213 1.020512
v -0.729014 -3.032358 1.020512
v -0.700256 -3.037749 1.043749
v -0.704109 -3.044286 1.020512
v -0.714635 -3.035554 1.020512
v -0.504511 -3.032358 1.020512
v -0.533269 -3.056213 1.020512
v -0.533269 -3.038036 1.043681
v -0.518890 -3.035554 1.020512
v -0.529416 -3.044286 1.020512
v 1.651767 -3.146822 -0.878056
v 1.651767 -3.133448 -0.850012
v 1.661070 -3.137263 -0.852803
v 1.651767 -3.137365 -0.864303
v 0.597102 -3.171155 -0.953119
v 0.597102 -3.163919 -0.924731
v 0.597102 -3.166039 -0.939122
v 0.764089 -3.163919 -0.924731
v 0.764089 -3.171155 -0.953119
v 0.764089 -3.166039 -0.939122
v 0.031917 -3.046077 -0.953119
v 0.031917 -3.032358 -0.924731
v 0.031917 -3.036376 -0.939122
v -1.587934 -3.133448 -0.850012
v -1.587934 -3.147519 -0.878753
v -1.597236 -3.137263 -0.852803
v -1.587934 -3.137569 -0.864507
v -0.533269 -3.163919 -0.924731
v -0.533269 -3.171341 -0.953472
v -0.533269 -3.166093 -0.939226
v -0.700256 -3.171341 -0.953472
v -0.700256 -3.163919 -0.924731
v -0.700256 -3.166093 -0.939226
v 1.620734 -3.045733 -0.952775
v 1.620734 -3.032358 -0.924731
v 1.620734 -3.036275 -0.939021
v 1.651767 -3.055204 -0.907845
v 1.651767 -3.068579 -0.935888
v 1.651767 -3.059122 -0.922135
v 1.636251 -3.048794 -0.950513
v 1.636251 -3.035419 -0.922469
v 1.636251 -3.039336 -0.936759
v 1.647610 -3.057156 -0.944332
v 1.647610 -3.043781 -0.916288
v 1.647610 -3.047699 -0.930578
v -1.553044 -3.032358 -0.924731
v -1.553044 -3.046430 -0.953472
v -1.553044 -3.036479 -0.939226
v -1.587934 -3.072116 -0.934487
v -1.587934 -3.058044 -0.905746
v -1.587934 -3.062166 -0.920240
v -1.570489 -3.049871 -0.950929
v -1.570489 -3.035799 -0.922188
v -1.570489 -3.039921 -0.936682
v -1.583259 -3.059273 -0.943979
v -1.583259 -3.045201 -0.915238
v -1.583259 -3.049323 -0.929733
v 0.764089 -3.050319 -0.953119
v 0.764089 -3.056213 -0.924731
v 0.764089 -3.054487 -0.939122
v 0.792847 -3.032358 -0.924731
v 0.770044 -3.045380 -0.953119
v 0.786168 -3.036172 -0.939122
v 0.767942 -3.044285 -0.924731
v 0.764887 -3.047850 -0.953119
v 0.767047 -3.045329 -0.939122
v 0.778468 -3.035554 -0.924731
v 0.767067 -3.046041 -0.953119
v 0.775129 -3.038626 -0.939122
v 0.591734 -3.046077 -0.953119
v 0.568344 -3.032358 -0.924731
v 0.575195 -3.036376 -0.939122
v 0.597102 -3.056213 -0.924731
v 0.597102 -3.050530 -0.953119
v 0.597102 -3.054548 -0.939122
v 0.582723 -3.035554 -0.924731
v 0.594418 -3.046673 -0.953119
v 0.586149 -3.038811 -0.939122
v 0.593249 -3.044285 -0.924731
v 0.596383 -3.048304 -0.953119
v 0.594167 -3.045462 -0.939122
v -0.705023 -3.046430 -0.953472
v -0.729014 -3.032358 -0.924731
v -0.721987 -3.036479 -0.939226
v -0.700256 -3.056213 -0.924731
v -0.700256 -3.050384 -0.953472
v -0.700256 -3.054505 -0.939226
v -0.714635 -3.035554 -0.924731
v -0.702639 -3.046959 -0.953472
v -0.711121 -3.038895 -0.939226
v -0.704109 -3.044285 -0.924731
v -0.700894 -3.048407 -0.953472
v -0.703167 -3.045492 -0.939226
v -0.533269 -3.050168 -0.953472
v -0.533269 -3.056213 -0.924731
v -0.533269 -3.054442 -0.939226
v -0.504511 -3.032358 -0.924731
v -0.527900 -3.045714 -0.953472
v -0.511361 -3.036270 -0.939226
v -0.529416 -3.044285 -0.924731
v -0.532550 -3.047941 -0.953472
v -0.530334 -3.045356 -0.939226
v -0.518890 -3.035554 -0.924731
v -0.530585 -3.046311 -0.953472
v -0.522316 -3.038705 -0.939226
v 1.669630 -3.480379 1.288968
v 1.651767 -3.445848 1.284571
v 1.651767 -3.447746 1.309586
v 1.651767 -3.474100 1.296294
v 1.656999 -3.460817 1.290714
v 1.651767 -3.445847 -1.177076
v 1.669630 -3.480379 -1.181473
v 1.651767 -3.474099 -1.188799
v 1.651767 -3.447745 -1.202091
v 1.656999 -3.460817 -1.183219
v -1.587934 -3.445848 1.284571
v -1.605796 -3.480379 1.288968
v -1.587934 -3.474100 1.296294
v -1.587934 -3.447746 1.309586
v -1.593166 -3.460817 1.290715
v -1.605796 -3.480379 -1.181473
v -1.587934 -3.445847 -1.177076
v -1.587934 -3.447745 -1.202091
v -1.587934 -3.474099 -1.188799
v -1.593166 -3.460817 -1.183219
v 1.676330 -5.596787 -0.868959
v 1.682197 -5.606104 -0.838064
v 1.685062 -5.601495 -0.852928
v -1.618364 -5.606104 -0.838064
v -1.612497 -5.596787 -0.868959
v -1.621229 -5.601495 -0.852928
v 1.673950 -5.270344 -1.179701
v 1.668082 -5.301239 -1.170385
v 1.676814 -5.285208 -1.175093
v -1.604249 -5.301239 -1.170385
v -1.610116 -5.270344 -1.179701
v -1.612981 -5.285208 -1.175093
v 2.255178 -5.371100 -0.664364
v 2.267839 -5.354184 -0.689642
v 2.279119 -5.358415 -0.673312
v 2.267839 -5.365908 -0.661390
v 2.264131 -5.363995 -0.677382
v 2.267839 -5.354185 0.797136
v 2.255178 -5.371100 0.771858
v 2.267839 -5.365908 0.768885
v 2.279119 -5.358415 0.780806
v 2.264131 -5.363995 0.784877
v 2.258112 -5.097331 1.047610
v 2.267839 -5.119419 1.031898
v 2.279119 -5.103088 1.036128
v 2.267839 -5.091166 1.043621
v 2.264990 -5.108093 1.041356
v 2.267839 -3.632614 1.031898
v 2.255131 -3.657878 1.048833
v 2.267839 -3.660866 1.043621
v 2.279119 -3.648944 1.036128
v 2.264117 -3.644869 1.041714
v 2.255164 -3.657888 -0.941325
v 2.267839 -3.632613 -0.924403
v 2.279119 -3.648944 -0.928633
v 2.267839 -3.660866 -0.936126
v 2.264127 -3.644872 -0.934215
v 2.267839 -5.119419 -0.924404
v 2.255164 -5.094144 -0.941325
v 2.267839 -5.091166 -0.936127
v 2.279119 -5.103088 -0.928634
v 2.264127 -5.107160 -0.934216
v 2.256739 -3.381572 0.771652
v 2.267839 -3.397848 0.797137
v 2.279119 -3.393619 0.780807
v 2.267839 -3.386125 0.768885
v 2.264588 -3.388225 0.784817
v 2.267839 -3.397848 -0.689642
v 2.261667 -3.383594 -0.670267
v 2.267839 -3.386125 -0.661390
v 2.279119 -3.393618 -0.673312
v 2.266031 -3.388817 -0.679111
v 1.670597 -5.610862 0.949075
v 1.664730 -5.601545 0.979970
v 1.673462 -5.606253 0.963939
v -1.600896 -5.601545 0.979970
v -1.606764 -5.610862 0.949075
v -1.609629 -5.606253 0.963939
v 1.655898 -5.304933 1.282876
v 1.665511 -5.290020 1.287223
v -1.592065 -5.304933 1.282876
v -1.601678 -5.290020 1.287223
v -2.196365 -5.357318 -0.691958
v -2.185462 -5.373513 -0.666148
v -2.196365 -5.369041 -0.663707
v -2.209641 -5.358379 -0.674050
v -2.193172 -5.366918 -0.679543
v -2.185462 -5.373513 0.773642
v -2.196365 -5.357318 0.799453
v -2.209641 -5.358380 0.781544
v -2.196365 -5.369041 0.771201
v -2.193172 -5.366918 0.787037
v -2.196365 -5.121735 1.035032
v -2.187971 -5.099243 1.050197
v -2.196365 -5.093483 1.046755
v -2.209641 -5.103827 1.036093
v -2.193906 -5.110291 1.044329
v -2.185399 -3.656090 1.051253
v -2.196365 -3.630298 1.035032
v -2.209641 -3.648206 1.036093
v -2.196365 -3.658550 1.046755
v -2.193153 -3.642708 1.044639
v -2.196365 -3.630297 -0.927537
v -2.185443 -3.656103 -0.943740
v -2.196365 -3.658549 -0.939260
v -2.209641 -3.648206 -0.928599
v -2.193166 -3.642711 -0.937138
v -2.185443 -5.095929 -0.943740
v -2.196365 -5.121735 -0.927537
v -2.209641 -5.103826 -0.928599
v -2.196365 -5.093482 -0.939260
v -2.193166 -5.109321 -0.937139
v -2.196365 -3.394714 0.799453
v -2.187457 -3.379338 0.773304
v -2.196365 -3.382991 0.771201
v -2.209641 -3.393653 0.781545
v -2.193756 -3.385355 0.786938
v -2.191412 -3.380960 -0.672214
v -2.196365 -3.394714 -0.691958
v -2.209641 -3.393652 -0.674049
v -2.196365 -3.382991 -0.663706
v -2.194914 -3.385829 -0.681319
v 1.663902 -3.150148 0.980221
v 1.671445 -3.144952 0.964873
v -1.599252 -3.149813 0.980469
v -1.607373 -3.144854 0.964946
v 1.653628 -3.145934 -0.875841
v 1.661277 -3.140781 -0.862579
v -1.590448 -3.146202 -0.875642
v -1.597635 -3.140860 -0.862521
v -0.070000 3.401505 0.390000
v -0.070000 1.660321 0.390000
v 0.050517 3.401505 0.370912
v 0.050517 1.773767 0.370912
v 0.159236 3.401505 0.315517
v 0.159236 1.854925 0.315517
v 0.245517 3.401505 0.229236
v 0.245517 1.905053 0.229236
v 0.300912 3.401505 0.120517
v 0.300912 1.927986 0.120517
v 0.320000 3.401505 0.000000
v 0.320000 1.931061 0.000000
v 0.300912 3.401505 -0.120517
v 0.300912 1.927986 -0.120517
v 0.245517 3.401505 -0.229236
v 0.245517 1.905054 -0.229236
v 0.159236 3.401505 -0.315517
v 0.159236 1.854926 -0.315517
v 0.050517 3.401505 -0.370912
v 0.050517 1.773767 -0.370912
v -0.070000 3.401505 -0.390000
v -0.070000 1.660321 -0.390000
v -0.190517 3.401505 -0.370912
v -0.190517 1.773767 -0.370912
v -0.299236 3.401505 -0.315517
v -0.299236 1.854926 -0.315517
v -0.385517 3.401505 -0.229236
v -0.385517 1.905054 -0.229236
v -0.440912 3.401505 -0.120516
v -0.440912 1.927986 -0.120516
v -0.460000 3.401505 0.000000
v -0.460000 1.931061 0.000000
v -0.440912 3.401505 0.120517
v -0.440912 1.927986 0.120517
v -0.385516 3.401505 0.229237
v -0.385516 1.905053 0.229237
v -0.299236 3.401505 0.315517
v -0.299236 1.854925 0.315517
v -0.190516 3.401505 0.370912
v -0.190516 1.773766 0.370912
v -0.203819 2.149477 -0.411853
v -0.203819 2.229349 -0.411853
v -0.324539 2.228982 -0.350343
v -0.324539 2.308855 -0.350343
v -0.420343 2.276675 -0.254539
v -0.420343 2.356548 -0.254539
v -0.481853 2.295311 -0.133819
v -0.481853 2.375183 -0.133819
v -0.503048 2.296124 0.000000
v -0.503048 2.375997 0.000000
v -0.481853 2.295311 0.133820
v -0.481853 2.375183 0.133820
v -0.420343 2.276675 0.254540
v -0.420343 2.356548 0.254540
v -0.324539 2.228982 0.350343
v -0.324539 2.308855 0.350343
v -0.070000 2.105258 0.433048
v -0.070000 2.025385 0.433048
v -0.203819 2.149476 0.411853
v -0.203819 2.229348 0.411853
v -0.070000 2.025385 0.390000
v -0.070000 2.105258 0.390000
v 0.050517 2.218703 0.370912
v 0.050517 2.138831 0.370912
v 0.159236 2.299862 0.315517
v 0.159236 2.219989 0.315517
v 0.245517 2.349990 0.229236
v 0.245517 2.270117 0.229236
v 0.300912 2.372922 0.120517
v 0.300912 2.293050 0.120517
v 0.320000 2.375997 0.000000
v 0.320000 2.296124 0.000000
v 0.300912 2.372922 -0.120517
v 0.300912 2.293050 -0.120517
v 0.245517 2.349990 -0.229236
v 0.245517 2.270117 -0.229236
v 0.159236 2.299862 -0.315517
v 0.159236 2.219989 -0.315517
v 0.050517 2.218703 -0.370912
v 0.050517 2.138831 -0.370912
v -0.070000 2.105258 -0.390000
v -0.070000 2.025385 -0.390000
v -0.190517 2.218703 -0.370912
v -0.190517 2.138831 -0.370912
v -0.299236 2.299862 -0.315517
v -0.299236 2.219989 -0.315517
v -0.385517 2.349990 -0.229236
v -0.385517 2.270117 -0.229236
v -0.440912 2.372922 -0.120516
v -0.440912 2.293050 -0.120516
v -0.460000 2.375997 0.000000
v -0.460000 2.296124 0.000000
v -0.440912 2.372922 0.120517
v -0.440912 2.293050 0.120517
v -0.385516 2.349990 0.229237
v -0.385516 2.270117 0.229237
v -0.299236 2.299861 0.315517
v -0.299236 2.219989 0.315517
v -0.190516 2.218703 0.370912
v -0.190516 2.138830 0.370912
v -0.070000 2.105258 -0.433048
v -0.070000 2.025385 -0.433048
v 0.063819 2.229349 -0.411853
v 0.063819 2.149477 -0.411853
v 0.184539 2.308855 -0.350343
v 0.184539 2.228982 -0.350343
v 0.280343 2.356548 -0.254539
v 0.280343 2.276675 -0.254539
v 0.341853 2.375183 -0.133819
v 0.341853 2.295311 -0.133819
v 0.363048 2.375997 0.000000
v 0.363048 2.296124 0.000000
v 0.341853 2.375183 0.133819
v 0.341853 2.295311 0.133819
v 0.280343 2.356548 0.254539
v 0.280343 2.276675 0.254539
v 0.184539 2.308855 0.350343
v 0.184539 2.228982 0.350343
v 0.063819 2.229349 0.411853
v 0.063819 2.149477 0.411853
v -0.190516 2.062775 0.370912
v -0.070000 1.949330 0.390000
v 0.050517 2.062776 0.370912
v 0.159236 2.143934 0.315517
v 0.245517 2.194062 0.229236
v 0.300912 2.216995 0.120517
v 0.320000 2.220069 0.000000
v 0.300912 2.216995 -0.120517
v 0.245517 2.194062 -0.229236
v 0.159236 2.143934 -0.315517
v 0.050517 2.062776 -0.370912
v -0.070000 1.949330 -0.390000
v -0.190517 2.062776 -0.370912
v -0.299236 2.143934 -0.315517
v -0.385517 2.194062 -0.229236
v -0.440912 2.216995 -0.120516
v -0.460000 2.220069 0.000000
v -0.440912 2.216995 0.120517
v -0.385516 2.194062 0.229237
v -0.299236 2.143934 0.315517
v -0.070000 2.177510 0.390000
v 0.050517 2.290955 0.370912
v -0.190516 2.290955 0.370912
v 0.159236 2.372114 0.315517
v 0.245517 2.422242 0.229236
v 0.300912 2.445174 0.120517
v 0.320000 2.448249 0.000000
v 0.300912 2.445174 -0.120517
v 0.245517 2.422242 -0.229236
v 0.159236 2.372114 -0.315517
v 0.050517 2.290955 -0.370912
v -0.070000 2.177510 -0.390000
v -0.190517 2.290955 -0.370912
v -0.299236 2.372114 -0.315517
v -0.385517 2.422242 -0.229236
v -0.440912 2.445174 -0.120516
v -0.460000 2.448249 0.000000
v -0.440912 2.445174 0.120517
v -0.385516 2.422242 0.229237
v -0.299236 2.372114 0.315517
v -0.070000 1.821878 0.390000
v -0.070000 1.011878 0.390000
v 0.050517 1.935323 0.370912
v 0.050517 1.125324 0.370912
v 0.159236 2.016482 0.315517
v 0.159236 1.206482 0.315517
v 0.245517 2.066610 0.229236
v 0.245517 1.256610 0.229236
v 0.300912 2.089543 0.120517
v 0.300912 1.279543 0.120517
v 0.320000 2.092617 0.000000
v 0.320000 1.282617 0.000000
v 0.300912 2.089543 -0.120517
v 0.300912 1.279543 -0.120517
v 0.245517 2.066610 -0.229236
v 0.245517 1.256610 -0.229236
v 0.159236 2.016482 -0.315517
v 0.159236 1.206482 -0.315517
v 0.050517 1.935324 -0.370912
v 0.050517 1.125324 -0.370912
v -0.070000 1.821878 -0.390000
v -0.070000 1.011878 -0.390000
v -0.190517 1.935324 -0.370912
v -0.190517 1.125324 -0.370912
v -0.299236 2.016482 -0.315517
v -0.299236 1.206482 -0.315517
v -0.385517 2.066610 -0.229236
v -0.385517 1.256610 -0.229236
v -0.440912 2.089543 -0.120516
v -0.440912 1.279543 -0.120516
v -0.460000 2.092617 0.000000
v -0.460000 1.282617 0.000000
v -0.440912 2.089543 0.120517
v -0.440912 1.279543 0.120517
v -0.385516 2.066610 0.229237
v -0.385516 1.256610 0.229237
v -0.299236 2.016482 0.315517
v -0.299236 1.206482 0.315517
v -0.190516 1.935323 0.370912
v -0.190516 1.125323 0.370912
v -0.203819 1.501033 -0.411853
v -0.203819 1.580906 -0.411853
v -0.324539 1.580539 -0.350343
v -0.324539 1.660412 -0.350343
v -0.420343 1.628232 -0.254539
v -0.420343 1.708104 -0.254539
v -0.481853 1.646867 -0.133819
v -0.481853 1.726740 -0.133819
v -0.503048 1.647681 0.000000
v -0.503048 1.727553 0.000000
v -0.481853 1.646867 0.133820
v -0.481853 1.726740 0.133820
v -0.420343 1.628232 0.254540
v -0.420343 1.708104 0.254540
v -0.324539 1.580539 0.350343
v -0.324539 1.660411 0.350343
v -0.070000 1.456814 0.433048
v -0.070000 1.376942 0.433048
v -0.203819 1.501033 0.411853
v -0.203819 1.580905 0.411853
v -0.070000 1.376942 0.390000
v -0.070000 1.456814 0.390000
v 0.050517 1.570260 0.370912
v 0.050517 1.490387 0.370912
v 0.159236 1.651418 0.315517
v 0.159236 1.571546 0.315517
v 0.245517 1.701546 0.229236
v 0.245517 1.621674 0.229236
v 0.300912 1.724479 0.120517
v 0.300912 1.644606 0.120517
v 0.320000 1.727553 0.000000
v 0.320000 1.647681 0.000000
v 0.300912 1.724479 -0.120517
v 0.300912 1.644606 -0.120517
v 0.245517 1.701546 -0.229236
v 0.245517 1.621674 -0.229236
v 0.159236 1.651418 -0.315517
v 0.159236 1.571546 -0.315517
v 0.050517 1.570260 -0.370912
v 0.050517 1.490387 -0.370912
v -0.070000 1.456814 -0.390000
v -0.070000 1.376942 -0.390000
v -0.190517 1.570260 -0.370912
v -0.190517 1.490387 -0.370912
v -0.299236 1.651418 -0.315517
v -0.299236 1.571546 -0.315517
v -0.385517 1.701546 -0.229236
v -0.385517 1.621674 -0.229236
v -0.440912 1.724479 -0.120516
v -0.440912 1.644606 -0.120516
v -0.460000 1.727553 0.000000
v -0.460000 1.647681 0.000000
v -0.440912 1.724479 0.120517
v -0.440912 1.644606 0.120517
v -0.385516 1.701546 0.229237
v -0.385516 1.621674 0.229237
v -0.299236 1.651418 0.315517
v -0.299236 1.571546 0.315517
v -0.190516 1.570259 0.370912
v -0.190516 1.490387 0.370912
v -0.070000 1.456814 -0.433048
v -0.070000 1.376942 -0.433048
v 0.063819 1.580906 -0.411853
v 0.063819 1.501033 -0.411853
v 0.184539 1.660412 -0.350343
v 0.184539 1.580539 -0.350343
v 0.280343 1.708104 -0.254539
v 0.280343 1.628232 -0.254539
v 0.341853 1.726740 -0.133819
v 0.341853 1.646867 -0.133819
v 0.363048 1.727553 0.000000
v 0.363048 1.647681 0.000000
v 0.341853 1.726740 0.133819
v 0.341853 1.646867 0.133819
v 0.280343 1.708104 0.254539
v 0.280343 1.628232 0.254539
v 0.184539 1.660412 0.350343
v 0.184539 1.580539 0.350343
v 0.063819 1.580906 0.411853
v 0.063819 1.501033 0.411853
v -0.190516 1.414332 0.370912
v -0.070000 1.300887 0.390000
v 0.050517 1.414332 0.370912
v 0.159236 1.495491 0.315517
v 0.245517 1.545619 0.229236
v 0.300912 1.568551 0.120517
v 0.320000 1.571626 0.000000
v 0.300912 1.568551 -0.120517
v 0.245517 1.545619 -0.229236
v 0.159236 1.495491 -0.315517
v 0.050517 1.414332 -0.370912
v -0.070000 1.300887 -0.390000
v -0.190517 1.414332 -0.370912
v -0.299236 1.495491 -0.315517
v -0.385517 1.545619 -0.229236
v -0.440912 1.568551 -0.120516
v -0.460000 1.571626 0.000000
v -0.440912 1.568551 0.120517
v -0.385516 1.545619 0.229237
v -0.299236 1.495491 0.315517
v -0.070000 1.529067 0.390000
v 0.050517 1.642512 0.370912
v -0.190516 1.642512 0.370912
v 0.159236 1.723671 0.315517
v 0.245517 1.773799 0.229236
v 0.300912 1.796731 0.120517
v 0.320000 1.799806 0.000000
v 0.300912 1.796731 -0.120517
v 0.245517 1.773799 -0.229236
v 0.159236 1.723671 -0.315517
v 0.050517 1.642512 -0.370912
v -0.070000 1.529067 -0.390000
v -0.190517 1.642512 -0.370912
v -0.299236 1.723671 -0.315517
v -0.385517 1.773799 -0.229236
v -0.440912 1.796731 -0.120516
v -0.460000 1.799806 0.000000
v -0.440912 1.796731 0.120517
v -0.385516 1.773798 0.229237
v -0.299236 1.723670 0.315517
v -0.070000 1.173435 0.390000
v -0.070000 0.363435 0.390000
v 0.050517 1.286880 0.370912
v 0.050517 0.476880 0.370912
v 0.159236 1.368039 0.315517
v 0.159236 0.558039 0.315517
v 0.245517 1.418167 0.229236
v 0.245517 0.608167 0.229236
v 0.300912 1.441099 0.120517
v 0.300912 0.631099 0.120517
v 0.320000 1.444174 0.000000
v 0.320000 0.634174 0.000000
v 0.300912 1.441099 -0.120517
v 0.300912 0.631099 -0.120517
v 0.245517 1.418167 -0.229236
v 0.245517 0.608167 -0.229236
v 0.159236 1.368039 -0.315517
v 0.159236 0.558039 -0.315517
v 0.050517 1.286880 -0.370912
v 0.050517 0.476880 -0.370912
v -0.070000 1.173435 -0.390000
v -0.070000 0.363435 -0.390000
v -0.190517 1.286880 -0.370912
v -0.190517 0.476880 -0.370912
v -0.299236 1.368039 -0.315517
v -0.299236 0.558039 -0.315517
v -0.385517 1.418167 -0.229236
v -0.385517 0.608167 -0.229236
v -0.440912 1.441099 -0.120516
v -0.440912 0.631099 -0.120516
v -0.460000 1.444174 0.000000
v -0.460000 0.634174 0.000000
v -0.440912 1.441099 0.120517
v -0.440912 0.631099 0.120517
v -0.385516 1.418167 0.229237
v -0.385516 0.608167 0.229237
v -0.299236 1.368039 0.315517
v -0.299236 0.558039 0.315517
v -0.190516 1.286880 0.370912
v -0.190516 0.476880 0.370912
v -0.203819 0.852590 -0.411853
v -0.203819 0.932462 -0.411853
v -0.324539 0.932096 -0.350343
v -0.324539 1.011968 -0.350343
v -0.420343 0.979789 -0.254539
v -0.420343 1.059661 -0.254539
v -0.481853 0.998424 -0.133819
v -0.481853 1.078297 -0.133819
v -0.503048 0.999238 0.000000
v -0.503048 1.079110 0.000000
v -0.481853 0.998424 0.133820
v -0.481853 1.078297 0.133820
v -0.420343 0.979789 0.254540
v -0.420343 1.059661 0.254540
v -0.324539 0.932095 0.350343
v -0.324539 1.011968 0.350343
v -0.070000 0.808371 0.433048
v -0.070000 0.728499 0.433048
v -0.203819 0.852589 0.411853
v -0.203819 0.932462 0.411853
v -0.070000 0.728499 0.390000
v -0.070000 0.808371 0.390000
v 0.050517 0.921817 0.370912
v 0.050517 0.841944 0.370912
v 0.159236 1.002975 0.315517
v 0.159236 0.923103 0.315517
v 0.245517 1.053103 0.229236
v 0.245517 0.973231 0.229236
v 0.300912 1.076036 0.120517
v 0.300912 0.996163 0.120517
v 0.320000 1.079110 0.000000
v 0.320000 0.999238 0.000000
v 0.300912 1.076036 -0.120517
v 0.300912 0.996163 -0.120517
v 0.245517 1.053103 -0.229236
v 0.245517 0.973231 -0.229236
v 0.159236 1.002975 -0.315517
v 0.159236 0.923103 -0.315517
v 0.050517 0.921817 -0.370912
v 0.050517 0.841944 -0.370912
v -0.070000 0.808371 -0.390000
v -0.070000 0.728499 -0.390000
v -0.190517 0.921817 -0.370912
v -0.190517 0.841944 -0.370912
v -0.299236 1.002975 -0.315517
v -0.299236 0.923103 -0.315517
v -0.385517 1.053103 -0.229236
v -0.385517 0.973231 -0.229236
v -0.440912 1.076036 -0.120516
v -0.440912 0.996163 -0.120516
v -0.460000 1.079110 0.000000
v -0.460000 0.999238 0.000000
v -0.440912 1.076035 0.120517
v -0.440912 0.996163 0.120517
v -0.385516 1.053103 0.229237
v -0.385516 0.973230 0.229237
v -0.299236 1.002975 0.315517
v -0.299236 0.923102 0.315517
v -0.190516 0.921816 0.370912
v -0.190516 0.841944 0.370912
v -0.070000 0.808371 -0.433048
v -0.070000 0.728499 -0.433048
v 0.063819 0.932462 -0.411853
v 0.063819 0.852590 -0.411853
v 0.184539 1.011968 -0.350343
v 0.184539 0.932096 -0.350343
v 0.280343 1.059661 -0.254539
v 0.280343 0.979789 -0.254539
v 0.341853 1.078297 -0.133819
v 0.341853 0.998424 -0.133819
v 0.363048 1.079110 0.000000
v 0.363048 0.999238 0.000000
v 0.341853 1.078297 0.133819
v 0.341853 0.998424 0.133819
v 0.280343 1.059661 0.254539
v 0.280343 0.979789 0.254539
v 0.184539 1.011968 0.350343
v 0.184539 0.932096 0.350343
v 0.063819 0.932462 0.411853
v 0.063819 0.852590 0.411853
v -0.190516 0.765889 0.370912
v -0.070000 0.652444 0.390000
v 0.050517 0.765889 0.370912
v 0.159236 0.847048 0.315517
v 0.245517 0.897176 0.229236
v 0.300912 0.920108 0.120517
v 0.320000 0.923183 0.000000
v 0.300912 0.920108 -0.120517
v 0.245517 0.897176 -0.229236
v 0.159236 0.847048 -0.315517
v 0.050517 0.765889 -0.370912
v -0.070000 0.652444 -0.390000
v -0.190517 0.765889 -0.370912
v -0.299236 0.847048 -0.315517
v -0.385517 0.897176 -0.229236
v -0.440912 0.920108 -0.120516
v -0.460000 0.923183 0.000000
v -0.440912 0.920108 0.120517
v -0.385516 0.897176 0.229237
v -0.299236 0.847047 0.315517
v -0.070000 0.880623 0.390000
v 0.050517 0.994069 0.370912
v -0.190516 0.994068 0.370912
v 0.159236 1.075227 0.315517
v 0.245517 1.125355 0.229236
v 0.300912 1.148288 0.120517
v 0.320000 1.151362 0.000000
v 0.300912 1.148288 -0.120517
v 0.245517 1.125355 -0.229236
v 0.159236 1.075227 -0.315517
v 0.050517 0.994069 -0.370912
v -0.070000 0.880623 -0.390000
v -0.190517 0.994069 -0.370912
v -0.299236 1.075227 -0.315517
v -0.385517 1.125355 -0.229236
v -0.440912 1.148288 -0.120516
v -0.460000 1.151362 0.000000
v -0.440912 1.148288 0.120517
v -0.385516 1.125355 0.229237
v -0.299236 1.075227 0.315517
v -0.070000 0.524992 0.390000
v -0.070000 -0.285008 0.390000
v 0.050517 0.638437 0.370912
v 0.050517 -0.171563 0.370912
v 0.159236 0.719595 0.315517
v 0.159236 -0.090405 0.315517
v 0.245517 0.769724 0.229236
v 0.245517 -0.040277 0.229236
v 0.300912 0.792656 0.120517
v 0.300912 -0.017344 0.120517
v 0.320000 0.795731 0.000000
v 0.320000 -0.014269 0.000000
v 0.300912 0.792656 -0.120517
v 0.300912 -0.017344 -0.120517
v 0.245517 0.769724 -0.229236
v 0.245517 -0.040276 -0.229236
v 0.159236 0.719596 -0.315517
v 0.159236 -0.090405 -0.315517
v 0.050517 0.638437 -0.370912
v 0.050517 -0.171563 -0.370912
v -0.070000 0.524992 -0.390000
v -0.070000 -0.285008 -0.390000
v -0.190517 0.638437 -0.370912
v -0.190517 -0.171563 -0.370912
v -0.299236 0.719596 -0.315517
v -0.299236 -0.090405 -0.315517
v -0.385517 0.769724 -0.229236
v -0.385517 -0.040276 -0.229236
v -0.440912 0.792656 -0.120516
v -0.440912 -0.017344 -0.120516
v -0.460000 0.795731 0.000000
v -0.460000 -0.014269 0.000000
v -0.440912 0.792656 0.120517
v -0.440912 -0.017344 0.120517
v -0.385516 0.769723 0.229237
v -0.385516 -0.040277 0.229237
v -0.299236 0.719595 0.315517
v -0.299236 -0.090405 0.315517
v -0.190516 0.638436 0.370912
v -0.190516 -0.171564 0.370912
v -0.203819 0.204147 -0.411853
v -0.203819 0.284019 -0.411853
v -0.324539 0.283652 -0.350343
v -0.324539 0.363525 -0.350343
v -0.420343 0.331345 -0.254539
v -0.420343 0.411218 -0.254539
v -0.481853 0.349981 -0.133819
v -0.481853 0.429853 -0.133819
v -0.503048 0.350794 0.000000
v -0.503048 0.430667 0.000000
v -0.481853 0.349981 0.133820
v -0.481853 0.429853 0.133820
v -0.420343 0.331345 0.254540
v -0.420343 0.411218 0.254540
v -0.324539 0.283652 0.350343
v -0.324539 0.363525 0.350343
v -0.070000 0.159928 0.433048
v -0.070000 0.080055 0.433048
v -0.203819 0.204146 0.411853
v -0.203819 0.284019 0.411853
v -0.070000 0.080055 0.390000
v -0.070000 0.159928 0.390000
v 0.050517 0.273373 0.370912
v 0.050517 0.193501 0.370912
v 0.159236 0.354532 0.315517
v 0.159236 0.274659 0.315517
v 0.245517 0.404660 0.229236
v 0.245517 0.324787 0.229236
v 0.300912 0.427592 0.120517
v 0.300912 0.347720 0.120517
v 0.320000 0.430667 0.000000
v 0.320000 0.350794 0.000000
v 0.300912 0.427592 -0.120517
v 0.300912 0.347720 -0.120517
v 0.245517 0.404660 -0.229236
v 0.245517 0.324787 -0.229236
v 0.159236 0.354532 -0.315517
v 0.159236 0.274659 -0.315517
v 0.050517 0.273373 -0.370912
v 0.050517 0.193501 -0.370912
v -0.070000 0.159928 -0.390000
v -0.070000 0.080055 -0.390000
v -0.190517 0.273373 -0.370912
v -0.190517 0.193501 -0.370912
v -0.299236 0.354532 -0.315517
v -0.299236 0.274659 -0.315517
v -0.385517 0.404660 -0.229236
v -0.385517 0.324787 -0.229236
v -0.440912 0.427592 -0.120516
v -0.440912 0.347720 -0.120516
v -0.460000 0.430667 0.000000
v -0.460000 0.350794 0.000000
v -0.440912 0.427592 0.120517
v -0.440912 0.347720 0.120517
v -0.385516 0.404660 0.229237
v -0.385516 0.324787 0.229237
v -0.299236 0.354532 0.315517
v -0.299236 0.274659 0.315517
v -0.190516 0.273373 0.370912
v -0.190516 0.193500 0.370912
v -0.070000 0.159928 -0.433048
v -0.070000 0.080055 -0.433048
v 0.063819 0.284019 -0.411853
v 0.063819 0.204147 -0.411853
v 0.184539 0.363525 -0.350343
v 0.184539 0.283652 -0.350343
v 0.280343 0.411218 -0.254539
v 0.280343 0.331345 -0.254539
v 0.341853 0.429853 -0.133819
v 0.341853 0.349981 -0.133819
v 0.363048 0.430667 0.000000
v 0.363048 0.350794 0.000000
v 0.341853 0.429853 0.133819
v 0.341853 0.349981 0.133819
v 0.280343 0.411218 0.254539
v 0.280343 0.331345 0.254539
v 0.184539 0.363525 0.350343
v 0.184539 0.283652 0.350343
v 0.063819 0.284019 0.411853
v 0.063819 0.204147 0.411853
v -0.190516 0.117445 0.370912
v -0.070000 0.004000 0.390000
v 0.050517 0.117446 0.370912
v 0.159236 0.198604 0.315517
v 0.245517 0.248732 0.229236
v 0.300912 0.271665 0.120517
v 0.320000 0.274740 0.000000
v 0.300912 0.271665 -0.120517
v 0.245517 0.248732 -0.229236
v 0.159236 0.198604 -0.315517
v 0.050517 0.117446 -0.370912
v -0.070000 0.004000 -0.390000
v -0.190517 0.117446 -0.370912
v -0.299236 0.198604 -0.315517
v -0.385517 0.248732 -0.229236
v -0.440912 0.271665 -0.120516
v -0.460000 0.274740 0.000000
v -0.440912 0.271665 0.120517
v -0.385516 0.248732 0.229237
v -0.299236 0.198604 0.315517
v -0.070000 0.232180 0.390000
v 0.050517 0.345625 0.370912
v -0.190516 0.345625 0.370912
v 0.159236 0.426784 0.315517
v 0.245517 0.476912 0.229236
v 0.300912 0.499844 0.120517
v 0.320000 0.502919 0.000000
v 0.300912 0.499844 -0.120517
v 0.245517 0.476912 -0.229236
v 0.159236 0.426784 -0.315517
v 0.050517 0.345625 -0.370912
v -0.070000 0.232180 -0.390000
v -0.190517 0.345625 -0.370912
v -0.299236 0.426784 -0.315517
v -0.385517 0.476912 -0.229236
v -0.440912 0.499844 -0.120516
v -0.460000 0.502919 0.000000
v -0.440912 0.499844 0.120517
v -0.385516 0.476912 0.229237
v -0.299236 0.426784 0.315517
v -0.070000 -0.123452 0.390000
v -0.070000 -0.933452 0.390000
v 0.050517 -0.010006 0.370912
v 0.050517 -0.820006 0.370912
v 0.159236 0.071152 0.315517
v 0.159236 -0.738848 0.315517
v 0.245517 0.121280 0.229236
v 0.245517 -0.688720 0.229236
v 0.300912 0.144213 0.120517
v 0.300912 -0.665787 0.120517
v 0.320000 0.147287 0.000000
v 0.320000 -0.662713 0.000000
v 0.300912 0.144213 -0.120517
v 0.300912 -0.665787 -0.120517
v 0.245517 0.121280 -0.229236
v 0.245517 -0.688720 -0.229236
v 0.159236 0.071152 -0.315517
v 0.159236 -0.738848 -0.315517
v 0.050517 -0.010006 -0.370912
v 0.050517 -0.820006 -0.370912
v -0.070000 -0.123452 -0.390000
v -0.070000 -0.933452 -0.390000
v -0.190517 -0.010006 -0.370912
v -0.190517 -0.820006 -0.370912
v -0.299236 0.071152 -0.315517
v -0.299236 -0.738848 -0.315517
v -0.385517 0.121280 -0.229236
v -0.385517 -0.688720 -0.229236
v -0.440912 0.144213 -0.120516
v -0.440912 -0.665787 -0.120516
v -0.460000 0.147287 0.000000
v -0.460000 -0.662713 0.000000
v -0.440912 0.144213 0.120517
v -0.440912 -0.665787 0.120517
v -0.385516 0.121280 0.229237
v -0.385516 -0.688720 0.229237
v -0.299236 0.071152 0.315517
v -0.299236 -0.738848 0.315517
v -0.190516 -0.010007 0.370912
v -0.190516 -0.820007 0.370912
v -0.203819 -0.444297 -0.411853
v -0.203819 -0.364424 -0.411853
v -0.324539 -0.364791 -0.350343
v -0.324539 -0.284918 -0.350343
v -0.420343 -0.317098 -0.254539
v -0.420343 -0.237225 -0.254539
v -0.481853 -0.298462 -0.133819
v -0.481853 -0.218590 -0.133819
v -0.503048 -0.297649 0.000000
v -0.503048 -0.217776 0.000000
v -0.481853 -0.298462 0.133820
v -0.481853 -0.218590 0.133820
v -0.420343 -0.317098 0.254540
v -0.420343 -0.237226 0.254540
v -0.324539 -0.364791 0.350343
v -0.324539 -0.284919 0.350343
v -0.070000 -0.488515 0.433048
v -0.070000 -0.568388 0.433048
v -0.203819 -0.444297 0.411853
v -0.203819 -0.364425 0.411853
v -0.070000 -0.568388 0.390000
v -0.070000 -0.488515 0.390000
v 0.050517 -0.375070 0.370912
v 0.050517 -0.454942 0.370912
v 0.159236 -0.293911 0.315517
v 0.159236 -0.373784 0.315517
v 0.245517 -0.243783 0.229236
v 0.245517 -0.323656 0.229236
v 0.300912 -0.220851 0.120517
v 0.300912 -0.300724 0.120517
v 0.320000 -0.217776 0.000000
v 0.320000 -0.297649 0.000000
v 0.300912 -0.220851 -0.120517
v 0.300912 -0.300724 -0.120517
v 0.245517 -0.243783 -0.229236
v 0.245517 -0.323656 -0.229236
v 0.159236 -0.293911 -0.315517
v 0.159236 -0.373784 -0.315517
v 0.050517 -0.375070 -0.370912
v 0.050517 -0.454942 -0.370912
v -0.070000 -0.488515 -0.390000
v -0.070000 -0.568388 -0.390000
v -0.190517 -0.375070 -0.370912
v -0.190517 -0.454942 -0.370912
v -0.299236 -0.293911 -0.315517
v -0.299236 -0.373784 -0.315517
v -0.385517 -0.243783 -0.229236
v -0.385517 -0.323656 -0.229236
v -0.440912 -0.220851 -0.120516
v -0.440912 -0.300724 -0.120516
v -0.460000 -0.217776 0.000000
v -0.460000 -0.297649 0.000000
v -0.440912 -0.220851 0.120517
v -0.440912 -0.300724 0.120517
v -0.385516 -0.243783 0.229237
v -0.385516 -0.323656 0.229237
v -0.299236 -0.293912 0.315517
v -0.299236 -0.373784 0.315517
v -0.190516 -0.375071 0.370912
v -0.190516 -0.454943 0.370912
v -0.070000 -0.488515 -0.433048
v -0.070000 -0.568388 -0.433048
v 0.063819 -0.364424 -0.411853
v 0.063819 -0.444297 -0.411853
v 0.184539 -0.284918 -0.350343
v 0.184539 -0.364791 -0.350343
v 0.280343 -0.237225 -0.254539
v 0.280343 -0.317098 -0.254539
v 0.341853 -0.218590 -0.133819
v 0.341853 -0.298462 -0.133819
v 0.363048 -0.217776 0.000000
v 0.363048 -0.297649 0.000000
v 0.341853 -0.218590 0.133819
v 0.341853 -0.298462 0.133819
v 0.280343 -0.237225 0.254539
v 0.280343 -0.317098 0.254539
v 0.184539 -0.284918 0.350343
v 0.184539 -0.364791 0.350343
v 0.063819 -0.364424 0.411853
v 0.063819 -0.444297 0.411853
v -0.190516 -0.530998 0.370912
v -0.070000 -0.644443 0.390000
v 0.050517 -0.530998 0.370912
v 0.159236 -0.449839 0.315517
v 0.245517 -0.399711 0.229236
v 0.300912 -0.376778 0.120517
v 0.320000 -0.373704 0.000000
v 0.300912 -0.376778 -0.120517
v 0.245517 -0.399711 -0.229236
v 0.159236 -0.449839 -0.315517
v 0.050517 -0.530998 -0.370912
v -0.070000 -0.644443 -0.390000
v -0.190517 -0.530998 -0.370912
v -0.299236 -0.449839 -0.315517
v -0.385517 -0.399711 -0.229236
v -0.440912 -0.376778 -0.120516
v -0.460000 -0.373704 0.000000
v -0.440912 -0.376779 0.120517
v -0.385516 -0.399711 0.229237
v -0.299236 -0.449839 0.315517
v -0.070000 -0.416263 0.390000
v 0.050517 -0.302818 0.370912
v -0.190516 -0.302818 0.370912
v 0.159236 -0.221659 0.315517
v 0.245517 -0.171531 0.229236
v 0.300912 -0.148599 0.120517
v 0.320000 -0.145524 0.000000
v 0.300912 -0.148599 -0.120517
v 0.245517 -0.171531 -0.229236
v 0.159236 -0.221659 -0.315517
v 0.050517 -0.302818 -0.370912
v -0.070000 -0.416263 -0.390000
v -0.190517 -0.302818 -0.370912
v -0.299236 -0.221659 -0.315517
v -0.385517 -0.171531 -0.229236
v -0.440912 -0.148599 -0.120516
v -0.460000 -0.145524 0.000000
v -0.440912 -0.148599 0.120517
v -0.385516 -0.171531 0.229237
v -0.299236 -0.221659 0.315517
v -0.070000 -0.771895 0.390000
v -0.070000 -1.581895 0.390000
v 0.050517 -0.658449 0.370912
v 0.050517 -1.468450 0.370912
v 0.159236 -0.577291 0.315517
v 0.159236 -1.387291 0.315517
v 0.245517 -0.527163 0.229236
v 0.245517 -1.337163 0.229236
v 0.300912 -0.504230 0.120517
v 0.300912 -1.314230 0.120517
v 0.320000 -0.501156 0.000000
v 0.320000 -1.311156 0.000000
v 0.300912 -0.504230 -0.120517
v 0.300912 -1.314230 -0.120517
v 0.245517 -0.527163 -0.229236
v 0.245517 -1.337163 -0.229236
v 0.159236 -0.577291 -0.315517
v 0.159236 -1.387291 -0.315517
v 0.050517 -0.658449 -0.370912
v 0.050517 -1.468449 -0.370912
v -0.070000 -0.771895 -0.390000
v -0.070000 -1.581895 -0.390000
v -0.190517 -0.658449 -0.370912
v -0.190517 -1.468449 -0.370912
v -0.299236 -0.577291 -0.315517
v -0.299236 -1.387291 -0.315517
v -0.385517 -0.527163 -0.229236
v -0.385517 -1.337163 -0.229236
v -0.440912 -0.504230 -0.120516
v -0.440912 -1.314230 -0.120516
v -0.460000 -0.501156 0.000000
v -0.460000 -1.311156 0.000000
v -0.440912 -0.504230 0.120517
v -0.440912 -1.314230 0.120517
v -0.385516 -0.527163 0.229237
v -0.385516 -1.337163 0.229237
v -0.299236 -0.577291 0.315517
v -0.299236 -1.387291 0.315517
v -0.190516 -0.658450 0.370912
v -0.190516 -1.468450 0.370912
v -0.203819 -1.092740 -0.411853
v -0.203819 -1.012867 -0.411853
v -0.324539 -1.013234 -0.350343
v -0.324539 -0.933362 -0.350343
v -0.420343 -0.965541 -0.254539
v -0.420343 -0.885669 -0.254539
v -0.481853 -0.946906 -0.133819
v -0.481853 -0.867033 -0.133819
v -0.503048 -0.946092 0.000000
v -0.503048 -0.866220 0.000000
v -0.481853 -0.946906 0.133820
v -0.481853 -0.867033 0.133820
v -0.420343 -0.965541 0.254540
v -0.420343 -0.885669 0.254540
v -0.324539 -1.013234 0.350343
v -0.324539 -0.933362 0.350343
v -0.070000 -1.136959 0.433048
v -0.070000 -1.216831 0.433048
v -0.203819 -1.092740 0.411853
v -0.203819 -1.012868 0.411853
v -0.070000 -1.216831 0.390000
v -0.070000 -1.136959 0.390000
v 0.050517 -1.023513 0.370912
v 0.050517 -1.103386 0.370912
v 0.159236 -0.942355 0.315517
v 0.159236 -1.022227 0.315517
v 0.245517 -0.892227 0.229236
v 0.245517 -0.972099 0.229236
v 0.300912 -0.869294 0.120517
v 0.300912 -0.949167 0.120517
v 0.320000 -0.866220 0.000000
v 0.320000 -0.946092 0.000000
v 0.300912 -0.869294 -0.120517
v 0.300912 -0.949167 -0.120517
v 0.245517 -0.892226 -0.229236
v 0.245517 -0.972099 -0.229236
v 0.159236 -0.942355 -0.315517
v 0.159236 -1.022227 -0.315517
v 0.050517 -1.023513 -0.370912
v 0.050517 -1.103386 -0.370912
v -0.070000 -1.136959 -0.390000
v -0.070000 -1.216831 -0.390000
v -0.190517 -1.023513 -0.370912
v -0.190517 -1.103386 -0.370912
v -0.299236 -0.942355 -0.315517
v -0.299236 -1.022227 -0.315517
v -0.385517 -0.892226 -0.229236
v -0.385517 -0.972099 -0.229236
v -0.440912 -0.869294 -0.120516
v -0.440912 -0.949167 -0.120516
v -0.460000 -0.866220 0.000000
v -0.460000 -0.946092 0.000000
v -0.440912 -0.869294 0.120517
v -0.440912 -0.949167 0.120517
v -0.385516 -0.892227 0.229237
v -0.385516 -0.972099 0.229237
v -0.299236 -0.942355 0.315517
v -0.299236 -1.022228 0.315517
v -0.190516 -1.023514 0.370912
v -0.190516 -1.103386 0.370912
v -0.070000 -1.136959 -0.433048
v -0.070000 -1.216831 -0.433048
v 0.063819 -1.012867 -0.411853
v 0.063819 -1.092740 -0.411853
v 0.184539 -0.933362 -0.350343
v 0.184539 -1.013234 -0.350343
v 0.280343 -0.885669 -0.254539
v 0.280343 -0.965541 -0.254539
v 0.341853 -0.867033 -0.133819
v 0.341853 -0.946906 -0.133819
v 0.363048 -0.866220 0.000000
v 0.363048 -0.946092 0.000000
v 0.341853 -0.867033 0.133819
v 0.341853 -0.946906 0.133819
v 0.280343 -0.885669 0.254539
v 0.280343 -0.965541 0.254539
v 0.184539 -0.933362 0.350343
v 0.184539 -1.013234 0.350343
v 0.063819 -1.012867 0.411853
v 0.063819 -1.092740 0.411853
v -0.190516 -1.179441 0.370912
v -0.070000 -1.292886 0.390000
v 0.050517 -1.179441 0.370912
v 0.159236 -1.098282 0.315517
v 0.245517 -1.048154 0.229236
v 0.300912 -1.025222 0.120517
v 0.320000 -1.022147 0.000000
v 0.300912 -1.025222 -0.120517
v 0.245517 -1.048154 -0.229236
v 0.159236 -1.098282 -0.315517
v 0.050517 -1.179441 -0.370912
v -0.070000 -1.292886 -0.390000
v -0.190517 -1.179441 -0.370912
v -0.299236 -1.098282 -0.315517
v -0.385517 -1.048154 -0.229236
v -0.440912 -1.025222 -0.120516
v -0.460000 -1.022147 0.000000
v -0.440912 -1.025222 0.120517
v -0.385516 -1.048154 0.229237
v -0.299236 -1.098282 0.315517
v -0.070000 -1.064706 0.390000
v 0.050517 -0.951261 0.370912
v -0.190516 -0.951262 0.370912
v 0.159236 -0.870102 0.315517
v 0.245517 -0.819974 0.229236
v 0.300912 -0.797042 0.120517
v 0.320000 -0.793967 0.000000
v 0.300912 -0.797042 -0.120517
v 0.245517 -0.819974 -0.229236
v 0.159236 -0.870102 -0.315517
v 0.050517 -0.951261 -0.370912
v -0.070000 -1.064706 -0.390000
v -0.190517 -0.951261 -0.370912
v -0.299236 -0.870102 -0.315517
v -0.385517 -0.819974 -0.229236
v -0.440912 -0.797042 -0.120516
v -0.460000 -0.793967 0.000000
v -0.440912 -0.797042 0.120517
v -0.385516 -0.819975 0.229237
v -0.299236 -0.870103 0.315517
v -0.070000 -1.420338 0.390000
v -0.070000 -2.230338 0.390000
v 0.050517 -1.306893 0.370912
v 0.050517 -2.116893 0.370912
v 0.159236 -1.225734 0.315517
v 0.159236 -2.035734 0.315517
v 0.245517 -1.175606 0.229236
v 0.245517 -1.985606 0.229236
v 0.300912 -1.152674 0.120517
v 0.300912 -1.962674 0.120517
v 0.320000 -1.149599 0.000000
v 0.320000 -1.959599 0.000000
v 0.300912 -1.152674 -0.120517
v 0.300912 -1.962674 -0.120517
v 0.245517 -1.175606 -0.229236
v 0.245517 -1.985606 -0.229236
v 0.159236 -1.225734 -0.315517
v 0.159236 -2.035734 -0.315517
v 0.050517 -1.306893 -0.370912
v 0.050517 -2.116893 -0.370912
v -0.070000 -1.420338 -0.390000
v -0.070000 -2.230338 -0.390000
v -0.190517 -1.306893 -0.370912
v -0.190517 -2.116893 -0.370912
v -0.299236 -1.225734 -0.315517
v -0.299236 -2.035734 -0.315517
v -0.385517 -1.175606 -0.229236
v -0.385517 -1.985606 -0.229236
v -0.440912 -1.152674 -0.120516
v -0.440912 -1.962674 -0.120516
v -0.460000 -1.149599 0.000000
v -0.460000 -1.959599 0.000000
v -0.440912 -1.152674 0.120517
v -0.440912 -1.962674 0.120517
v -0.385516 -1.175606 0.229237
v -0.385516 -1.985606 0.229237
v -0.299236 -1.225734 0.315517
v -0.299236 -2.035734 0.315517
v -0.190516 -1.306893 0.370912
v -0.190516 -2.116893 0.370912
v -0.203819 -1.741183 -0.411853
v -0.203819 -1.661310 -0.411853
v -0.324539 -1.661677 -0.350343
v -0.324539 -1.581805 -0.350343
v -0.420343 -1.613984 -0.254539
v -0.420343 -1.534112 -0.254539
v -0.481853 -1.595349 -0.133819
v -0.481853 -1.515476 -0.133819
v -0.503048 -1.594535 0.000000
v -0.503048 -1.514663 0.000000
v -0.481853 -1.595349 0.133820
v -0.481853 -1.515476 0.133820
v -0.420343 -1.613985 0.254540
v -0.420343 -1.534112 0.254540
v -0.324539 -1.661678 0.350343
v -0.324539 -1.581805 0.350343
v -0.070000 -1.785402 0.433048
v -0.070000 -1.865274 0.433048
v -0.203819 -1.741184 0.411853
v -0.203819 -1.661311 0.411853
v -0.070000 -1.865274 0.390000
v -0.070000 -1.785402 0.390000
v 0.050517 -1.671957 0.370912
v 0.050517 -1.751829 0.370912
v 0.159236 -1.590798 0.315517
v 0.159236 -1.670671 0.315517
v 0.245517 -1.540670 0.229236
v 0.245517 -1.620542 0.229236
v 0.300912 -1.517737 0.120517
v 0.300912 -1.597610 0.120517
v 0.320000 -1.514663 0.000000
v 0.320000 -1.594535 0.000000
v 0.300912 -1.517737 -0.120517
v 0.300912 -1.597610 -0.120517
v 0.245517 -1.540670 -0.229236
v 0.245517 -1.620542 -0.229236
v 0.159236 -1.590798 -0.315517
v 0.159236 -1.670671 -0.315517
v 0.050517 -1.671957 -0.370912
v 0.050517 -1.751829 -0.370912
v -0.070000 -1.785402 -0.390000
v -0.070000 -1.865274 -0.390000
v -0.190517 -1.671957 -0.370912
v -0.190517 -1.751829 -0.370912
v -0.299236 -1.590798 -0.315517
v -0.299236 -1.670671 -0.315517
v -0.385517 -1.540670 -0.229236
v -0.385517 -1.620542 -0.229236
v -0.440912 -1.517737 -0.120516
v -0.440912 -1.597610 -0.120516
v -0.460000 -1.514663 0.000000
v -0.460000 -1.594535 0.000000
v -0.440912 -1.517737 0.120517
v -0.440912 -1.597610 0.120517
v -0.385516 -1.540670 0.229237
v -0.385516 -1.620543 0.229237
v -0.299236 -1.590798 0.315517
v -0.299236 -1.670671 0.315517
v -0.190516 -1.671957 0.370912
v -0.190516 -1.751830 0.370912
v -0.070000 -1.785402 -0.433048
v -0.070000 -1.865274 -0.433048
v 0.063819 -1.661310 -0.411853
v 0.063819 -1.741183 -0.411853
v 0.184539 -1.581805 -0.350343
v 0.184539 -1.661677 -0.350343
v 0.280343 -1.534112 -0.254539
v 0.280343 -1.613984 -0.254539
v 0.341853 -1.515476 -0.133819
v 0.341853 -1.595349 -0.133819
v 0.363048 -1.514663 0.000000
v 0.363048 -1.594535 0.000000
v 0.341853 -1.515476 0.133819
v 0.341853 -1.595349 0.133819
v 0.280343 -1.534112 0.254539
v 0.280343 -1.613984 0.254539
v 0.184539 -1.581805 0.350343
v 0.184539 -1.661677 0.350343
v 0.063819 -1.661311 0.411853
v 0.063819 -1.741183 0.411853
v -0.190516 -1.827884 0.370912
v -0.070000 -1.941329 0.390000
v 0.050517 -1.827884 0.370912
v 0.159236 -1.746726 0.315517
v 0.245517 -1.696597 0.229236
v 0.300912 -1.673665 0.120517
v 0.320000 -1.670590 0.000000
v 0.300912 -1.673665 -0.120517
v 0.245517 -1.696597 -0.229236
v 0.159236 -1.746725 -0.315517
v 0.050517 -1.827884 -0.370912
v -0.070000 -1.941329 -0.390000
v -0.190517 -1.827884 -0.370912
v -0.299236 -1.746725 -0.315517
v -0.385517 -1.696597 -0.229236
v -0.440912 -1.673665 -0.120516
v -0.460000 -1.670590 0.000000
v -0.440912 -1.673665 0.120517
v -0.385516 -1.696598 0.229237
v -0.299236 -1.746726 0.315517
v -0.070000 -1.713150 0.390000
v 0.050517 -1.599704 0.370912
v -0.190516 -1.599705 0.370912
v 0.159236 -1.518546 0.315517
v 0.245517 -1.468418 0.229236
v 0.300912 -1.445485 0.120517
v 0.320000 -1.442410 0.000000
v 0.300912 -1.445485 -0.120517
v 0.245517 -1.468418 -0.229236
v 0.159236 -1.518546 -0.315517
v 0.050517 -1.599704 -0.370912
v -0.070000 -1.713150 -0.390000
v -0.190517 -1.599704 -0.370912
v -0.299236 -1.518546 -0.315517
v -0.385517 -1.468418 -0.229236
v -0.440912 -1.445485 -0.120516
v -0.460000 -1.442410 0.000000
v -0.440912 -1.445485 0.120517
v -0.385516 -1.468418 0.229237
v -0.299236 -1.518546 0.315517
v -0.070000 -2.068782 0.390000
v -0.070000 -2.744023 0.390000
v 0.050517 -1.955336 0.370912
v 0.050517 -2.744023 0.370912
v 0.159236 -1.874177 0.315517
v 0.159236 -2.744023 0.315517
v 0.245517 -1.824049 0.229236
v 0.245517 -2.744023 0.229236
v 0.300912 -1.801117 0.120517
v 0.300912 -2.744023 0.120517
v 0.320000 -1.798042 0.000000
v 0.320000 -2.744023 0.000000
v 0.300912 -1.801117 -0.120517
v 0.300912 -2.744023 -0.120517
v 0.245517 -1.824049 -0.229236
v 0.245517 -2.744023 -0.229236
v 0.159236 -1.874177 -0.315517
v 0.159236 -2.744023 -0.315517
v 0.050517 -1.955336 -0.370912
v 0.050517 -2.744023 -0.370912
v -0.070000 -2.068782 -0.390000
v -0.070000 -2.744023 -0.390000
v -0.190517 -1.955336 -0.370912
v -0.190517 -2.744023 -0.370912
v -0.299236 -1.874177 -0.315517
v -0.299236 -2.744023 -0.315517
v -0.385517 -1.824049 -0.229236
v -0.385517 -2.744023 -0.229236
v -0.440912 -1.801117 -0.120516
v -0.440912 -2.744023 -0.120516
v -0.460000 -1.798042 0.000000
v -0.460000 -2.744023 0.000000
v -0.440912 -1.801117 0.120517
v -0.440912 -2.744023 0.120517
v -0.385516 -1.824050 0.229237
v -0.385516 -2.744023 0.229237
v -0.299236 -1.874178 0.315517
v -0.299236 -2.744023 0.315517
v -0.190516 -1.955337 0.370912
v -0.190516 -2.744023 0.370912
v -0.203819 -2.389627 -0.411853
v -0.203819 -2.309754 -0.411853
v -0.324539 -2.310121 -0.350343
v -0.324539 -2.230248 -0.350343
v -0.420343 -2.262428 -0.254539
v -0.420343 -2.182555 -0.254539
v -0.481853 -2.243793 -0.133819
v -0.481853 -2.163920 -0.133819
v -0.503048 -2.242979 0.000000
v -0.503048 -2.163106 0.000000
v -0.481853 -2.243793 0.133820
v -0.481853 -2.163920 0.133820
v -0.420343 -2.262428 0.254540
v -0.420343 -2.182555 0.254540
v -0.324539 -2.310121 0.350343
v -0.324539 -2.230248 0.350343
v -0.070000 -2.433846 0.433048
v -0.070000 -2.513718 0.433048
v -0.203819 -2.389627 0.411853
v -0.203819 -2.309754 0.411853
v -0.070000 -2.513718 0.390000
v -0.070000 -2.433846 0.390000
v 0.050517 -2.320400 0.370912
v 0.050517 -2.400272 0.370912
v 0.159236 -2.239241 0.315517
v 0.159236 -2.319114 0.315517
v 0.245517 -2.189113 0.229236
v 0.245517 -2.268986 0.229236
v 0.300912 -2.166181 0.120517
v 0.300912 -2.246053 0.120517
v 0.320000 -2.163106 0.000000
v 0.320000 -2.242979 0.000000
v 0.300912 -2.166181 -0.120517
v 0.300912 -2.246053 -0.120517
v 0.245517 -2.189113 -0.229236
v 0.245517 -2.268986 -0.229236
v 0.159236 -2.239241 -0.315517
v 0.159236 -2.319114 -0.315517
v 0.050517 -2.320400 -0.370912
v 0.050517 -2.400272 -0.370912
v -0.070000 -2.433846 -0.390000
v -0.070000 -2.513718 -0.390000
v -0.190517 -2.320400 -0.370912
v -0.190517 -2.400272 -0.370912
v -0.299236 -2.239241 -0.315517
v -0.299236 -2.319114 -0.315517
v -0.385517 -2.189113 -0.229236
v -0.385517 -2.268986 -0.229236
v -0.440912 -2.166181 -0.120516
v -0.440912 -2.246053 -0.120516
v -0.460000 -2.163106 0.000000
v -0.460000 -2.242979 0.000000
v -0.440912 -2.166181 0.120517
v -0.440912 -2.246053 0.120517
v -0.385516 -2.189114 0.229237
v -0.385516 -2.268986 0.229237
v -0.299236 -2.239242 0.315517
v -0.299236 -2.319114 0.315517
v -0.190516 -2.320400 0.370912
v -0.190516 -2.400273 0.370912
v -0.070000 -2.433846 -0.433048
v -0.070000 -2.513718 -0.433048
v 0.063819 -2.309754 -0.411853
v 0.063819 -2.389627 -0.411853
v 0.184539 -2.230248 -0.350343
v 0.184539 -2.310121 -0.350343
v 0.280343 -2.182555 -0.254539
v 0.280343 -2.262428 -0.254539
v 0.341853 -2.163920 -0.133819
v 0.341853 -2.243793 -0.133819
v 0.363048 -2.163106 0.000000
v 0.363048 -2.242979 0.000000
v 0.341853 -2.163920 0.133819
v 0.341853 -2.243793 0.133819
v 0.280343 -2.182555 0.254539
v 0.280343 -2.262428 0.254539
v 0.184539 -2.230248 0.350343
v 0.184539 -2.310121 0.350343
v 0.063819 -2.309754 0.411853
v 0.063819 -2.389627 0.411853
v -0.190516 -2.476328 0.370912
v -0.070000 -2.589773 0.390000
v 0.050517 -2.476327 0.370912
v 0.159236 -2.395169 0.315517
v 0.245517 -2.345041 0.229236
v 0.300912 -2.322108 0.120517
v 0.320000 -2.319034 0.000000
v 0.300912 -2.322108 -0.120517
v 0.245517 -2.345041 -0.229236
v 0.159236 -2.395169 -0.315517
v 0.050517 -2.476327 -0.370912
v -0.070000 -2.589773 -0.390000
v -0.190517 -2.476327 -0.370912
v -0.299236 -2.395169 -0.315517
v -0.385517 -2.345041 -0.229236
v -0.440912 -2.322108 -0.120516
v -0.460000 -2.319034 0.000000
v -0.440912 -2.322108 0.120517
v -0.385516 -2.345041 0.229237
v -0.299236 -2.395169 0.315517
v -0.070000 -2.361593 0.390000
v 0.050517 -2.248147 0.370912
v -0.190516 -2.248148 0.370912
v 0.159236 -2.166989 0.315517
v 0.245517 -2.116861 0.229236
v 0.300912 -2.093929 0.120517
v 0.320000 -2.090854 0.000000
v 0.300912 -2.093929 -0.120517
v 0.245517 -2.116861 -0.229236
v 0.159236 -2.166989 -0.315517
v 0.050517 -2.248147 -0.370912
v -0.070000 -2.361593 -0.390000
v -0.190517 -2.248147 -0.370912
v -0.299236 -2.166989 -0.315517
v -0.385517 -2.116861 -0.229236
v -0.440912 -2.093929 -0.120516
v -0.460000 -2.090854 0.000000
v -0.440912 -2.093929 0.120517
v -0.385516 -2.116861 0.229237
v -0.299236 -2.166989 0.315517
vn -0.0000 0.3566 -0.9342
vn 0.1951 -0.0000 -0.9808
vn -0.0000 -0.0000 -1.0000
vn 0.1823 0.3566 -0.9163
vn 0.3827 -0.0000 -0.9239
vn 0.3575 0.3566 -0.8631
vn 0.5556 -0.0000 -0.8315
vn 0.5190 0.3566 -0.7768
vn 0.7071 -0.0000 -0.7071
vn 0.6606 0.3567 -0.6606
vn 0.8315 -0.0000 -0.5556
vn 0.8631 0.3566 -0.3575
vn 0.9239 -0.0000 -0.3827
vn 0.9808 -0.0000 -0.1951
vn 0.9163 0.3566 -0.1823
vn 1.0000 -0.0000 -0.0000
vn 0.9342 0.3566 -0.0000
vn 0.9808 -0.0000 0.1951
vn 0.8631 0.3566 0.3575
vn 0.9239 -0.0000 0.3827
vn 0.8315 -0.0000 0.5556
vn 0.7768 0.3566 0.5190
vn 0.7071 -0.0000 0.7071
vn 0.6606 0.3566 0.6606
vn 0.5556 -0.0000 0.8315
vn 0.5190 0.3566 0.7768
vn 0.3827 -0.0000 0.9239
vn 0.3575 0.3566 0.8631
vn 0.1951 -0.0000 0.9808
vn 0.1823 0.3566 0.9163
vn -0.0000 -0.0000 1.0000
vn -0.0000 0.3566 0.9342
vn -0.1951 -0.0000 0.9808
vn -0.1823 0.3566 0.9163
vn -0.3827 -0.0000 0.9239
vn -0.3575 0.3566 0.8631
vn -0.5556 -0.0000 0.8315
vn -0.5190 0.3566 0.7768
vn -0.7071 -0.0000 0.7071
vn -0.6606 0.3566 0.6606
vn -0.8315 -0.0000 0.5556
vn -0.8631 0.3566 0.3575
vn -0.9239 -0.0000 0.3827
vn -0.9163 0.3566 0.1823
vn -0.9808 -0.0000 0.1951
vn -1.0000 -0.0000 -0.0000
vn -0.9342 0.3566 -0.0000
vn -0.9808 -0.0000 -0.1951
vn -0.9163 0.3566 -0.1823
vn -0.9239 -0.0000 -0.3827
vn -0.8631 0.3566 -0.3575
vn -0.8315 -0.0000 -0.5556
vn -0.7768 0.3566 -0.5190
vn -0.7071 -0.0000 -0.7071
vn -0.6606 0.3566 -0.6606
vn -0.5556 -0.0000 -0.8315
vn -0.5190 0.3566 -0.7768
vn -0.3827 -0.0000 -0.9239
vn -0.3575 0.3566 -0.8631
vn -0.1951 -0.0000 -0.9808
vn -0.1823 0.3566 -0.9163
vn -0.1420 0.6857 -0.7139
vn -0.2785 0.6857 -0.6725
vn -0.4044 0.6857 -0.6052
vn -0.5147 0.6857 -0.5147
vn -0.6052 0.6857 -0.4044
vn -0.6725 0.6857 -0.2785
vn -0.7139 0.6857 -0.1420
vn -0.7279 0.6857 -0.0000
vn -0.7139 0.6857 0.1420
vn -0.6725 0.6857 0.2785
vn -0.6052 0.6857 0.4044
vn -0.5147 0.6857 0.5147
vn -0.4044 0.6857 0.6052
vn -0.2785 0.6857 0.6725
vn -0.1420 0.6857 0.7139
vn -0.0000 0.6857 0.7279
vn 0.1420 0.6857 0.7139
vn 0.2785 0.6857 0.6725
vn 0.4044 0.6857 0.6052
vn 0.5147 0.6857 0.5147
vn 0.6052 0.6857 0.4044
vn 0.6725 0.6857 0.2785
vn 0.7139 0.6857 0.1420
vn 0.7279 0.6857 -0.0000
vn 0.7139 0.6857 -0.1420
vn 0.6052 0.6857 -0.4044
vn 0.5147 0.6857 -0.5147
vn 0.4044 0.6857 -0.6052
vn 0.2785 0.6857 -0.6725
vn 0.1420 0.6857 -0.7139
vn -0.0000 0.6857 -0.7279
vn -0.4044 -0.6857 0.6052
vn -0.2616 -0.7298 0.6316
vn -0.2785 -0.6857 0.6725
vn 0.3798 0.7298 -0.5684
vn -0.1334 0.7298 -0.6705
vn -0.0000 0.7298 -0.6836
vn -0.2616 0.7298 -0.6316
vn -0.7279 -0.6857 -0.0000
vn -0.6705 -0.7298 -0.1334
vn -0.6836 -0.7298 -0.0000
vn 0.6836 0.7298 -0.0000
vn 0.6705 0.7298 0.1334
vn -0.6725 -0.6857 0.2785
vn -0.6705 -0.7298 0.1334
vn -0.6316 -0.7298 0.2616
vn 0.6316 0.7298 -0.2616
vn 0.6705 0.7298 -0.1334
vn 0.4044 -0.6857 -0.6052
vn 0.4834 -0.7298 -0.4834
vn 0.3798 -0.7298 -0.5684
vn 0.1420 -0.6857 -0.7139
vn 0.2616 -0.7298 -0.6316
vn 0.1334 -0.7298 -0.6705
vn -0.4044 -0.6857 -0.6052
vn -0.4834 -0.7298 -0.4834
vn -0.5147 -0.6857 -0.5147
vn 0.3798 0.7298 0.5684
vn -0.6052 -0.6857 -0.4044
vn -0.6316 -0.7298 -0.2616
vn -0.6725 -0.6857 -0.2785
vn 0.5684 0.7298 0.3798
vn 0.7139 -0.6857 -0.1420
vn 0.6836 -0.7298 -0.0000
vn 0.6705 -0.7298 -0.1334
vn 0.6725 -0.6857 -0.2785
vn 0.5684 -0.7298 -0.3798
vn 0.6052 -0.6857 -0.4044
vn -0.0000 0.7298 0.6836
vn -0.1334 0.7298 0.6705
vn -0.2785 -0.6857 -0.6725
vn -0.1334 -0.7298 -0.6705
vn -0.2616 -0.7298 -0.6316
vn 0.1334 0.7298 0.6705
vn 0.5147 -0.6857 0.5147
vn 0.5684 -0.7298 0.3798
vn 0.6052 -0.6857 0.4044
vn 0.7139 -0.6857 0.1420
vn 0.6316 -0.7298 0.2616
vn 0.6705 -0.7298 0.1334
vn -0.5684 0.7298 0.3798
vn -0.2616 0.7298 0.6316
vn -0.3798 0.7298 0.5684
vn -0.0000 -0.6857 0.7279
vn 0.1334 -0.7298 0.6705
vn 0.1420 -0.6857 0.7139
vn 0.4044 -0.6857 0.6052
vn 0.2616 -0.7298 0.6316
vn 0.3798 -0.7298 0.5684
vn -0.6705 0.7298 -0.1334
vn -0.6705 0.7298 0.1334
vn -0.5147 -0.6857 0.5147
vn -0.3798 -0.7298 0.5684
vn 0.4834 0.7298 -0.4834
vn -0.1334 -0.7298 0.6705
vn -0.1420 -0.6857 0.7139
vn 0.2616 0.7298 -0.6316
vn -0.3798 0.7298 -0.5684
vn -0.3798 -0.7298 -0.5684
vn -0.5684 -0.7298 -0.3798
vn -0.5684 -0.7298 0.3798
vn -0.4834 -0.7298 0.4834
vn -0.0000 -0.7298 0.6836
vn 0.4834 -0.7298 0.4834
vn 0.6316 -0.7298 -0.2616
vn -0.0000 -0.7298 -0.6836
vn 0.5684 0.7298 -0.3798
vn -0.6316 0.7298 -0.2616
vn -0.5684 0.7298 -0.3798
vn -0.4834 0.7298 -0.4834
vn 0.2785 -0.6857 0.6725
vn 0.1334 0.7298 -0.6705
vn -0.6316 0.7298 0.2616
vn -0.6836 0.7298 -0.0000
vn 0.6725 -0.6857 0.2785
vn -0.4834 0.7298 0.4834
vn 0.7279 -0.6857 -0.0000
vn 0.2616 0.7298 0.6316
vn -0.0000 -0.6857 -0.7279
vn -0.1420 -0.6857 -0.7139
vn 0.2785 -0.6857 -0.6725
vn 0.5147 -0.6857 -0.5147
vn 0.6316 0.7298 0.2616
vn -0.7139 -0.6857 -0.1420
vn 0.4834 0.7298 0.4834
vn 0.6725 0.6857 -0.2785
vn -0.6052 -0.6857 0.4044
vn -0.7139 -0.6857 0.1420
vn -0.2812 0.6783 -0.6789
vn -0.1434 0.6783 -0.7207
vn -0.6110 0.6783 -0.4082
vn -0.5196 0.6783 -0.5196
vn -0.7207 0.6783 -0.1434
vn -0.7768 0.3566 0.5190
vn -0.6789 0.6783 0.2812
vn -0.1434 0.6783 0.7207
vn -0.7207 0.6783 0.1434
vn 0.2812 0.6783 0.6789
vn -0.4083 0.6783 0.6110
vn -0.5196 0.6782 0.5196
vn 0.1434 0.6783 0.7207
vn 0.7768 0.3566 -0.5190
vn 0.6789 0.6783 -0.2812
vn 0.6110 0.6782 0.4083
vn 0.5196 0.6783 0.5196
vn 0.7207 0.6783 0.1434
vn 0.9163 0.3566 0.1823
vn 0.4083 0.6783 -0.6110
vn 0.5196 0.6783 -0.5196
vn -0.0000 0.6783 -0.7348
vn 0.1434 0.6783 -0.7207
vn 0.7207 0.6783 -0.1434
vn -0.4082 0.6783 -0.6110
vn -0.6789 0.6783 -0.2812
vn -0.6110 0.6782 0.4083
vn -0.2812 0.6783 0.6789
vn -0.7348 0.6783 -0.0000
vn 0.4083 0.6782 0.6110
vn 0.6789 0.6782 0.2812
vn -0.0000 0.6782 0.7348
vn 0.2812 0.6783 -0.6789
vn 0.7348 0.6783 -0.0000
vn 0.6110 0.6783 -0.4083
vn -0.6889 -0.0115 -0.7247
vn -0.9234 -0.0616 0.3789
vn -0.7281 -0.0263 -0.6849
vn -0.4624 0.0271 0.8863
vn -0.8330 -0.0148 0.5531
vn -0.8262 -0.0094 0.5633
vn -0.8532 -0.0139 0.5214
vn -0.2762 0.1084 0.9550
vn -0.8774 0.0159 0.4795
vn -0.5257 -0.0216 -0.8504
vn -0.9886 0.0248 0.1484
vn -0.2220 -0.4580 -0.8608
vn -0.9959 -0.0342 0.0843
vn -0.5494 0.0247 0.8352
vn -0.7576 -0.0276 0.6522
vn -0.7651 0.0471 -0.6422
vn -0.9581 0.2583 0.1239
vn -0.7428 0.0272 -0.6690
vn -0.9204 -0.0210 -0.3905
vn -0.7632 0.0901 -0.6398
vn -0.5209 -0.0570 0.8517
vn -0.6563 0.0489 0.7529
vn -0.4474 -0.0618 0.8922
vn -0.8425 0.0298 0.5378
vn -0.4583 -0.0202 0.8886
vn -0.9984 0.0476 -0.0296
vn -0.4526 -0.0024 0.8917
vn -0.9928 0.0629 0.1018
vn -0.4873 0.0108 0.8732
vn -0.9842 0.0601 0.1664
vn -0.4774 0.0030 0.8787
vn -0.9642 0.0611 0.2581
vn -0.4542 -0.0019 0.8909
vn -0.9709 0.0608 0.2318
vn -0.4526 -0.0018 0.8917
vn -0.9980 0.0492 -0.0390
vn -0.5231 0.0109 0.8522
vn -0.9925 0.0388 -0.1156
vn -0.6529 0.0244 0.7571
vn -0.9980 0.0404 -0.0482
vn -0.7426 0.0235 0.6693
vn -0.9735 0.0100 -0.2283
vn -0.7410 -0.0046 0.6715
vn -0.4646 -0.0623 -0.8833
vn -0.6769 -0.0169 0.7359
vn -0.9923 0.0181 0.1227
vn -0.8380 0.0378 0.5444
vn -0.2420 -0.0822 -0.9668
vn -0.9889 0.0654 0.1336
vn -0.9892 0.0183 0.1453
vn -0.9858 0.0379 0.1635
vn -0.9887 0.0115 0.1492
vn -0.7288 0.0951 -0.6781
vn -0.9780 0.0290 0.2066
vn -0.3956 -0.1869 -0.8992
vn -0.6933 -0.0094 -0.7206
vn -0.5818 -0.6231 0.5228
vn -0.4644 -0.8172 -0.3413
vn 0.1301 -0.7017 -0.7005
vn 0.0353 -0.9246 -0.3792
vn 0.6186 -0.5926 0.5159
vn 0.5405 0.0728 -0.8382
vn 0.6886 -0.4976 -0.5275
vn 0.7530 0.0584 -0.6555
vn 0.8622 0.1535 -0.4827
vn 0.4134 -0.0287 -0.9101
vn 0.9414 -0.0460 0.3341
vn 0.3729 0.0859 0.9239
vn 0.9910 -0.0064 0.1335
vn 0.9853 -0.0153 -0.1701
vn 0.9050 0.0021 -0.4255
vn 0.4995 0.0991 0.8606
vn 0.8061 0.1183 0.5799
vn 0.6703 -0.2858 -0.6848
vn 0.6553 -0.1989 -0.7287
vn 0.9119 -0.1840 0.3668
vn 0.5358 -0.2798 -0.7966
vn 0.7105 0.0284 0.7032
vn 0.3578 0.1573 0.9204
vn 0.7658 0.0099 0.6429
vn 0.6109 -0.1017 -0.7851
vn 0.9616 -0.0173 0.2738
vn 0.7725 0.2144 0.5977
vn 0.8103 0.2451 -0.5323
vn 0.4153 0.6738 0.6112
vn 0.4730 0.7020 -0.5324
vn -0.2204 0.7995 0.5587
vn -0.2137 0.7067 -0.6745
vn -0.7057 0.4785 0.5225
vn -0.6054 0.2759 -0.7466
vn -0.9083 0.1017 0.4058
vn -0.8022 -0.0105 0.5970
vn -0.0418 -0.9971 -0.0636
vn -0.6787 0.0023 0.7344
vn -0.9799 -0.1473 -0.1346
vn -0.6767 -0.1155 -0.7272
vn 0.3645 0.0860 0.9272
vn 0.7120 -0.0809 -0.6975
vn 0.7084 -0.0221 -0.7054
vn 0.5859 0.0817 0.8062
vn 0.8794 -0.0299 0.4751
vn 0.6105 0.0146 0.7919
vn 0.8273 -0.0517 -0.5593
vn 0.2947 -0.0862 0.9517
vn 0.9116 -0.0913 -0.4008
vn 0.0923 -0.0107 -0.9957
vn 0.9088 -0.1317 0.3960
vn 0.1748 0.4487 0.8764
vn 0.8805 0.1484 0.4502
vn 0.7564 0.1035 0.6459
vn 0.6815 0.1873 -0.7075
vn 0.4902 -0.3758 0.7864
vn 0.6616 -0.3779 -0.6477
vn 0.5664 -0.1140 -0.8162
vn 0.8581 -0.1943 0.4753
vn 0.0649 0.6268 -0.7765
vn 0.6771 0.0032 -0.7359
vn 0.6749 0.4669 0.5715
vn 0.6939 -0.3242 0.6430
vn 0.7942 0.4994 0.3462
vn -0.2753 0.8582 0.4333
vn 0.9389 0.0717 0.3365
vn 0.3394 0.2163 -0.9154
vn 0.9054 -0.0156 0.4242
vn 0.3264 0.2229 0.9186
vn 0.8703 -0.0017 0.4926
vn 0.2809 0.1367 0.9500
vn 0.8954 -0.0696 0.4399
vn 0.4284 0.1380 0.8930
vn 0.9048 -0.0841 0.4174
vn 0.0080 0.9891 -0.1468
vn 0.8977 -0.0763 0.4339
vn 0.0538 -0.0496 -0.9973
vn 0.8449 -0.0626 0.5312
vn 0.0934 -0.0686 -0.9933
vn 0.7379 -0.0836 0.6698
vn 0.0152 -0.0996 -0.9949
vn 0.6416 -0.1670 0.7487
vn 0.0955 -0.0939 -0.9910
vn 0.6937 -0.1738 0.6990
vn -0.1593 -0.0183 -0.9871
vn 0.0050 -0.8882 0.4594
vn 0.9846 -0.0176 -0.1737
vn -0.1013 -0.0234 -0.9946
vn 0.1597 -0.1659 0.9731
vn 0.1687 0.1940 0.9664
vn 0.1432 -0.1043 0.9842
vn 0.2641 -0.0599 -0.9626
vn 0.1254 0.3303 0.9355
vn 0.9766 -0.0384 -0.2118
vn 0.8427 -0.0292 -0.5376
vn 0.6371 0.4244 -0.6434
vn 0.4684 0.5046 0.7252
vn 0.0144 0.8820 -0.4710
vn -0.0123 0.4880 -0.8728
vn -0.5752 -0.2680 0.7729
vn -0.5733 0.4963 0.6519
vn -0.2086 0.2174 -0.9535
vn -0.6208 0.3284 -0.7119
vn -0.7875 0.0180 -0.6161
vn -0.2971 -0.2530 0.9207
vn -0.9088 0.0601 -0.4128
vn -0.1223 0.1591 0.9797
vn -0.9290 0.1586 0.3344
vn -0.0241 -0.6890 -0.7244
vn -0.9190 0.0100 0.3942
vn -0.7204 0.2275 0.6552
vn -0.7932 0.0034 -0.6089
vn -0.8012 0.1303 -0.5840
vn -0.3766 0.2467 0.8929
vn -0.8171 -0.1558 -0.5551
vn -0.7236 0.1493 0.6739
vn -0.9562 0.0540 0.2878
vn -0.6170 -0.0020 0.7870
vn -0.8188 -0.0570 -0.5713
vn -0.2440 -0.1962 0.9497
vn -0.6006 -0.2387 -0.7631
vn -0.7360 -0.2831 0.6149
vn -0.3576 -0.6965 -0.6221
vn -0.3920 -0.6309 0.6696
vn 0.2377 -0.7746 -0.5860
vn 0.2506 -0.7163 0.6512
vn 0.5890 -0.4394 -0.6782
vn 0.6975 -0.3238 0.6392
vn 0.6981 -0.0897 -0.7103
vn 0.7641 0.0705 0.6412
vn 0.5918 0.1342 0.7949
vn 0.1618 -0.1005 -0.9817
vn 0.8884 0.0861 0.4510
vn 0.6474 0.0050 -0.7621
vn -0.4032 0.0208 -0.9149
vn 0.5295 0.0473 0.8470
vn -0.0000 -1.0000 -0.0000
vn 0.6725 -0.6857 0.2786
vn 0.6725 -0.6857 -0.2786
vn -0.2786 -0.6857 -0.6725
vn 0.2786 -0.6857 -0.6725
vn -0.6725 -0.6857 -0.2786
vn -0.6725 -0.6857 0.2786
vn -0.2786 -0.6857 0.6725
vn 0.2786 -0.6857 0.6725
vn -0.0000 -0.7995 0.6006
vn -0.0000 -0.9986 -0.0537
vn -0.0000 0.7992 -0.6010
vn -0.0000 0.7994 -0.6008
vn -0.0000 0.9804 0.1971
vn -0.0000 -0.7994 -0.6008
vn -0.0000 -0.9804 -0.1971
vn -0.0000 -0.9804 0.1971
vn -0.0000 0.9986 0.0537
vn -0.0000 0.7994 0.6008
vn -0.0000 0.9986 -0.0537
vn -0.0000 0.9804 -0.1971
vn -0.0000 -0.9986 0.0537
vn -0.0000 1.0000 -0.0000
vn 0.1793 0.3937 -0.9016
vn 0.5064 0.4155 -0.7556
vn 0.3753 0.2072 -0.9035
vn 0.3489 0.4102 -0.8426
vn 0.1470 -0.6577 -0.7388
vn -0.0013 -0.1589 -0.9873
vn -0.0000 -0.6577 -0.7533
vn -0.7389 -0.6576 -0.1470
vn -0.9841 -0.1773 -0.0000
vn -0.7533 -0.6577 -0.0000
vn 0.6960 -0.6577 -0.2883
vn 0.8223 -0.1449 -0.5503
vn 0.6264 -0.6576 -0.4185
vn -0.2883 -0.6576 -0.6960
vn -0.5486 -0.1689 -0.8188
vn -0.4185 -0.6576 -0.6264
vn 0.2883 -0.6577 -0.6960
vn 0.1914 -0.1555 -0.9691
vn -0.9097 -0.1760 -0.3762
vn -0.6960 -0.6576 -0.2883
vn 0.9899 -0.1420 -0.0000
vn 0.7388 -0.6577 -0.1470
vn 0.7533 -0.6576 -0.0000
vn -0.1470 -0.6576 -0.7389
vn 0.9707 -0.1423 -0.1934
vn 0.5327 -0.6576 -0.5327
vn 0.5485 -0.1491 -0.8228
vn 0.4185 -0.6576 -0.6264
vn -0.3785 -0.1657 -0.9106
vn -0.6972 -0.1721 -0.6959
vn -0.6264 -0.6576 -0.4185
vn -0.5327 -0.6576 -0.5327
vn 0.3771 -0.1522 -0.9136
vn 0.6989 -0.1470 -0.7000
vn -0.7726 0.3698 -0.5161
vn -0.9079 0.1846 -0.3765
vn -0.8595 0.3667 -0.3560
vn 0.7533 0.4231 -0.5035
vn 0.6922 0.2114 -0.6900
vn 0.6430 0.4194 -0.6409
vn -0.5152 0.3799 -0.7683
vn -0.6945 0.1879 -0.6946
vn -0.6567 0.3741 -0.6549
vn 0.1783 0.4043 -0.8971
vn 0.0011 0.2008 -0.9796
vn -0.0001 0.3980 -0.9174
vn -0.9132 0.3648 -0.1816
vn -0.9831 0.1832 -0.0000
vn -0.9313 0.3642 -0.0000
vn 0.8359 0.4259 -0.3463
vn 0.8125 0.2139 -0.5422
vn -0.3532 0.3856 -0.8524
vn -0.5451 0.1919 -0.8161
vn 0.1920 0.2041 -0.9599
vn 0.9036 0.4283 -0.0000
vn 0.9576 0.2163 -0.1903
vn 0.8865 0.4277 -0.1764
vn -0.9641 0.1836 -0.1920
vn -0.1902 0.1975 -0.9617
vn -0.1796 0.3917 -0.9024
vn 0.9023 0.2154 -0.3733
vn 0.5445 0.2105 -0.8119
vn -0.3745 0.1944 -0.9066
vn -0.8166 0.1861 -0.5464
vn 0.6823 -0.6421 -0.3496
vn -0.9072 -0.2596 -0.3309
vn 0.8530 -0.2229 -0.4719
vn -0.7157 -0.3647 -0.5956
vn 0.8309 -0.4318 -0.3510
vn -0.8530 -0.2229 -0.4719
vn -0.6823 -0.6421 -0.3496
vn 0.9072 -0.2596 -0.3309
vn -0.8309 -0.4318 -0.3510
vn 0.7158 -0.3647 -0.5956
vn -0.9016 0.3937 -0.1793
vn 0.8493 0.3937 -0.3518
vn -0.5107 0.3937 -0.7643
vn -0.3518 0.3937 -0.8493
vn 0.3518 0.3937 -0.8493
vn -0.8493 0.3937 -0.3518
vn 0.9193 0.3937 -0.0000
vn -0.1793 0.3937 -0.9016
vn -0.0000 0.3938 -0.9192
vn 0.9016 0.3937 -0.1793
vn 0.6500 0.3936 -0.6500
vn -0.7643 0.3937 -0.5107
vn -0.6500 0.3937 -0.6500
vn 0.5107 0.3937 -0.7643
vn 0.7643 0.3938 -0.5107
vn -0.9192 0.3938 -0.0000
vn -0.6586 -0.7402 -0.1358
vn -0.6499 -0.6193 -0.4406
vn -0.8191 -0.1743 -0.5465
vn -0.1938 -0.1624 -0.9675
vn 0.5054 0.4156 -0.7562
vn 0.7916 -0.5161 -0.3271
vn 0.9141 -0.1433 -0.3792
vn -0.8232 -0.5436 -0.1641
vn -0.9654 -0.1770 -0.1918
vn 0.8406 -0.5153 -0.1669
vn -0.5144 0.3798 -0.7689
vn 0.7113 -0.5191 -0.4740
vn -0.8380 -0.5456 -0.0000
vn -0.6560 0.3740 -0.6556
vn 0.6621 -0.6026 -0.4456
vn 0.6652 -0.7378 -0.1148
vn -0.7757 -0.5428 -0.3220
vn -0.4500 0.8784 -0.1608
vn -0.4956 0.8045 0.3274
vn 0.6422 0.4195 -0.6416
vn 0.9763 0.2166 -0.0000
vn 0.1793 0.3937 0.9016
vn -0.0000 0.3938 0.9192
vn 0.5064 0.4155 0.7556
vn 0.3753 0.2072 0.9035
vn 0.5445 0.2105 0.8119
vn 0.1470 -0.6577 0.7388
vn -0.0013 -0.1589 0.9873
vn 0.1914 -0.1555 0.9691
vn -0.7389 -0.6576 0.1470
vn -0.9654 -0.1770 0.1918
vn 0.6264 -0.6576 0.4185
vn 0.9141 -0.1433 0.3792
vn 0.6960 -0.6577 0.2883
vn -0.2883 -0.6576 0.6960
vn -0.5486 -0.1689 0.8188
vn -0.3785 -0.1657 0.9106
vn 0.2883 -0.6576 0.6960
vn 0.3771 -0.1522 0.9136
vn -0.9097 -0.1760 0.3762
vn -0.6960 -0.6576 0.2883
vn 0.7388 -0.6577 0.1470
vn -0.1470 -0.6576 0.7389
vn -0.0000 -0.6577 0.7533
vn 0.9707 -0.1423 0.1934
vn 0.4185 -0.6577 0.6264
vn 0.6989 -0.1470 0.7000
vn 0.5327 -0.6576 0.5327
vn -0.1938 -0.1623 0.9675
vn -0.6264 -0.6577 0.4185
vn -0.6972 -0.1721 0.6959
vn -0.5327 -0.6577 0.5327
vn 0.5484 -0.1491 0.8228
vn -0.8192 -0.1743 0.5464
vn 0.8223 -0.1449 0.5503
vn -0.4185 -0.6576 0.6264
vn -0.7726 0.3698 0.5161
vn -0.9079 0.1846 0.3765
vn -0.8166 0.1861 0.5464
vn 0.7533 0.4231 0.5035
vn 0.6922 0.2114 0.6900
vn 0.8125 0.2139 0.5422
vn -0.5152 0.3799 0.7683
vn -0.6945 0.1879 0.6946
vn -0.5451 0.1919 0.8161
vn 0.1783 0.4043 0.8971
vn 0.0011 0.2008 0.9796
vn 0.1920 0.2041 0.9599
vn -0.9132 0.3648 0.1816
vn -0.9641 0.1836 0.1920
vn 0.8359 0.4259 0.3463
vn 0.9023 0.2154 0.3733
vn -0.3532 0.3856 0.8524
vn -0.3745 0.1944 0.9066
vn 0.3489 0.4102 0.8426
vn 0.9576 0.2163 0.1903
vn -0.8595 0.3667 0.3560
vn -0.0001 0.3980 0.9174
vn -0.1902 0.1975 0.9617
vn 0.8865 0.4277 0.1764
vn 0.6430 0.4194 0.6409
vn -0.1796 0.3917 0.9024
vn -0.6567 0.3741 0.6549
vn -0.9072 -0.2596 0.3309
vn -0.8530 -0.2229 0.4719
vn 0.8530 -0.2229 0.4719
vn -0.7157 -0.3647 0.5956
vn -0.0000 -0.8108 0.5853
vn 0.8309 -0.4318 0.3510
vn -0.6823 -0.6421 0.3496
vn -0.8309 -0.4318 0.3510
vn 0.9072 -0.2596 0.3309
vn 0.6823 -0.6421 0.3496
vn 0.7158 -0.3647 0.5956
vn -0.9016 0.3937 0.1793
vn 0.8493 0.3937 0.3518
vn 0.7643 0.3938 0.5107
vn -0.5107 0.3937 0.7643
vn -0.3518 0.3937 0.8493
vn 0.3518 0.3937 0.8493
vn -0.8493 0.3937 0.3518
vn 0.9016 0.3937 0.1793
vn -0.1793 0.3937 0.9016
vn 0.6500 0.3937 0.6500
vn 0.5107 0.3937 0.7643
vn -0.7643 0.3937 0.5107
vn -0.6500 0.3937 0.6500
vn -0.6585 -0.7402 0.1358
vn -0.6560 0.3740 0.6556
vn 0.5054 0.4156 0.7562
vn 0.6422 0.4195 0.6416
vn 0.7917 -0.5160 0.3270
vn 0.8406 -0.5153 0.1668
vn -0.8231 -0.5436 0.1643
vn -0.7756 -0.5428 0.3221
vn 0.8589 -0.5121 -0.0000
vn -0.5144 0.3798 0.7689
vn 0.7113 -0.5191 0.4739
vn 0.6653 -0.7377 0.1146
vn 0.6619 -0.6026 0.4458
vn -0.7000 -0.5385 0.4690
vn -0.4499 0.8785 0.1609
vn -0.4376 0.8471 0.3014
vn -0.0000 -0.9996 0.0272
vn -0.8638 -0.4897 0.1190
vn -0.8984 -0.3157 0.3051
vn -0.7918 -0.3856 0.4737
vn -0.4540 -0.7752 0.4393
vn -0.0833 -0.9889 0.1228
vn 0.0833 -0.9889 0.1228
vn 0.4540 -0.7752 0.4393
vn 0.7918 -0.3856 0.4737
vn 0.8984 -0.3157 0.3051
vn 0.8638 -0.4897 0.1190
vn -0.0000 -0.8108 -0.5853
vn -0.0000 -0.9996 -0.0272
vn -0.8638 -0.4897 -0.1190
vn -0.8984 -0.3157 -0.3051
vn -0.7918 -0.3856 -0.4737
vn -0.4540 -0.7752 -0.4393
vn -0.0833 -0.9889 -0.1229
vn 0.0833 -0.9889 -0.1229
vn 0.4540 -0.7752 -0.4393
vn 0.7918 -0.3856 -0.4737
vn 0.8984 -0.3157 -0.3051
vn 0.8638 -0.4897 -0.1190
vn 0.4768 0.8236 -0.3071
vn 0.5467 0.8302 -0.1090
vn 0.5160 0.8293 -0.2144
vn 0.4314 0.8892 -0.1526
vn 0.4197 0.8607 -0.2882
vn -0.5409 0.8109 0.2234
vn 0.4727 0.8474 0.2417
vn 0.5467 0.8302 0.1090
vn 0.5569 0.8306 -0.0000
vn 0.4727 0.8474 -0.2418
vn -0.4953 0.8309 0.2536
vn -0.5748 0.8103 0.1141
vn -0.5409 0.8109 -0.2234
vn -0.5749 0.8103 -0.1140
vn -0.5869 0.8097 -0.0000
vn -0.4953 0.8309 -0.2536
vn -0.0000 0.9986 0.0536
vn -0.0005 0.9986 -0.0537
vn 0.0001 -1.0000 -0.0000
vn 0.0001 1.0000 -0.0000
vn -0.7924 0.4084 0.4530
vn -0.5329 -0.3099 0.7874
vn -0.6380 -0.5773 -0.5097
vn -0.7000 -0.5385 -0.4690
vn 0.6494 -0.5565 -0.5182
vn 0.7618 0.4557 0.4603
vn 0.5195 -0.2606 0.8137
vn -0.4896 0.8200 -0.2966
vn -0.4377 0.8471 -0.3013
vn -0.6380 -0.5772 0.5097
vn -0.6500 -0.6192 0.4405
vn -0.5330 -0.3098 -0.7874
vn -0.7925 0.4085 -0.4529
vn 0.7618 0.4557 -0.4604
vn 0.5195 -0.2606 -0.8138
vn 0.6494 -0.5564 0.5184
vn -0.4956 0.8045 -0.3274
vn -0.4895 0.8200 0.2966
vn 0.4684 0.8363 0.2850
vn 0.4198 0.8606 0.2882
vn 0.4314 0.8891 0.1526
vn 0.4768 0.8236 0.3071
vn 0.4680 0.8366 -0.2848
vn 0.5160 0.8294 0.2143
vn -0.0712 0.7989 0.5972
vn -0.0659 0.8123 0.5795
vn -0.0654 0.8136 0.5778
vn -0.0263 0.9800 0.1970
vn -0.0263 0.9801 0.1969
vn -0.0237 0.9982 0.0545
vn -0.0231 0.9982 0.0560
vn -0.0240 0.9983 0.0537
vn -0.0846 0.9944 0.0631
vn -0.0846 0.9944 0.0630
vn -0.0845 0.9944 0.0631
vn -0.2865 0.9393 0.1888
vn -0.2932 0.9373 0.1884
vn -0.2976 0.9360 0.1882
vn -0.2218 0.8223 0.5240
vn -0.2217 0.8224 0.5240
vn -0.0831 0.9770 0.1963
vn -0.0237 0.9982 -0.0545
vn -0.0231 0.9982 -0.0560
vn -0.0227 0.9981 -0.0568
vn -0.0263 0.9800 -0.1970
vn -0.0263 0.9801 -0.1969
vn -0.0712 0.7989 -0.5972
vn -0.0658 0.8125 -0.5793
vn -0.0718 0.7974 -0.5992
vn -0.2218 0.8223 -0.5240
vn -0.2217 0.8224 -0.5240
vn -0.2932 0.9373 -0.1884
vn -0.2865 0.9393 -0.1888
vn -0.2976 0.9360 -0.1882
vn -0.0846 0.9944 -0.0631
vn -0.0846 0.9944 -0.0630
vn -0.0831 0.9770 -0.1963
vn -0.0712 -0.7990 0.5972
vn -0.0659 -0.8124 0.5794
vn -0.0718 -0.7974 0.5992
vn -0.2216 -0.8224 0.5239
vn -0.2216 -0.8225 0.5239
vn -0.2931 -0.9373 0.1884
vn -0.2863 -0.9393 0.1888
vn -0.2976 -0.9360 0.1882
vn -0.0846 -0.9944 0.0631
vn -0.0237 -0.9982 0.0545
vn -0.0231 -0.9982 0.0560
vn -0.0227 -0.9981 0.0568
vn -0.0263 -0.9800 0.1970
vn -0.0263 -0.9800 0.1971
vn -0.0832 -0.9770 0.1965
vn -0.0712 -0.7990 -0.5972
vn -0.0659 -0.8124 -0.5794
vn -0.0654 -0.8137 -0.5776
vn -0.0263 -0.9800 -0.1970
vn -0.0263 -0.9800 -0.1971
vn -0.0237 -0.9982 -0.0545
vn -0.0231 -0.9982 -0.0560
vn -0.0241 -0.9983 -0.0537
vn -0.0846 -0.9944 -0.0631
vn -0.2864 -0.9393 -0.1888
vn -0.2931 -0.9373 -0.1884
vn -0.2976 -0.9360 -0.1882
vn -0.2216 -0.8224 -0.5239
vn -0.2216 -0.8225 -0.5239
vn -0.0832 -0.9770 -0.1965
vn 0.0712 0.7989 0.5972
vn 0.0659 0.8123 0.5795
vn 0.0718 0.7974 0.5992
vn 0.2218 0.8223 0.5241
vn 0.2217 0.8223 0.5240
vn 0.2932 0.9373 0.1884
vn 0.2865 0.9393 0.1888
vn 0.2976 0.9360 0.1882
vn 0.0846 0.9944 0.0631
vn 0.0846 0.9944 0.0630
vn 0.0237 0.9982 0.0545
vn 0.0231 0.9982 0.0560
vn 0.0227 0.9981 0.0568
vn 0.0263 0.9800 0.1970
vn 0.0263 0.9801 0.1969
vn 0.0831 0.9770 0.1963
vn 0.0711 0.7991 -0.5969
vn 0.0659 0.8123 -0.5795
vn 0.0654 0.8136 -0.5778
vn 0.0263 0.9800 -0.1970
vn 0.0263 0.9801 -0.1969
vn 0.0237 0.9982 -0.0545
vn 0.0231 0.9982 -0.0560
vn 0.0240 0.9983 -0.0537
vn 0.0846 0.9944 -0.0631
vn 0.0846 0.9944 -0.0630
vn 0.0845 0.9944 -0.0631
vn 0.2865 0.9393 -0.1888
vn 0.2932 0.9373 -0.1884
vn 0.2976 0.9360 -0.1882
vn 0.2218 0.8223 -0.5241
vn 0.2217 0.8223 -0.5240
vn 0.2217 0.8224 -0.5240
vn 0.0831 0.9770 -0.1963
vn 0.0712 -0.7990 0.5972
vn 0.0659 -0.8124 0.5794
vn 0.0654 -0.8137 0.5776
vn 0.0263 -0.9800 0.1970
vn 0.0263 -0.9800 0.1971
vn 0.0237 -0.9982 0.0545
vn 0.0231 -0.9982 0.0560
vn 0.0241 -0.9983 0.0537
vn 0.0846 -0.9944 0.0631
vn 0.2864 -0.9393 0.1888
vn 0.2931 -0.9373 0.1884
vn 0.2976 -0.9360 0.1882
vn 0.2217 -0.8224 0.5239
vn 0.2216 -0.8225 0.5239
vn 0.0832 -0.9770 0.1965
vn 0.0712 -0.7990 -0.5972
vn 0.0659 -0.8124 -0.5794
vn 0.0718 -0.7974 -0.5992
vn 0.2218 -0.8226 -0.5235
vn 0.2216 -0.8225 -0.5239
vn 0.2217 -0.8224 -0.5239
vn 0.2931 -0.9373 -0.1884
vn 0.2863 -0.9393 -0.1888
vn 0.2976 -0.9360 -0.1882
vn 0.0846 -0.9944 -0.0631
vn 0.0237 -0.9982 -0.0545
vn 0.0231 -0.9982 -0.0560
vn 0.0227 -0.9981 -0.0568
vn 0.0263 -0.9800 -0.1970
vn 0.0263 -0.9800 -0.1971
vn 0.0832 -0.9770 -0.1965
vn -0.1125 -0.0000 0.9937
vn -0.3897 -0.0000 0.9210
vn -0.8452 -0.0000 0.5344
vn -0.0228 0.9997 -0.0000
vn -0.0227 0.9997 -0.0000
vn -0.0847 0.9964 -0.0000
vn -0.3030 0.9530 -0.0000
vn -0.1125 -0.0000 -0.9937
vn -0.3897 -0.0000 -0.9210
vn -0.8452 -0.0000 -0.5344
vn -0.0228 -0.9997 -0.0000
vn -0.0847 -0.9964 -0.0000
vn -0.3030 -0.9530 -0.0000
vn -0.0000 -0.7994 0.6008
vn 0.3030 -0.9530 -0.0000
vn 0.0847 -0.9964 -0.0000
vn 0.0228 -0.9997 -0.0000
vn 0.1125 -0.0000 0.9937
vn 0.3897 -0.0000 0.9210
vn 0.8452 -0.0000 0.5344
vn 0.1125 -0.0000 -0.9937
vn 0.3897 -0.0000 -0.9210
vn 0.8452 -0.0000 -0.5344
vn 0.0228 0.9997 -0.0000
vn 0.0227 0.9997 -0.0000
vn 0.0847 0.9964 -0.0000
vn 0.3030 0.9530 -0.0000
vn -0.0718 0.7974 0.5992
vn -0.0227 0.9981 0.0568
vn -0.2819 0.9406 0.1891
vn -0.0240 0.9983 -0.0537
vn -0.0654 0.8136 -0.5778
vn -0.2819 0.9406 -0.1891
vn -0.0845 0.9944 -0.0631
vn -0.0654 -0.8137 0.5776
vn -0.2817 -0.9407 0.1891
vn -0.0241 -0.9983 0.0537
vn -0.0718 -0.7974 -0.5992
vn -0.0227 -0.9981 -0.0568
vn -0.2817 -0.9407 -0.1891
vn 0.0654 0.8136 0.5778
vn 0.2217 0.8224 0.5240
vn 0.2819 0.9406 0.1891
vn 0.0845 0.9944 0.0631
vn 0.0240 0.9983 0.0537
vn 0.0717 0.7976 -0.5988
vn 0.0227 0.9981 -0.0568
vn 0.2819 0.9406 -0.1891
vn 0.0718 -0.7974 0.5992
vn 0.0227 -0.9981 0.0568
vn 0.2817 -0.9407 0.1891
vn 0.0654 -0.8137 -0.5776
vn 0.2217 -0.8226 -0.5236
vn 0.2817 -0.9407 -0.1891
vn 0.0241 -0.9983 -0.0537
vn 0.3795 -0.0000 -0.9252
vn 0.3795 0.9252 -0.0000
vn 0.3381 0.8238 -0.4550
vn 0.4156 0.8955 0.1592
vn -0.0107 0.7153 0.6987
vn -0.0138 0.7180 0.6959
vn -0.0014 0.7071 0.7071
vn -0.0000 -0.7071 0.7071
vn -0.0000 0.7071 -0.7071
vn 0.3795 -0.9252 -0.0000
vn 0.0093 0.7196 -0.6943
vn 0.0011 0.7072 -0.7070
vn 0.0102 0.7150 -0.6990
vn -0.0000 0.7071 0.7071
vn 0.3827 -0.8792 0.2838
vn 0.2284 -0.9366 0.2657
vn 0.3168 -0.8680 0.3825
vn 0.7856 -0.4383 0.4368
vn 0.4921 -0.5215 0.6970
vn 0.6249 -0.5515 0.5526
vn 0.4503 0.6313 -0.6314
vn 0.3795 -0.0000 0.9252
vn -0.0000 -0.7071 -0.7071
vn -0.4503 -0.6313 -0.6314
vn -0.4503 -0.6313 -0.6313
vn 0.3794 -0.9252 -0.0006
vn 0.3796 -0.9252 -0.0002
vn 1.0000 -0.0054 -0.0000
vn -0.5317 -0.8469 -0.0000
vn -0.5318 -0.8469 -0.0000
vn -0.0426 -0.5245 0.8503
vn -0.0427 -0.5245 0.8503
vn -0.0426 -0.5245 -0.8503
vn -0.0427 -0.5245 -0.8503
vn -0.0000 0.8845 -0.4665
vn 0.7879 -0.1888 0.5862
vn 0.4192 -0.1787 0.8901
vn 0.3720 0.8113 0.4510
vn 0.4692 0.7196 0.5119
vn 0.6351 0.5485 0.5440
vn 1.0000 -0.0000 0.0054
vn -0.5317 -0.0000 0.8469
vn -0.0427 0.8503 0.5245
vn -0.0426 0.8503 0.5245
vn -0.0427 -0.8503 0.5245
vn -0.0426 -0.8503 0.5246
vn 0.3896 0.8931 -0.2249
vn 0.4911 0.8558 -0.1623
vn 0.5735 0.8192 -0.0000
vn 0.5378 -0.0549 -0.8413
vn 0.4024 -0.1982 -0.8937
vn 0.5534 -0.0000 -0.8329
vn 1.0000 -0.0000 -0.0054
vn -0.5318 -0.0000 -0.8469
vn -0.0427 -0.8503 -0.5245
vn -0.0426 -0.8503 -0.5245
vn -0.0427 0.8503 -0.5245
vn -0.0426 0.8503 -0.5245
vn 0.9589 0.2006 -0.2007
vn 1.0000 0.0054 -0.0000
vn -0.5318 0.8469 -0.0000
vn -0.0427 0.5245 0.8503
vn -0.0427 0.5245 -0.8503
vn 0.1935 0.9811 -0.0000
vn 0.1936 0.9811 -0.0000
vn 0.0005 -0.9949 0.1005
vn 0.0092 0.1637 0.9865
vn 0.0090 0.3106 0.9505
vn -0.0000 0.9701 0.2426
vn -0.0000 0.9702 0.2424
vn -0.0000 0.8845 0.4665
vn 0.2311 0.6888 -0.6871
vn 0.0404 0.5700 -0.8206
vn 0.2357 0.6872 -0.6872
vn -0.3795 -0.0000 -0.9252
vn -0.3646 -0.2254 -0.9035
vn -0.3110 -0.3923 -0.8657
vn -0.3002 -0.2232 -0.9274
vn -0.0000 -0.9305 -0.3662
vn -0.0009 0.9594 -0.2822
vn -0.0041 0.9711 -0.2386
vn -0.0042 0.9716 -0.2365
vn -0.0001 -0.9352 -0.3541
vn -0.0028 -0.9487 -0.3160
vn -0.0000 -0.9345 -0.3561
vn 0.7113 -0.6664 -0.2235
vn 0.7114 -0.6646 -0.2285
vn 0.7113 -0.6668 -0.2224
vn -0.6916 0.6637 -0.2850
vn -0.6890 0.6980 -0.1952
vn -0.6913 0.6556 -0.3036
vn -0.0022 -0.9260 -0.3776
vn -0.0005 -0.9440 -0.3299
vn -0.0000 -0.9454 -0.3258
vn -0.0000 0.9078 -0.4195
vn -0.0046 -0.0468 -0.9989
vn -0.0465 -0.4784 -0.8769
vn -0.5318 -0.0000 0.8469
vn 0.3794 0.9252 -0.0000
vn 0.8054 -0.0000 0.5928
vn 0.5533 -0.0000 0.8330
vn 0.5744 -0.0000 0.8186
vn 0.4503 0.6313 0.6314
vn -0.0001 -0.3944 0.9189
vn -0.0092 0.1542 0.9880
vn -0.0000 -0.3984 0.9172
vn -0.0000 0.1285 0.9917
vn -0.0044 0.3945 0.9189
vn -0.0000 0.1255 0.9921
vn -0.0000 0.3984 0.9172
vn 0.2374 -0.2843 0.9289
vn 0.2374 -0.2844 0.9289
vn -0.2374 0.2843 0.9289
vn -0.0000 -0.9892 -0.1465
vn -0.3795 0.9252 -0.0000
vn -0.2164 0.5276 -0.8215
vn -0.3795 -0.9252 -0.0000
vn 0.0001 -0.9353 -0.3539
vn 0.0028 -0.9487 -0.3160
vn 0.0030 -0.9493 -0.3143
vn -0.4503 0.6313 -0.6314
vn -0.4504 0.6314 -0.6313
vn -0.6678 -0.5263 0.5263
vn -0.6679 -0.5263 0.5263
vn 0.4503 -0.6313 -0.6314
vn -0.3795 -0.0000 0.9252
vn -0.6679 -0.5263 -0.5263
vn -0.6678 -0.5263 -0.5263
vn 0.3308 -0.3106 0.8911
vn 0.1348 -0.3487 0.9275
vn -0.4503 0.6313 0.6314
vn 0.3636 -0.4655 -0.8069
vn 0.2660 -0.2522 -0.9304
vn 0.2099 -0.2825 -0.9360
vn 0.9725 -0.1647 0.1647
vn -1.0000 -0.0054 -0.0000
vn 0.5318 -0.8469 -0.0000
vn 0.5317 -0.8469 -0.0000
vn 0.0426 -0.5245 0.8503
vn 0.0427 -0.5245 0.8503
vn 0.0427 -0.5245 -0.8503
vn 0.0426 -0.5245 -0.8503
vn 0.9964 0.0852 -0.0000
vn -0.9737 -0.0000 0.2279
vn -0.6679 0.5263 -0.5263
vn -1.0000 -0.0000 0.0054
vn 0.5317 -0.0000 0.8469
vn 0.5318 -0.0000 0.8469
vn 0.0427 0.8503 0.5245
vn 0.0426 0.8503 0.5245
vn 0.0426 -0.8503 0.5246
vn 0.0427 -0.8503 0.5245
vn -0.6262 0.7797 -0.0000
vn -0.6261 -0.0000 -0.7797
vn -0.6262 -0.0000 -0.7797
vn -1.0000 -0.0000 -0.0054
vn 0.5318 -0.0000 -0.8469
vn 0.0427 -0.8503 -0.5245
vn 0.0426 -0.8503 -0.5245
vn 0.0426 0.8503 -0.5245
vn 0.0427 0.8503 -0.5245
vn -0.3166 0.7532 -0.5766
vn -0.4268 0.8768 -0.2215
vn -1.0000 0.0054 -0.0000
vn 0.5318 0.8469 -0.0000
vn 0.0427 0.5245 0.8503
vn 0.0427 0.5245 -0.8503
vn 0.3381 0.8811 0.3306
vn 0.1493 0.9153 0.3742
vn 0.2368 -0.9716 -0.0000
vn -0.6262 -0.0000 0.7797
vn 0.0316 0.1610 -0.9865
vn 0.1794 -0.0092 -0.9837
vn 0.1935 -0.0000 -0.9811
vn 0.9589 0.2007 0.2007
vn 0.9589 0.2006 0.2006
vn 0.8570 0.5153 -0.0000
vn 0.0243 0.1595 0.9869
vn 0.1935 -0.0000 0.9811
vn 0.1850 0.0031 0.9827
vn -0.0104 0.7205 0.6933
vn -0.0052 0.7136 0.7005
vn -0.0147 0.7261 0.6874
vn -0.1935 0.9811 -0.0000
vn -0.1936 0.9811 -0.0000
vn 0.7646 -0.6442 0.0192
vn 0.4004 -0.8954 0.1949
vn 0.5659 -0.8244 -0.0000
vn -0.0492 -0.5055 -0.8614
vn 0.0014 0.9587 -0.2843
vn 0.0013 0.9583 -0.2857
vn -0.7061 -0.6706 -0.2274
vn -0.7065 -0.6611 -0.2526
vn -0.7066 -0.6590 -0.2578
vn 0.7179 0.6388 -0.2768
vn 0.7177 0.6635 -0.2116
vn 0.7172 0.6683 -0.1975
vn 0.0001 -0.9308 -0.3654
vn -0.0000 -0.9313 -0.3642
vn 0.0468 -0.5077 0.8603
vn 0.0045 -0.0490 0.9988
vn 0.0492 -0.5343 0.8438
vn -0.2985 0.7279 -0.6172
vn -0.4503 -0.6314 0.6314
vn -0.4503 -0.6313 0.6314
vn -0.4503 -0.6314 0.6313
vn -0.0000 0.1299 0.9915
vn 0.0044 0.3945 0.9189
vn 0.0044 0.3965 0.9180
vn 0.0001 -0.3944 0.9189
vn 0.0092 0.1516 0.9884
vn 0.0093 0.1575 0.9875
vn -1.0000 -0.0012 -0.0000
vn -1.0000 -0.0007 -0.0000
vn -1.0000 -0.0005 -0.0000
vn -0.0000 -0.8163 -0.5777
vn -0.0000 -0.8162 -0.5777
vn -0.2374 -0.2843 0.9289
vn -0.2374 -0.2844 0.9289
vn 0.2374 0.2844 0.9289
vn 0.2374 0.2843 0.9289
vn -1.0000 -0.0000 -0.0001
vn 0.3794 -0.9252 -0.0000
vn -0.0000 -0.1136 -0.9935
vn -0.0000 -0.6078 -0.7941
vn 0.3795 -0.0001 -0.9252
vn -0.0000 -0.2895 -0.9572
vn -0.0000 -0.4419 -0.8971
vn -0.0000 -0.8162 0.5777
vn -0.0005 -0.9950 0.1001
vn -0.0092 0.1637 0.9865
vn -0.0005 -0.9950 0.0998
vn 0.6728 -0.7398 -0.0000
vn 0.6729 -0.7397 -0.0000
vn 0.9593 -0.2825 -0.0000
vn 0.6711 0.5242 -0.5242
vn -0.2357 0.6872 -0.6872
vn 0.9397 0.3420 -0.0000
vn 0.5928 0.8053 -0.0000
vn 0.5929 0.8053 -0.0000
vn 0.2283 0.6885 0.6884
vn 0.2358 0.6872 0.6872
vn 0.7178 0.5123 0.4714
vn -0.9589 0.2007 0.2006
vn -0.9592 0.1999 0.1999
vn 0.6711 0.5242 0.5243
vn 0.6711 0.5242 0.5242
vn -0.9022 -0.0259 -0.4306
vn -0.9024 -0.0263 -0.4301
vn -0.9027 -0.0269 -0.4294
vn -0.6358 0.0094 -0.7718
vn -0.5546 -0.0319 -0.8315
vn -0.6916 0.0403 -0.7212
vn -0.9454 0.1047 -0.3086
vn -0.9406 0.0959 -0.3257
vn -0.9730 0.1898 -0.1311
vn 0.0050 0.7196 -0.6943
vn 0.0004 0.7253 -0.6884
vn 0.0102 0.7129 -0.7012
vn 0.5928 -0.0000 -0.8054
vn 0.5928 -0.0000 -0.8053
vn 0.9397 -0.0000 -0.3420
vn -0.9068 0.4215 -0.0049
vn -0.9155 0.4012 0.0298
vn -0.9355 0.2880 0.2047
vn -0.4516 0.4244 0.7849
vn -0.3599 0.5501 0.7536
vn -0.6456 0.0135 0.7635
vn 0.8333 -0.3968 0.3849
vn 0.9267 -0.1699 0.3353
vn 0.7072 -0.5769 0.4088
vn -0.5720 -0.7283 -0.3773
vn -0.6287 -0.7105 -0.3160
vn -0.6722 -0.6919 -0.2636
vn -0.8159 -0.5606 -0.1417
vn -0.8921 -0.3516 0.2839
vn -0.6568 -0.6300 -0.4143
vn 0.7907 0.0492 0.6102
vn 0.7899 0.0561 0.6107
vn 0.7974 -0.1659 0.5802
vn -0.2170 -0.9713 0.0973
vn -0.2170 -0.9714 0.0962
vn -0.2170 -0.9713 0.0974
vn -0.6382 -0.7662 0.0757
vn -0.6385 -0.7660 0.0746
vn -0.6381 -0.7662 0.0757
vn -0.9516 -0.3060 0.0298
vn -0.9517 -0.3057 0.0295
vn 0.5928 -0.0000 0.8054
vn 0.5927 -0.0000 0.8054
vn 0.5928 -0.0000 0.8053
vn 0.9397 -0.0000 0.3420
vn 0.2871 -0.6773 0.6773
vn 0.7455 -0.4713 0.4713
vn 0.2483 0.1581 0.9557
vn 0.2475 0.1598 0.9556
vn 0.2498 0.1551 0.9558
vn 0.6978 0.1211 0.7060
vn 0.6982 0.1232 0.7052
vn 0.6977 0.1207 0.7061
vn 0.9646 0.0452 0.2599
vn -0.9654 -0.0474 -0.2566
vn -0.9653 -0.0472 -0.2568
vn 0.2148 0.1225 0.9689
vn 0.2149 0.1224 0.9689
vn 0.2148 0.1226 0.9689
vn 0.6339 0.1029 0.7665
vn -0.6358 -0.0833 -0.7673
vn -0.6356 -0.0871 -0.7671
vn -0.9515 -0.0352 -0.3056
vn -0.9516 -0.0351 -0.3055
vn -0.9515 -0.0353 -0.3058
vn 0.2900 -0.7812 -0.5529
vn 0.7491 -0.5407 -0.3827
vn 0.9731 -0.1882 -0.1332
vn 0.2810 -0.8930 -0.3515
vn 0.2810 -0.8931 -0.3514
vn 0.7377 -0.6282 -0.2473
vn 0.7377 -0.6283 -0.2473
vn 0.9712 -0.2216 -0.0872
vn 0.2584 -0.9556 -0.1416
vn 0.2585 -0.9556 -0.1416
vn 0.7065 -0.7001 -0.1037
vn 0.9658 -0.2564 -0.0380
vn 0.9593 -0.0000 0.2825
vn 0.6728 -0.0000 0.7398
vn 0.6729 -0.0000 0.7398
vn 0.2368 -0.0000 0.9716
vn 0.2367 -0.0000 0.9716
vn 0.9579 -0.0326 -0.2853
vn 0.6664 -0.0847 -0.7408
vn 0.2329 -0.1105 -0.9662
vn 0.2328 -0.1105 -0.9662
vn 0.9640 -0.0770 -0.2545
vn 0.6968 -0.2076 -0.6866
vn 0.6967 -0.2077 -0.6866
vn 0.2519 -0.2802 -0.9263
vn 0.2519 -0.2801 -0.9263
vn 0.9669 -0.1128 -0.2289
vn 0.7124 -0.3102 -0.6295
vn 0.2624 -0.4265 -0.8656
vn 0.9691 -0.1652 -0.1830
vn 0.9689 -0.1649 -0.1845
vn 0.9677 -0.1634 -0.1917
vn 0.7263 -0.4366 -0.5309
vn 0.7250 -0.4357 -0.5334
vn 0.7178 -0.4309 -0.5469
vn 0.2726 -0.5905 -0.7596
vn 0.2718 -0.5899 -0.7603
vn 0.2664 -0.5858 -0.7654
vn 0.9516 -0.0000 -0.3073
vn 0.6384 -0.0000 -0.7697
vn 0.2169 -0.0000 -0.9762
vn 0.2756 -0.6800 -0.6794
vn 0.2868 -0.6774 -0.6774
vn 0.2871 -0.6773 -0.6773
vn 0.7305 -0.4837 -0.4820
vn 0.7452 -0.4718 -0.4713
vn 0.7455 -0.4715 -0.4710
vn 0.9725 -0.1654 -0.1642
vn 0.9700 -0.1721 -0.1714
vn 0.9725 -0.1652 -0.1640
vn 0.2164 0.5277 -0.8214
vn 0.9708 -0.1697 0.1697
vn 0.8237 -0.4009 0.4009
vn 0.4503 -0.6313 0.6314
vn 0.4503 -0.6313 0.6313
vn 0.9708 -0.1697 -0.1697
vn 0.8237 -0.4009 -0.4009
vn 0.7867 -0.4391 -0.4341
vn 0.6264 -0.5506 -0.5518
vn 0.9708 0.1697 0.1697
vn 0.8237 0.4010 0.4009
vn 0.8237 0.4009 0.4009
vn 0.8054 -0.0000 -0.5928
vn 0.5533 -0.0000 -0.8330
vn 0.5772 -0.0004 -0.8166
vn 0.9708 0.1697 -0.1697
vn 0.8237 0.4009 -0.4009
vn 0.7836 0.4426 -0.4360
vn 0.6237 0.5505 -0.5549
vn 0.9694 -0.0000 0.2454
vn 0.9694 0.2454 -0.0000
vn 0.8054 0.5928 -0.0000
vn 0.8054 0.5927 -0.0000
vn 0.9694 -0.0000 -0.2453
vn 0.9694 -0.0000 -0.2454
vn 0.8054 -0.0000 -0.5927
vn 0.3794 -0.0000 -0.9252
vn 0.9694 -0.2454 -0.0000
vn 0.8054 -0.5928 -0.0000
vn 0.4673 -0.7214 -0.5112
vn 0.8052 -0.0000 -0.5930
vn 0.4673 0.5111 -0.7214
vn 0.8054 -0.0000 0.5927
vn 0.3912 -0.8508 -0.3508
vn 0.0213 -0.9561 -0.2924
vn 0.2519 -0.9242 -0.2869
vn -0.3912 -0.8508 0.3508
vn -0.0212 -0.9561 0.2923
vn -0.2514 -0.9244 0.2870
vn -0.3794 -0.9252 -0.0002
vn -0.0000 -0.9892 0.1465
vn -0.0000 -0.9305 0.3662
vn -0.0000 -0.5210 0.8536
vn 0.9658 -0.2564 0.0380
vn 0.9712 -0.2216 0.0872
vn 0.9731 -0.1882 0.1332
vn 0.7065 -0.7001 0.1037
vn 0.7377 -0.6282 0.2472
vn 0.7377 -0.6282 0.2473
vn 0.7491 -0.5407 0.3827
vn 0.2584 -0.9556 0.1416
vn 0.2583 -0.9556 0.1416
vn 0.2809 -0.8931 0.3515
vn 0.2809 -0.8931 0.3514
vn 0.2899 -0.7812 0.5529
vn 0.5365 0.0510 0.8423
vn 0.4024 0.1982 0.8937
vn 0.5533 -0.0000 0.8329
vn -0.3126 -0.2259 0.9226
vn -0.6033 -0.5163 0.6078
vn -0.4203 -0.2934 0.8586
vn -0.3794 -0.0000 0.9252
vn -0.8727 -0.0001 -0.4883
vn -0.0000 -0.2072 0.9783
vn 1.0000 -0.0000 0.0002
vn -0.0000 -0.2073 0.9783
vn 0.9677 -0.0522 0.2465
vn 0.9677 -0.0522 0.2464
vn 0.9729 -0.1205 0.1975
vn 0.7172 -0.1444 0.6817
vn 0.7172 -0.1445 0.6817
vn 0.7479 -0.3459 0.5666
vn 0.7479 -0.3458 0.5666
vn 0.2658 -0.1998 0.9431
vn 0.2659 -0.1998 0.9431
vn 0.2890 -0.4988 0.8171
vn -0.0001 0.2090 0.9779
vn -0.0043 0.0028 1.0000
vn -0.0044 -0.0000 1.0000
vn -0.0226 0.5332 0.8457
vn -0.0426 0.2207 0.9744
vn 0.0217 0.0147 0.9997
vn 0.0016 0.2057 0.9786
vn 0.0232 -0.0000 0.9997
vn 0.0760 0.0352 0.9965
vn 0.0288 0.5006 0.8652
vn 0.0788 -0.0000 0.9969
vn -0.0067 0.0044 1.0000
vn -0.0001 0.2165 0.9763
vn -0.0000 0.2209 0.9753
vn -0.0231 0.0105 0.9997
vn -0.0077 0.5239 0.8518
vn -0.0000 0.5334 0.8459
vn -0.0048 0.5081 0.8613
vn -0.0148 0.0067 0.9999
vn -0.0149 -0.0000 0.9999
vn 0.0247 0.5332 0.8456
vn -0.0000 0.2210 0.9753
vn -0.0000 0.5333 0.8459
vn -0.0000 0.5334 -0.8459
vn -0.0000 0.5334 -0.8458
vn -0.0304 0.2208 -0.9748
vn -0.0102 0.5334 -0.8458
vn -0.0000 0.2209 -0.9753
vn -0.0082 0.0084 -0.9999
vn -0.0015 0.2064 -0.9785
vn -0.0089 -0.0000 -1.0000
vn -0.0727 0.0336 -0.9968
vn -0.0273 0.5022 -0.8643
vn -0.0752 -0.0000 -0.9972
vn 0.0073 0.5243 -0.8515
vn 0.0221 0.0100 -0.9997
vn 0.0223 -0.0000 -0.9998
vn 0.0001 0.2166 -0.9763
vn 0.0064 0.0042 -1.0000
vn 0.0065 -0.0000 -1.0000
vn -0.0236 0.5333 -0.8456
vn -0.0207 0.0140 -0.9997
vn 0.0001 0.2181 -0.9759
vn 0.0146 0.0066 -0.9999
vn 0.0047 0.5274 -0.8496
vn 0.0046 0.5334 -0.8458
vn -0.6717 0.5241 0.5236
vn -0.6772 0.5204 0.5202
vn -0.6716 0.5242 0.5236
vn -0.2369 0.6877 0.6862
vn -0.2491 0.6852 0.6844
vn -0.2366 0.6878 0.6863
vn 0.9502 0.2327 -0.2071
vn 0.9334 0.1546 -0.3238
vn 0.9290 0.3690 0.0276
vn 0.5623 -0.0209 -0.8267
vn 0.6323 0.0206 -0.7744
vn 0.7003 0.0646 -0.7110
vn 0.8859 -0.0320 -0.4628
vn 0.8851 -0.0307 -0.4643
vn 0.8884 -0.0364 -0.4577
vn -0.9415 -0.2013 0.2701
vn -0.8879 -0.3593 0.2873
vn -0.8104 -0.5054 0.2963
vn 0.3386 0.4137 0.8451
vn 0.3507 0.3912 0.8509
vn 0.5444 -0.1526 0.8248
vn 0.7601 0.6498 -0.0040
vn 0.7806 0.6240 0.0344
vn 0.8666 0.3995 0.2989
vn -0.8710 0.0845 0.4840
vn -0.8587 0.1303 0.4956
vn -0.8913 -0.0220 0.4529
vn 0.8072 -0.2534 0.5331
vn 0.8033 -0.5860 -0.1069
vn 0.6556 -0.6413 -0.3986
vn 0.5989 -0.7326 -0.3235
vn 0.5638 -0.7418 -0.3632
vn 0.6395 -0.7185 -0.2735
vn 0.9516 -0.3059 0.0300
vn 0.9515 -0.3061 0.0300
vn 0.9515 -0.3060 0.0300
vn 0.6383 -0.7661 0.0749
vn 0.6379 -0.7664 0.0758
vn 0.6379 -0.7664 0.0759
vn 0.2170 -0.9714 0.0964
vn 0.2169 -0.9713 0.0977
vn 0.2169 -0.9713 0.0979
vn 0.9654 -0.0479 -0.2565
vn -0.9644 0.0450 0.2607
vn -0.9644 0.0452 0.2607
vn -0.6972 0.1214 0.7065
vn -0.6968 0.1196 0.7072
vn -0.6968 0.1194 0.7073
vn -0.2468 0.1580 0.9561
vn -0.2478 0.1555 0.9563
vn -0.2489 0.1526 0.9564
vn 0.9516 -0.0351 -0.3054
vn 0.9515 -0.0352 -0.3056
vn 0.9515 -0.0353 -0.3058
vn 0.6383 -0.0835 -0.7652
vn -0.6427 0.1064 0.7587
vn -0.6412 0.0982 0.7611
vn -0.2146 0.1246 0.9687
vn -0.2149 0.1241 0.9687
vn -0.2150 0.1239 0.9687
vn -0.2533 -0.9577 -0.1367
vn -0.2507 -0.9581 -0.1388
vn -0.2467 -0.9586 -0.1420
vn -0.6955 -0.7130 -0.0891
vn -0.6923 -0.7155 -0.0935
vn -0.6873 -0.7194 -0.1003
vn -0.9626 -0.2695 -0.0262
vn -0.9621 -0.2713 -0.0284
vn -0.9612 -0.2739 -0.0319
vn -0.2644 -0.8990 -0.3491
vn -0.2615 -0.8990 -0.3512
vn -0.2579 -0.8990 -0.3538
vn -0.7138 -0.6566 -0.2437
vn -0.7099 -0.6589 -0.2488
vn -0.7052 -0.6616 -0.2550
vn -0.9667 -0.2421 -0.0834
vn -0.9660 -0.2438 -0.0861
vn -0.9652 -0.2458 -0.0893
vn -0.2663 -0.7868 -0.5568
vn -0.7179 -0.5682 -0.4022
vn -0.9679 -0.2053 -0.1453
vn -0.9679 -0.1528 -0.1997
vn -0.9679 -0.1529 -0.1997
vn -0.7179 -0.4231 -0.5528
vn -0.2664 -0.5858 -0.7654
vn -0.2663 -0.5858 -0.7654
vn -0.9669 -0.1128 -0.2290
vn -0.7124 -0.3102 -0.6295
vn -0.2625 -0.4264 -0.8656
vn -0.9640 -0.0770 -0.2545
vn -0.6968 -0.2077 -0.6865
vn -0.2519 -0.2802 -0.9263
vn -0.9579 -0.0326 -0.2853
vn -0.9579 -0.0326 -0.2854
vn -0.6664 -0.0847 -0.7408
vn -0.2329 -0.1104 -0.9662
vn -0.9516 -0.0000 -0.3074
vn -0.6384 -0.0000 -0.7697
vn -0.6385 -0.0000 -0.7697
vn -0.2169 -0.0000 -0.9762
vn -0.2637 -0.6821 -0.6821
vn -0.2636 -0.6821 -0.6821
vn -0.7141 -0.4950 -0.4950
vn -0.9672 -0.1797 -0.1797
vn -0.9731 -0.1882 0.1332
vn -0.9730 -0.1882 0.1332
vn -0.7491 -0.5407 0.3827
vn -0.7492 -0.5407 0.3827
vn -0.2900 -0.7812 0.5529
vn -0.9712 -0.2217 0.0872
vn -0.7377 -0.6282 0.2472
vn -0.2810 -0.8931 0.3514
vn -0.2810 -0.8930 0.3514
vn -0.9658 -0.2565 0.0380
vn -0.7065 -0.7001 0.1037
vn -0.2584 -0.9556 0.1416
vn -0.2368 -0.9716 -0.0000
vn -0.6729 -0.7397 -0.0000
vn -0.9592 -0.2826 -0.0000
vn -0.2659 -0.1998 0.9431
vn -0.7172 -0.1444 0.6817
vn -0.9677 -0.0522 0.2465
vn -0.2890 -0.4988 0.8171
vn -0.7479 -0.3459 0.5666
vn -0.7479 -0.3458 0.5666
vn -0.9729 -0.1206 0.1975
vn -0.2871 -0.6773 0.6773
vn -0.7455 -0.4713 0.4713
vn -0.7456 -0.4712 0.4713
vn -0.9725 -0.1648 0.1647
vn -0.9725 -0.1647 0.1648
vn -0.9592 -0.0000 0.2826
vn -0.6729 -0.0000 0.7397
vn -0.2368 -0.0000 0.9716
vn -0.1703 0.2101 0.9627
vn -0.1706 0.2104 0.9626
vn -0.1692 0.2089 0.9632
vn -0.5384 0.1810 0.8230
vn -0.5380 0.1799 0.8236
vn -0.5385 0.1812 0.8229
vn -0.9207 0.0789 0.3823
vn 0.9216 -0.0864 -0.3785
vn 0.9215 -0.0858 -0.3788
vn -0.1943 0.5071 0.8397
vn -0.1938 0.5079 0.8393
vn -0.1911 0.5114 0.8378
vn -0.5803 0.4238 0.6954
vn -0.5805 0.4214 0.6968
vn -0.5805 0.4200 0.6975
vn -0.9319 0.1846 0.3123
vn 0.9363 -0.1881 -0.2967
vn 0.9359 -0.1879 -0.2979
vn -0.9397 -0.0000 0.3421
vn -0.5929 -0.0000 0.8053
vn -0.1935 -0.0000 0.9811
vn -0.6712 0.5242 -0.5242
vn -0.9434 0.3049 0.1310
vn -0.9589 0.2007 -0.2007
vn -0.1870 0.5240 -0.8309
vn -0.1871 0.5240 -0.8309
vn -0.5793 0.4348 -0.6895
vn -0.5793 0.4348 -0.6894
vn -0.9356 0.1882 -0.2986
vn 0.9357 -0.1882 0.2984
vn -0.1680 0.2178 -0.9614
vn -0.5367 0.1864 -0.8229
vn -0.5366 0.1862 -0.8230
vn -0.5365 0.1861 -0.8231
vn -0.9216 0.0855 -0.3786
vn 0.9215 -0.0858 0.3787
vn -0.9397 0.3421 -0.0000
vn -0.5928 0.8053 -0.0000
vn -0.5929 0.8053 -0.0000
vn -0.9397 -0.0000 -0.3421
vn -0.5929 -0.0000 -0.8053
vn -0.1935 -0.0000 -0.9811
vn -0.9415 -0.2382 0.2383
vn -0.9415 -0.2382 0.2382
vn -0.6262 -0.7797 -0.0000
vn -0.6261 -0.7797 -0.0000
vn -0.9415 -0.2383 -0.2383
vn -0.9415 -0.2382 -0.2383
vn -0.9415 0.2382 0.2383
vn -0.9415 0.2382 0.2382
vn -0.9415 0.2382 -0.2383
vn -0.9415 0.2382 -0.2382
vn -0.6679 0.5263 0.5263
vn -0.6678 0.5263 0.5263
vn -0.9377 -0.0000 0.3473
vn -0.9378 -0.0000 0.3473
vn -0.9378 0.3473 -0.0000
vn -0.9378 -0.0000 -0.3473
vn -0.9378 -0.3473 -0.0000
vn -0.3625 -0.8969 -0.2535
vn -0.2003 -0.9409 -0.2731
vn -0.2673 -0.8964 -0.3535
vn -0.3166 0.9210 0.2272
vn -0.3683 0.8903 -0.2678
vn -0.3966 0.8735 0.2825
vn 0.3235 0.9032 -0.2822
vn 0.3075 0.6931 -0.6519
vn 0.4290 0.8357 -0.3430
vn -0.0014 0.8477 0.5305
vn -0.0002 0.8370 0.5472
vn -0.0014 0.8480 0.5300
vn -0.0000 0.9914 0.1308
vn -0.0000 0.9444 0.3289
vn -0.0003 0.9730 0.2309
vn -0.0000 0.9713 0.2379
vn -0.0003 0.9730 0.2307
vn -0.0000 0.8368 0.5474
vn -0.0000 0.9453 0.3262
vn -0.0000 0.9917 0.1282
vn -0.0000 0.9713 0.2380
vn -0.0000 0.9741 0.2261
vn -0.0000 0.9741 0.2260
vn -0.0002 0.9725 0.2331
vn 0.9534 0.2928 0.0732
vn 0.9596 0.2347 0.1549
vn 0.6460 0.7406 0.1851
vn 0.6460 0.7406 0.1852
vn 0.6747 0.6159 0.4066
vn 0.2211 0.9461 0.2365
vn 0.2379 0.8106 0.5351
vn -0.0000 0.8345 0.5510
vn -0.2384 0.8153 0.5277
vn -0.2383 0.8153 0.5278
vn -0.2381 0.8152 0.5279
vn -0.2204 0.9485 0.2275
vn -0.2204 0.9485 0.2276
vn -0.2203 0.9485 0.2276
vn -0.6748 0.6194 0.4012
vn -0.6748 0.6194 0.4013
vn -0.6747 0.6194 0.4014
vn -0.6446 0.7434 0.1785
vn -0.6445 0.7435 0.1785
vn -0.9596 0.2361 0.1530
vn -0.9596 0.2361 0.1531
vn -0.9530 0.2946 0.0707
vn -0.9530 0.2946 0.0708
vn -0.0003 0.8398 0.5429
vn -0.0008 0.8500 0.5269
vn -0.0003 0.8396 0.5432
vn -0.9516 0.3074 -0.0000
vn 0.1856 0.8348 -0.5184
vn 0.1857 0.8348 -0.5183
vn -0.6385 0.7696 -0.0000
vn -0.6384 0.7697 -0.0000
vn 0.2170 0.9762 -0.0000
vn 0.1856 0.8348 -0.5183
vn 0.1855 0.8348 -0.5184
vn 0.6384 0.7697 -0.0000
vn 0.6385 0.7696 -0.0000
vn -0.9435 0.3045 0.1309
vn -0.2169 0.9759 -0.0255
vn -0.6097 0.7350 -0.2966
vn -0.9253 0.2989 -0.2334
vn 0.9246 0.2987 -0.2363
vn 0.6082 0.7332 -0.3042
vn 0.2168 0.9755 -0.0377
vn 0.9244 0.2986 -0.2373
vn 0.6077 0.7325 -0.3068
vn 0.2168 0.9753 -0.0420
vn -0.2169 0.9757 -0.0301
vn -0.6092 0.7344 -0.2994
vn -0.9251 0.2988 -0.2344
vn -0.1885 0.8496 -0.4926
vn -0.6375 0.7683 -0.0574
vn -0.2170 0.9762 -0.0000
vn 0.9440 0.3049 0.1263
vn 0.6368 0.7670 -0.0792
vn 0.9516 0.3074 -0.0000
vn -0.6373 0.7684 -0.0577
vn -0.1889 0.8496 -0.4925
vn 0.9441 0.3046 0.1262
vn 0.6366 0.7671 -0.0794
vn -0.3357 0.8671 -0.3680
vn -0.1233 0.8986 -0.4210
vn -0.0000 0.9893 -0.1457
vn -0.0000 0.9392 -0.3433
vn -0.0000 0.9384 -0.3457
vn -0.0000 0.9889 -0.1483
vn 0.9541 0.2887 -0.0792
vn 0.9597 0.2316 -0.1592
vn 0.6494 0.7334 -0.2011
vn 0.6494 0.7334 -0.2010
vn 0.6750 0.6079 -0.4180
vn 0.2230 0.9401 -0.2577
vn 0.2381 0.8003 -0.5503
vn -0.2382 0.7962 -0.5561
vn -0.2381 0.7962 -0.5562
vn -0.2238 0.9375 -0.2666
vn -0.2238 0.9375 -0.2665
vn -0.6751 0.6048 -0.4224
vn -0.6507 0.7303 -0.2077
vn -0.9597 0.2304 -0.1609
vn -0.9544 0.2871 -0.0816
vn -0.9509 0.3072 0.0368
vn -0.9509 0.3072 0.0369
vn -0.9476 0.3061 0.0911
vn -0.9476 0.3062 0.0911
vn -0.6383 0.7696 -0.0162
vn -0.6383 0.7696 -0.0161
vn -0.6379 0.7691 -0.0400
vn -0.2143 0.9642 -0.1561
vn -0.2020 0.9088 -0.3651
vn -0.2017 0.9088 -0.3652
vn 0.2139 0.9625 -0.1669
vn 0.2001 0.9000 -0.3874
vn 0.1999 0.9000 -0.3874
vn 0.6383 0.7695 -0.0222
vn 0.6375 0.7685 -0.0551
vn 0.6377 0.7683 -0.0550
vn 0.9510 0.3072 0.0355
vn 0.9479 0.3062 0.0879
vn 0.2138 0.9620 -0.1699
vn 0.2138 0.9620 -0.1698
vn 0.1998 0.8989 -0.3899
vn 0.1993 0.8989 -0.3901
vn 0.1999 0.8989 -0.3899
vn 0.6383 0.7695 -0.0226
vn 0.6374 0.7685 -0.0555
vn 0.6375 0.7685 -0.0555
vn 0.9510 0.3072 0.0362
vn 0.9510 0.3071 0.0362
vn 0.9479 0.3061 0.0886
vn 0.9479 0.3060 0.0886
vn 0.9479 0.3059 0.0886
vn -0.9509 0.3072 0.0375
vn -0.9476 0.3061 0.0918
vn -0.9476 0.3060 0.0919
vn -0.6384 0.7696 -0.0164
vn -0.6383 0.7696 -0.0164
vn -0.6379 0.7690 -0.0403
vn -0.6380 0.7690 -0.0403
vn -0.2142 0.9638 -0.1589
vn -0.2019 0.9078 -0.3675
vn -0.2018 0.9079 -0.3675
vn 0.0002 0.8241 -0.5664
vn 0.0006 0.8350 -0.5502
vn 0.0002 0.8240 -0.5666
vn -0.0000 0.9645 -0.2643
vn 0.0001 0.9666 -0.2563
vn -0.0000 0.9644 -0.2644
vn 0.0001 0.8220 -0.5695
vn -0.0000 0.8219 -0.5696
vn -0.0000 0.9632 -0.2688
vn -0.0000 0.9632 -0.2689
vn -0.0000 0.9619 -0.2735
vn -0.0000 0.8198 -0.5726
vn 0.0009 0.8329 -0.5535
vn 0.0001 0.8219 -0.5696
vn 0.0002 0.9654 -0.2608
vn 0.8914 0.0896 0.4442
vn 0.9749 0.1147 0.1908
vn 0.6686 0.0484 0.7420
vn 0.8914 0.0896 -0.4442
vn 0.6686 0.0484 -0.7420
vn 0.9749 0.1147 -0.1908
vn -0.8914 0.0895 0.4442
vn -0.6686 0.0483 0.7420
vn -0.9749 0.1147 0.1908
vn -0.8914 0.0896 -0.4442
vn -0.9749 0.1147 -0.1908
vn -0.6686 0.0484 -0.7420
vn 0.4113 -0.8540 -0.3186
vn 0.4014 -0.8938 -0.2000
vn 0.4112 -0.8540 0.3186
vn 0.4454 -0.3288 0.8328
vn 0.4377 -0.1912 0.8785
vn 0.4113 0.3185 0.8541
vn 0.4108 0.3187 -0.8542
vn 0.4014 0.2000 -0.8938
vn 0.4113 -0.3186 -0.8540
vn 0.4122 0.8520 0.3228
vn 0.4027 0.8932 0.1999
vn 0.4876 0.8024 -0.3441
vn -0.4960 -0.8132 -0.3043
vn -0.4556 -0.8656 -0.2079
vn -0.5181 -0.7932 -0.3202
vn -0.4960 -0.8133 0.3043
vn -0.5180 -0.7932 0.3202
vn -0.4556 -0.8656 0.2079
vn -0.5311 -0.3100 0.7886
vn -0.5011 -0.1950 0.8432
vn -0.5380 -0.3119 0.7831
vn -0.4958 0.3042 0.8134
vn -0.5179 0.3202 0.7932
vn -0.4556 0.2080 0.8655
vn -0.4959 0.3043 -0.8133
vn -0.4556 0.2080 -0.8656
vn -0.5179 0.3202 -0.7932
vn -0.4959 -0.3043 -0.8133
vn -0.5180 -0.3202 -0.7932
vn -0.4556 -0.2079 -0.8656
vn -0.5031 0.8073 0.3086
vn -0.4566 0.8656 0.2057
vn -0.5217 0.7913 0.3190
vn -0.5772 0.7509 -0.3209
vn -0.5592 0.7720 -0.3021
vn -0.5608 0.8089 -0.1765
vn 0.4219 -0.8858 -0.1933
vn 0.4219 -0.8858 -0.1934
vn 0.4531 -0.7579 -0.4694
vn 0.4531 -0.7578 -0.4694
vn 0.4219 -0.1933 -0.8858
vn 0.4531 -0.4694 -0.7579
vn 0.4219 0.1934 0.8858
vn 0.4219 0.1933 0.8858
vn 0.4531 0.4694 0.7579
vn 0.4219 0.1934 -0.8858
vn 0.4219 0.1933 -0.8858
vn 0.4531 0.4694 -0.7579
vn 0.4531 -0.7578 0.4694
vn 0.4531 -0.7579 0.4694
vn 0.4219 -0.8858 0.1933
vn 0.4542 -0.5010 0.7367
vn 0.4542 -0.5063 0.7330
vn 0.4542 -0.5064 0.7330
vn -0.4219 -0.8858 -0.1933
vn -0.4531 -0.7579 -0.4694
vn -0.4531 -0.7578 -0.4695
vn -0.4219 -0.1933 -0.8858
vn -0.4531 -0.4694 -0.7579
vn -0.4531 -0.4694 -0.7578
vn -0.4288 -0.2333 0.8728
vn -0.4542 -0.5064 0.7330
vn -0.4542 -0.5010 0.7367
vn -0.4219 -0.8858 0.1933
vn -0.4531 -0.7578 0.4694
vn -0.4219 0.1933 0.8858
vn -0.4531 0.4694 0.7578
vn -0.4531 0.4694 0.7579
vn -0.4219 0.1933 -0.8858
vn -0.4219 0.1934 -0.8858
vn -0.4531 0.4694 -0.7579
vn 0.4533 0.7565 0.4714
vn 0.4534 0.7526 0.4775
vn 0.4534 0.7525 0.4776
vn -0.4224 0.8851 0.1956
vn -0.4534 0.7526 0.4775
vn -0.4534 0.7565 0.4714
vn -0.4534 0.7525 0.4776
vn 0.4369 0.8522 -0.2878
vn 0.4543 0.7101 -0.5379
vn 0.4544 0.7132 -0.5337
vn -0.4368 0.8523 -0.2877
vn -0.4381 0.8488 -0.2961
vn -0.4543 0.7101 -0.5379
vn -0.4544 0.7132 -0.5337
vn -0.0034 -0.0019 -1.0000
vn -0.0092 -0.0595 -0.9982
vn 0.0003 -0.0001 -1.0000
vn 0.0084 -0.0026 -1.0000
vn 0.0050 -0.0765 -0.9971
vn 0.0013 -0.0000 -1.0000
vn -0.0231 0.7260 0.6873
vn 0.0220 0.7251 -0.6883
vn 0.0009 0.7245 -0.6892
vn 0.3259 -0.7717 0.5462
vn 0.4183 -0.8333 0.3614
vn 0.3801 -0.9249 -0.0005
vn 0.0212 -0.9561 0.2923
vn 0.6044 -0.5634 0.5634
vn -0.4504 -0.6313 -0.6313
vn 0.6043 0.5634 0.5634
vn 1.0000 -0.0000 0.0053
vn 0.5534 0.8329 -0.0000
vn 0.0005 -0.9950 0.1002
vn -0.3258 -0.0657 -0.9432
vn -0.3356 -0.1070 -0.9359
vn -1.0000 -0.0000 0.0001
vn -0.3694 -0.4650 -0.8046
vn -0.3560 -0.5680 -0.7421
vn -0.0212 -0.2923 -0.9561
vn -0.0008 0.9587 -0.2844
vn -0.0030 -0.9493 -0.3143
vn 0.7114 -0.6642 -0.2296
vn -0.6874 0.7051 -0.1740
vn -0.0023 -0.9249 -0.3801
vn 0.4503 0.6313 0.6313
vn -0.0093 0.1601 0.9871
vn -0.0044 0.3965 0.9180
vn -0.0000 -0.9345 -0.3558
vn -0.6678 -0.5263 -0.5264
vn 0.3179 -0.3327 0.8879
vn 0.0216 -0.2925 0.9560
vn -0.4504 0.6313 0.6313
vn 0.3448 -0.4636 -0.8162
vn 0.3560 -0.5680 -0.7421
vn 1.0000 -0.0000 0.0001
vn 0.3862 -0.2368 -0.8915
vn 0.3356 -0.1070 -0.9359
vn 0.0217 -0.2923 -0.9561
vn -0.3794 -0.9252 -0.0000
vn -0.6679 0.5262 -0.5263
vn -0.6678 0.5263 -0.5263
vn -0.6262 0.7797 0.0001
vn -0.6261 0.7797 -0.0000
vn 0.3212 0.8720 0.3693
vn -0.0112 0.9488 0.3156
vn -0.0009 0.7079 0.7063
vn 0.5533 -0.8330 -0.0000
vn 0.0013 0.9583 -0.2858
vn -0.7059 -0.6726 -0.2219
vn 0.7175 0.6335 -0.2896
vn -0.0000 0.1269 0.9919
vn -0.3795 -0.9252 -0.0001
vn -0.3795 -0.0001 -0.9252
vn -0.0089 0.3112 0.9503
vn 0.2357 0.6872 0.6872
vn -0.9592 0.1998 0.1999
vn -0.9017 -0.0251 -0.4316
vn -0.5174 -0.0497 -0.8543
vn -0.8895 0.0255 -0.4563
vn 0.0147 0.7070 -0.7070
vn 0.0002 0.7253 -0.6884
vn -0.8548 0.4975 -0.1476
vn -0.0737 0.8129 0.5777
vn 0.9585 0.0050 0.2851
vn -0.4455 -0.7480 -0.4919
vn -0.8236 -0.1559 0.5454
vn 0.7528 0.2411 0.6125
vn -0.2170 -0.9714 0.0960
vn -0.9517 -0.3056 0.0295
vn 0.2458 0.1632 0.9555
vn 0.6983 0.1239 0.7049
vn 0.9648 0.0456 0.2592
vn 0.2149 0.1223 0.9689
vn 0.6348 0.0967 0.7666
vn -0.9517 -0.0346 -0.3049
vn 0.7377 -0.6283 -0.2472
vn 0.6968 -0.2076 -0.6865
vn 0.2518 -0.2802 -0.9263
vn 0.2625 -0.4264 -0.8656
vn 0.9702 -0.1666 -0.1759
vn 0.7332 -0.4412 -0.5175
vn 0.2780 -0.5945 -0.7545
vn 0.2753 -0.6801 -0.6795
vn 0.7301 -0.4841 -0.4823
vn 0.9700 -0.1723 -0.1716
vn 0.8237 -0.4010 0.4010
vn 0.4504 -0.6313 0.6313
vn 0.8237 -0.4009 -0.4010
vn 0.8237 0.4010 -0.4010
vn 0.6044 -0.5633 -0.5633
vn 0.6043 0.5634 -0.5634
vn 0.3216 -0.9367 -0.1388
vn 0.4338 -0.8442 -0.3149
vn 0.0213 -0.9561 -0.2923
vn 0.0211 -0.9561 -0.2924
vn -0.3216 -0.9366 0.1388
vn -0.4338 -0.8442 0.3149
vn -0.0211 -0.9561 0.2924
vn -0.0196 -0.9559 0.2931
vn -0.3793 -0.9253 -0.0001
vn 0.7065 -0.7001 0.1038
vn 0.2900 -0.7812 0.5529
vn -0.2937 -0.4915 0.8199
vn -0.2678 -0.5019 0.8224
vn -0.3489 -0.3381 0.8740
vn -0.3355 -0.3201 0.8860
vn 0.9729 -0.1205 0.1974
vn -0.0000 0.2119 0.9773
vn -0.0068 -0.0000 1.0000
vn -0.0234 -0.0000 0.9997
vn -0.0047 0.5142 0.8576
vn -0.0221 -0.0000 -0.9998
vn 0.0147 -0.0000 -0.9999
vn -0.6773 0.5203 0.5202
vn -0.2494 0.6851 0.6844
vn 0.8802 0.0429 -0.4727
vn 0.5160 -0.0467 -0.8553
vn 0.8822 -0.0257 -0.4702
vn -0.9680 -0.0456 0.2467
vn 0.0450 0.7998 0.5985
vn 0.6000 0.7666 -0.2286
vn -0.8277 0.2221 0.5153
vn 0.6548 -0.0365 0.7550
vn 0.4556 -0.7560 -0.4700
vn 0.6384 -0.7661 0.0748
vn 0.2170 -0.9714 0.0962
vn 0.9652 -0.0474 -0.2573
vn -0.6973 0.1219 0.7063
vn -0.2455 0.1613 0.9559
vn 0.9517 -0.0347 -0.3050
vn 0.6390 -0.0870 -0.7642
vn -0.2144 0.1250 0.9687
vn -0.2573 -0.9571 -0.1334
vn -0.7004 -0.7090 -0.0824
vn -0.9634 -0.2669 -0.0229
vn -0.2680 -0.8990 -0.3465
vn -0.7183 -0.6539 -0.2376
vn -0.9674 -0.2401 -0.0802
vn -0.7180 -0.4231 -0.5528
vn -0.2624 -0.4265 -0.8656
vn -0.7377 -0.6282 0.2473
vn -0.2809 -0.8931 0.3514
vn -0.9729 -0.1205 0.1975
vn -0.1719 0.2119 0.9621
vn -0.5375 0.1789 0.8241
vn -0.9211 0.0823 0.3805
vn -0.1966 0.5042 0.8409
vn -0.5803 0.4242 0.6952
vn -0.9330 0.1855 0.3082
vn -0.9357 0.1882 -0.2985
vn -0.9216 0.0856 -0.3787
vn -0.6261 -0.7797 -0.0001
vn -0.6678 0.5263 0.5264
vn -0.3794 0.9252 -0.0000
vn -0.3259 -0.7717 -0.5462
vn -0.3589 -0.8431 -0.4004
vn -0.3795 -0.9252 -0.0002
vn -0.0211 -0.9561 -0.2924
vn -0.3118 0.8128 0.4920
vn -0.2783 0.8060 0.5224
vn -0.3266 0.8716 0.3656
vn -0.3345 0.8885 0.3142
vn 0.2937 0.7895 -0.5390
vn 0.2708 0.7932 -0.5454
vn 0.3687 0.8452 -0.3870
vn 0.3522 0.8579 -0.3741
vn -0.0002 0.8368 0.5475
vn -0.0000 0.9444 0.3288
vn -0.0003 0.9730 0.2306
vn -0.0002 0.9724 0.2332
vn 0.6459 0.7406 0.1852
vn 0.6747 0.6159 0.4067
vn -0.2386 0.8153 0.5275
vn -0.2205 0.9485 0.2275
vn -0.6749 0.6194 0.4011
vn -0.6446 0.7434 0.1784
vn -0.0009 0.8502 0.5265
vn -0.3076 0.8630 -0.4007
vn 0.0584 0.9353 -0.3490
vn -0.6384 0.7696 -0.0162
vn -0.2021 0.9088 -0.3651
vn 0.1999 0.9000 -0.3875
vn 0.6378 0.7682 -0.0550
vn 0.1992 0.8989 -0.3901
vn 0.6382 0.7695 -0.0226
vn 0.6375 0.7684 -0.0555
vn 0.0006 0.8351 -0.5501
vn 0.0001 0.9666 -0.2562
vn 0.0009 0.8330 -0.5533
vn 0.0002 0.9654 -0.2607
vn 0.4311 0.1998 0.8799
vn 0.9404 0.3392 0.0257
vn 0.9404 0.3392 -0.0257
vn 0.4311 0.1999 -0.8799
vn -0.9404 0.3392 0.0257
vn -0.4311 0.1997 0.8799
vn -0.4311 0.1998 -0.8799
vn -0.9404 0.3392 -0.0257
vn 0.4118 -0.8886 -0.2018
vn 0.4174 -0.7669 0.4874
vn 0.4118 -0.8886 0.2018
vn 0.4753 -0.1948 0.8580
vn 0.4176 0.4874 0.7669
vn 0.4119 0.2018 0.8886
vn 0.4119 0.2018 -0.8886
vn 0.4174 -0.4874 -0.7669
vn 0.4118 -0.2018 -0.8887
vn 0.4143 0.8876 0.2015
vn 0.4875 0.7024 -0.5187
vn 0.5834 0.7920 -0.1798
vn -0.5245 -0.7335 -0.4323
vn -0.4100 -0.8894 -0.2019
vn -0.4100 -0.8895 0.2019
vn -0.5244 -0.7335 0.4323
vn -0.5523 -0.4510 0.7012
vn -0.4832 -0.1939 0.8538
vn -0.4101 0.2019 0.8894
vn -0.5244 0.4322 0.7336
vn -0.5244 0.4322 -0.7336
vn -0.4100 0.2020 -0.8894
vn -0.4100 -0.2019 -0.8894
vn -0.5244 -0.4323 -0.7336
vn -0.5285 0.7290 0.4350
vn -0.4120 0.8886 0.2018
vn -0.6151 0.7689 -0.1746
vn -0.5839 0.6605 -0.4720
vn 0.4302 -0.2410 0.8700
vn 0.4288 -0.2332 0.8728
vn -0.4288 -0.2332 0.8728
vn -0.4542 -0.5009 0.7367
vn 0.4533 0.7565 0.4713
vn 0.4238 0.8828 0.2025
vn 0.4224 0.8851 0.1955
vn -0.4224 0.8851 0.1955
vn -0.4534 0.7566 0.4713
vn 0.4369 0.8523 -0.2878
vn 0.4544 0.7133 -0.5336
vn -0.0094 -0.0625 -0.9980
vn 0.0048 -0.0794 -0.9968
vn -0.5627 -0.4760 0.6759
vn -0.0000 0.4204 0.9074
vn 0.1954 0.6153 0.7636
vn -0.6651 -0.7329 0.1435
vn -0.7269 -0.5860 0.3581
vn -0.7433 -0.6402 0.1938
vn 0.6936 -0.6754 -0.2505
vn 0.6657 -0.5375 -0.5176
vn 0.7269 -0.5860 -0.3581
vn -0.6651 -0.7329 -0.1435
vn -0.7269 -0.5860 -0.3581
vn -0.6936 -0.6754 -0.2505
vn -0.6603 -0.5209 -0.5409
vn -0.0000 -0.7942 -0.6077
vn -0.0000 -0.4722 -0.8815
vn 0.6980 -0.6039 -0.3848
vn 0.5627 -0.4760 -0.6759
vn 0.6668 -0.7452 -0.0000
vn 0.7433 -0.6402 -0.1938
vn 0.7404 -0.6721 -0.0000
vn 0.6936 -0.6754 0.2505
vn 0.6657 -0.5375 0.5176
vn 0.6980 -0.6039 0.3848
vn -0.3187 0.5991 0.7345
vn -0.1955 0.6153 0.7636
vn -0.6603 -0.5209 0.5409
vn -0.0000 -0.7942 0.6077
vn 0.6603 -0.5209 0.5409
vn -0.0000 -0.4722 0.8815
vn -0.0395 0.6955 0.7174
vn 0.3187 0.5991 0.7345
vn -0.6058 0.7481 -0.2709
vn -0.4483 0.7171 -0.5337
vn -0.6607 0.7016 -0.2670
vn -0.0000 0.8341 0.5516
vn 0.3187 0.5991 -0.7345
vn -0.0000 0.4204 -0.9074
vn 0.1955 0.6153 -0.7636
vn -0.6058 0.7481 0.2709
vn -0.4483 0.7171 0.5337
vn -0.3715 0.7476 0.5504
vn -0.0395 0.6955 -0.7174
vn -0.1509 0.6832 -0.7145
vn 0.0395 0.6955 -0.7174
vn -0.1955 0.6153 -0.7636
vn -0.3187 0.5991 -0.7345
vn 0.6695 0.7428 -0.0000
vn 0.6606 0.7016 -0.2670
vn 0.6058 0.7481 -0.2709
vn 0.3715 0.7476 0.5504
vn 0.1509 0.6832 0.7145
vn 0.4483 0.7171 0.5337
vn 0.6058 0.7481 0.2709
vn 0.6606 0.7016 0.2670
vn -0.6657 -0.5375 0.5176
vn -0.1509 0.6832 0.7145
vn -0.6606 0.7016 0.2670
vn -0.7404 -0.6721 -0.0000
vn -0.7379 0.6749 -0.0000
vn -0.7433 -0.6402 -0.1938
vn -0.6657 -0.5375 -0.5176
vn -0.5627 -0.4760 -0.6759
vn 0.1509 0.6832 -0.7145
vn 0.4483 0.7171 -0.5337
vn 0.7379 0.6749 -0.0000
vn 0.7433 -0.6402 0.1938
vn 0.7269 -0.5860 0.3581
vn 0.5627 -0.4760 0.6759
vn -0.6668 -0.7452 -0.0000
vn -0.6980 -0.6039 0.3848
vn 0.0395 0.6955 0.7174
vn 0.3715 0.7476 -0.5504
vn -0.3715 0.7477 -0.5504
vn -0.6695 0.7428 -0.0000
vn -0.0000 0.8341 -0.5516
vn 0.6651 -0.7329 0.1435
vn -0.6980 -0.6039 -0.3848
vn 0.6651 -0.7329 -0.1435
vn 0.6603 -0.5209 -0.5409
vn -0.6936 -0.6754 0.2505
vn -0.1955 0.6154 0.7636
vn -0.6606 0.7016 -0.2670
vn 0.1955 0.6154 -0.7636
vn -0.1955 0.6154 -0.7636
vn -0.3715 0.7476 -0.5504
vn -0.1954 0.6153 0.7636
vn 0.1954 0.6153 -0.7636
vn -0.1954 0.6153 -0.7636
vn -0.3715 0.7476 0.5505
vn 0.1954 0.6154 0.7636
vn -0.6650 -0.7329 0.1435
vn -0.6650 -0.7329 -0.1435
vn -0.3715 0.7477 0.5504
vn 0.6650 -0.7329 0.1435
vn 0.6650 -0.7329 -0.1435
vn -0.3090 -0.0000 0.9511
vn 0.5878 -0.0000 0.8090
vn 0.8090 -0.0000 0.5878
vn 0.9511 -0.0000 0.3090
vn 0.9511 -0.0000 -0.3090
vn 0.8090 -0.0000 -0.5878
vn 0.5878 -0.0000 -0.8090
vn 0.3090 -0.0000 -0.9511
vn -0.3090 -0.0000 -0.9511
vn -0.5878 -0.0000 -0.8090
vn -0.8090 -0.0000 -0.5878
vn -0.9511 -0.0000 -0.3090
vn -0.9511 -0.0000 0.3090
vn -0.8090 -0.0000 0.5878
vn -0.5878 -0.0000 0.8090
vn 0.3090 -0.0000 0.9511
vn -0.5497 -0.0000 0.8354
vn -0.7927 -0.0000 0.6096
vn -0.9479 -0.0000 0.3186
vn -0.9479 -0.0000 -0.3186
vn -0.7927 -0.0000 -0.6096
vn -0.5497 -0.0000 -0.8354
vn -0.2476 -0.0000 -0.9689
vn 0.2476 -0.0000 -0.9689
vn 0.5497 -0.0000 -0.8354
vn 0.7927 -0.0000 -0.6096
vn 0.9479 -0.0000 -0.3186
vn 0.9479 -0.0000 0.3186
vn 0.7927 -0.0000 0.6096
vn 0.5497 -0.0000 0.8354
vn 0.2476 -0.0000 0.9689
vn -0.2476 -0.0000 0.9689
vn 0.3756 -0.0000 0.9268
vn 0.6294 -0.0000 0.7771
vn -0.3756 -0.0000 0.9268
vn -0.6294 -0.0000 0.7771
vn -0.8269 -0.0000 0.5624
vn -0.9545 -0.0000 0.2983
vn -0.9545 -0.0000 -0.2983
vn -0.8269 -0.0000 -0.5624
vn -0.6294 -0.0000 -0.7771
vn -0.3756 -0.0000 -0.9268
vn 0.3756 -0.0000 -0.9268
vn 0.6294 -0.0000 -0.7771
vn 0.8269 -0.0000 -0.5624
vn 0.9545 -0.0000 -0.2983
vn 0.9545 -0.0000 0.2983
vn 0.8269 -0.0000 0.5624
vt 0.000000 0.000000
vt 0.357069 0.085036
vt 0.350851 0.128836
vt 0.351593 0.086011
vt 0.360387 0.085168
vt 0.356622 0.131221
vt 0.362268 0.131789
vt 0.359315 0.131661
vt 0.363849 0.085438
vt 0.366901 0.131401
vt 0.368642 0.086308
vt 0.373075 0.130851
vt 0.374780 0.087457
vt 0.380334 0.130541
vt 0.381954 0.088601
vt 0.388345 0.130565
vt 0.389864 0.089610
vt 0.396820 0.130849
vt 0.398236 0.090616
vt 0.405482 0.131284
vt 0.406774 0.091454
vt 0.414052 0.131758
vt 0.415120 0.092163
vt 0.422266 0.132157
vt 0.422871 0.092712
vt 0.429587 0.132389
vt 0.429906 0.093165
vt 0.436558 0.132542
vt 0.437215 0.093701
vt 0.444326 0.132797
vt 0.445359 0.094332
vt 0.452734 0.133241
vt 0.453868 0.094932
vt 0.461374 0.133938
vt 0.462466 0.095426
vt 0.469874 0.134865
vt 0.470854 0.095768
vt 0.477938 0.135931
vt 0.478737 0.095913
vt 0.485264 0.137337
vt 0.485814 0.095798
vt 0.491384 0.138897
vt 0.491796 0.095463
vt 0.495485 0.139946
vt 0.496356 0.095168
vt 0.497087 0.140141
vt 0.499323 0.095297
vt 0.498272 0.139921
vt 0.502027 0.095693
vt 0.504814 0.137243
vt 0.507245 0.098299
vt 0.521955 0.133948
vt 0.521887 0.103251
vt 0.543620 0.136371
vt 0.541965 0.098438
vt 0.574807 0.135234
vt 0.572820 0.095404
vt 0.616290 0.130801
vt 0.613656 0.091653
vt 0.661765 0.125522
vt 0.659073 0.087492
vt 0.707272 0.122877
vt 0.752294 0.078204
vt 0.704873 0.082986
vt 0.792345 0.071850
vt 0.753949 0.123984
vt 0.811754 0.060450
vt 0.792576 0.133351
vt 0.833842 0.067481
vt 0.810211 0.147777
vt 0.897075 0.117654
vt 0.836367 0.129451
vt 0.894650 0.065877
vt 0.999461 0.109811
vt 0.002250 0.059093
vt 0.080376 0.116280
vt 0.000561 0.109600
vt 0.082194 0.063959
vt 0.139915 0.121611
vt 0.141804 0.067966
vt 0.180891 0.128154
vt 0.181572 0.068809
vt 0.204846 0.131610
vt 0.203608 0.068740
vt 0.220241 0.126181
vt 0.219146 0.072499
vt 0.239368 0.117435
vt 0.240742 0.078919
vt 0.260766 0.117402
vt 0.263864 0.079768
vt 0.283760 0.120091
vt 0.286919 0.081470
vt 0.304320 0.121579
vt 0.322043 0.086042
vt 0.306883 0.083941
vt 0.336177 0.087729
vt 0.319948 0.122408
vt 0.334619 0.124146
vt 0.351392 0.042472
vt 0.356349 0.077455
vt 0.350915 0.078618
vt 0.356926 0.042837
vt 0.360568 0.077196
vt 0.365781 0.043338
vt 0.364703 0.077726
vt 0.370911 0.043674
vt 0.369559 0.078736
vt 0.377014 0.044098
vt 0.375513 0.079920
vt 0.384035 0.044604
vt 0.382516 0.081076
vt 0.391794 0.045165
vt 0.390305 0.082158
vt 0.400061 0.045760
vt 0.398601 0.083032
vt 0.408576 0.046403
vt 0.407092 0.083853
vt 0.417058 0.047132
vt 0.415395 0.084582
vt 0.425230 0.048022
vt 0.423123 0.085205
vt 0.432534 0.049118
vt 0.430195 0.085837
vt 0.439523 0.050139
vt 0.437522 0.086558
vt 0.447216 0.051012
vt 0.445635 0.087243
vt 0.455493 0.051837
vt 0.454101 0.087872
vt 0.463961 0.052661
vt 0.462648 0.088394
vt 0.472246 0.053505
vt 0.470963 0.088758
vt 0.479975 0.054273
vt 0.478740 0.088952
vt 0.486867 0.054998
vt 0.485643 0.088889
vt 0.492649 0.055634
vt 0.491418 0.088581
vt 0.497157 0.056118
vt 0.495996 0.088220
vt 0.500589 0.056415
vt 0.499728 0.088201
vt 0.504008 0.056611
vt 0.503549 0.089088
vt 0.508962 0.056464
vt 0.508640 0.091589
vt 0.521568 0.055542
vt 0.521989 0.095792
vt 0.539912 0.054163
vt 0.541458 0.091531
vt 0.571150 0.050240
vt 0.572498 0.088071
vt 0.612369 0.045899
vt 0.613347 0.084194
vt 0.657415 0.041055
vt 0.658736 0.079858
vt 0.702538 0.033745
vt 0.704506 0.075411
vt 0.751862 0.070435
vt 0.748745 0.021957
vt 0.791215 0.064263
vt 0.787666 0.008801
vt 0.811167 0.052625
vt 0.810875 0.002868
vt 0.834670 0.060151
vt 0.894574 0.004952
vt 0.894526 0.058567
vt 0.996912 0.000045
vt 0.997860 0.052398
vt 0.002197 0.052040
vt 0.083402 0.004531
vt 0.082400 0.056773
vt 0.142459 0.007535
vt 0.141918 0.060571
vt 0.182352 0.009338
vt 0.181467 0.061317
vt 0.206265 0.012792
vt 0.204000 0.060456
vt 0.224667 0.018908
vt 0.220142 0.065050
vt 0.245321 0.027324
vt 0.241296 0.071058
vt 0.265342 0.032828
vt 0.264114 0.072316
vt 0.287805 0.036175
vt 0.287275 0.074092
vt 0.308458 0.038628
vt 0.307323 0.076680
vt 0.322489 0.078703
vt 0.323943 0.040180
vt 0.336224 0.079985
vt 0.337334 0.041293
vt 0.543373 0.143776
vt 0.522120 0.141166
vt 0.436482 0.140021
vt 0.429488 0.139881
vt 0.497271 0.149290
vt 0.494096 0.148493
vt 0.452518 0.140678
vt 0.444192 0.140244
vt 0.505957 0.144537
vt 0.461074 0.141345
vt 0.707339 0.130341
vt 0.662059 0.133068
vt 0.080083 0.123470
vt 0.000040 0.116618
vt 0.204972 0.140284
vt 0.180147 0.135910
vt 0.489910 0.146716
vt 0.373457 0.138422
vt 0.139466 0.129036
vt 0.616649 0.138343
vt 0.283436 0.127529
vt 0.260529 0.124735
vt 0.240061 0.124601
vt 0.500435 0.148370
vt 0.367575 0.139215
vt 0.753513 0.131563
vt 0.897525 0.124971
vt 0.221717 0.133601
vt 0.790774 0.140618
vt 0.837948 0.137034
vt 0.997853 0.059522
vt 0.380452 0.138041
vt 0.349434 0.136261
vt 0.333904 0.131734
vt 0.810631 0.157198
vt 0.484251 0.144860
vt 0.477282 0.143349
vt 0.396682 0.138309
vt 0.388297 0.138041
vt 0.422109 0.139608
vt 0.413868 0.139197
vt 0.304123 0.128901
vt 0.469449 0.142166
vt 0.358800 0.140430
vt 0.362846 0.140132
vt 0.405302 0.138730
vt 0.354740 0.139328
vt 0.575024 0.142699
vt 0.319650 0.129707
vt 0.361378 0.043066
vt 0.835816 0.003296
vt 0.003379 0.000040
vt 0.999960 0.116870
vt 0.119101 0.265935
vt 0.109465 0.354247
vt 0.089140 0.347310
vt 0.968705 0.357059
vt 0.999952 0.362522
vt 0.968705 0.362522
vt 0.250027 0.357058
vt 0.281274 0.362521
vt 0.250027 0.362522
vt 0.781224 0.357058
vt 0.812471 0.362521
vt 0.781224 0.362521
vt 0.500002 0.357058
vt 0.531249 0.362521
vt 0.500002 0.362521
vt 0.062543 0.362522
vt 0.093790 0.357059
vt 0.093790 0.362522
vt 0.375015 0.357058
vt 0.406262 0.362521
vt 0.375015 0.362521
vt 0.125038 0.362522
vt 0.624990 0.357058
vt 0.656237 0.362521
vt 0.624990 0.362521
vt 0.187532 0.357058
vt 0.218779 0.362522
vt 0.187532 0.362522
vt 0.906212 0.357058
vt 0.937458 0.362522
vt 0.906212 0.362522
vt 0.218779 0.357058
vt 0.312521 0.357058
vt 0.343768 0.362521
vt 0.312521 0.362521
vt 0.031296 0.357059
vt 0.031296 0.362522
vt 0.749977 0.357058
vt 0.749977 0.362521
vt 0.562496 0.357058
vt 0.593743 0.362521
vt 0.562496 0.362521
vt 0.343768 0.357058
vt 0.437509 0.357058
vt 0.468756 0.362521
vt 0.437509 0.362521
vt 0.156285 0.362522
vt 0.874965 0.357058
vt 0.874965 0.362522
vt 0.593743 0.357058
vt 0.687484 0.357058
vt 0.718730 0.362521
vt 0.687484 0.362521
vt 0.468756 0.357058
vt 0.000048 0.357059
vt 0.000048 0.362522
vt 0.718730 0.357058
vt 0.281274 0.357058
vt 0.812471 0.357058
vt 0.843718 0.362522
vt 0.531249 0.357058
vt 0.406262 0.357058
vt 0.843718 0.357058
vt 0.125038 0.357059
vt 0.656237 0.357058
vt 0.937458 0.357059
vt 0.508388 0.901096
vt 0.095004 0.519434
vt 0.434259 0.054376
vt 0.847643 0.519434
vt 0.868781 0.433697
vt 0.868781 0.521776
vt 0.361556 0.884826
vt 0.432177 0.924876
vt 0.355390 0.907693
vt 0.508388 0.054376
vt 0.432177 0.030596
vt 0.510469 0.030596
vt 0.089140 0.608162
vt 0.073866 0.521775
vt 0.763630 0.207859
vt 0.724687 0.130419
vt 0.780048 0.192700
vt 0.659590 0.873986
vt 0.711213 0.806581
vt 0.724687 0.825053
vt 0.137833 0.678273
vt 0.119101 0.689537
vt 0.231434 0.806582
vt 0.283057 0.873987
vt 0.217959 0.825053
vt 0.231434 0.148891
vt 0.162598 0.192701
vt 0.217959 0.130419
vt 0.833181 0.601226
vt 0.853507 0.608162
vt 0.293070 0.852913
vt 0.587257 0.047779
vt 0.510469 0.924876
vt 0.581091 0.884826
vt 0.587257 0.907692
vt 0.095004 0.436039
vt 0.073866 0.433696
vt 0.804813 0.277199
vt 0.823546 0.265936
vt 0.649577 0.852913
vt 0.179017 0.747613
vt 0.162598 0.762772
vt 0.283057 0.081485
vt 0.780048 0.762772
vt 0.804813 0.678273
vt 0.823545 0.689537
vt 0.847643 0.436038
vt 0.853507 0.347310
vt 0.361555 0.070645
vt 0.355390 0.047779
vt 0.833181 0.354247
vt 0.649577 0.102559
vt 0.659589 0.081485
vt 0.763629 0.747613
vt 0.137833 0.277199
vt 0.968705 0.378615
vt 0.937458 0.378615
vt 0.687484 0.378615
vt 0.656237 0.378615
vt 0.156285 0.378615
vt 0.125038 0.378615
vt 0.874965 0.378615
vt 0.843718 0.378615
vt 0.437509 0.378615
vt 0.406262 0.378615
vt 0.562496 0.378615
vt 0.531249 0.378615
vt 0.812471 0.378615
vt 0.312521 0.378615
vt 0.281274 0.378615
vt 0.749977 0.378615
vt 0.718730 0.378615
vt 0.031296 0.378616
vt 0.000048 0.378616
vt 0.500002 0.378615
vt 0.468756 0.378615
vt 0.624990 0.378615
vt 0.593743 0.378615
vt 0.906212 0.378615
vt 0.187532 0.378615
vt 0.375015 0.378615
vt 0.343768 0.378615
vt 0.781224 0.378615
vt 0.062543 0.378616
vt 0.250027 0.378615
vt 0.218779 0.378615
vt 0.093790 0.378616
vt 0.999952 0.378615
vt 0.999952 0.357059
vt 0.062543 0.357059
vt 0.156285 0.357058
vt 0.581091 0.070646
vt 0.711213 0.148890
vt 0.434259 0.901096
vt 0.109465 0.601225
vt 0.179017 0.207860
vt 0.293070 0.102559
vt 0.521034 0.206039
vt 0.483158 0.202707
vt 0.520603 0.205967
vt 0.600091 0.331691
vt 0.562949 0.335786
vt 0.562294 0.322301
vt 0.519564 0.231181
vt 0.481822 0.232782
vt 0.482119 0.228235
vt 0.228833 0.287355
vt 0.213033 0.291543
vt 0.213033 0.287498
vt 0.712264 0.284817
vt 0.672926 0.280435
vt 0.673108 0.276287
vt 0.408359 0.239908
vt 0.371754 0.255571
vt 0.371987 0.251135
vt 0.557402 0.239518
vt 0.519266 0.235642
vt 0.264277 0.287362
vt 0.264381 0.283208
vt 0.768881 0.291543
vt 0.751599 0.287498
vt 0.768881 0.287498
vt 0.445058 0.231597
vt 0.751535 0.291543
vt 0.634208 0.264303
vt 0.595362 0.255551
vt 0.595625 0.251279
vt 0.408095 0.244413
vt 0.335706 0.267674
vt 0.300051 0.274613
vt 0.335901 0.263324
vt 0.557115 0.243876
vt 0.633980 0.268506
vt 0.229893 0.418704
vt 0.213033 0.378364
vt 0.229893 0.380545
vt 0.302729 0.348309
vt 0.266468 0.365592
vt 0.266213 0.354552
vt 0.676161 0.350696
vt 0.638563 0.354348
vt 0.638054 0.342016
vt 0.376078 0.329324
vt 0.339817 0.351627
vt 0.339341 0.339357
vt 0.524679 0.315493
vt 0.487950 0.326641
vt 0.487254 0.312717
vt 0.229763 0.356326
vt 0.213033 0.366880
vt 0.213033 0.356326
vt 0.714383 0.355792
vt 0.676564 0.362291
vt 0.412964 0.320566
vt 0.376642 0.342127
vt 0.525368 0.329326
vt 0.768881 0.356326
vt 0.752828 0.366880
vt 0.752685 0.356326
vt 0.229893 0.366880
vt 0.450694 0.328311
vt 0.450018 0.314579
vt 0.714662 0.366616
vt 0.600685 0.344642
vt 0.413596 0.333891
vt 0.303100 0.359977
vt 0.714662 0.380648
vt 0.676564 0.462680
vt 0.676564 0.377350
vt 0.413596 0.376114
vt 0.388250 0.567698
vt 0.392907 0.382143
vt 0.547458 0.761835
vt 0.525368 0.385879
vt 0.562949 0.377625
vt 0.266468 0.455177
vt 0.266468 0.380004
vt 0.768881 0.395418
vt 0.752828 0.380614
vt 0.768881 0.378363
vt 0.487950 0.389650
vt 0.448580 0.818362
vt 0.450694 0.385133
vt 0.752828 0.420447
vt 0.618921 0.487968
vt 0.584420 0.384309
vt 0.638563 0.371572
vt 0.429086 0.761834
vt 0.339817 0.369145
vt 0.303100 0.462680
vt 0.303100 0.375362
vt 0.589077 0.567699
vt 0.359460 0.487866
vt 0.527483 0.818363
vt 0.229094 0.263205
vt 0.213033 0.263405
vt 0.229017 0.263208
vt 0.712882 0.260625
vt 0.673737 0.251947
vt 0.712702 0.260597
vt 0.373146 0.225781
vt 0.409283 0.214478
vt 0.409668 0.214370
vt 0.558813 0.214736
vt 0.558400 0.214620
vt 0.264896 0.258764
vt 0.264744 0.258794
vt 0.768881 0.263405
vt 0.751824 0.263405
vt 0.446473 0.205984
vt 0.483589 0.202706
vt 0.751917 0.263405
vt 0.635325 0.239941
vt 0.596539 0.226628
vt 0.634998 0.239831
vt 0.446057 0.206054
vt 0.300806 0.249842
vt 0.336587 0.238335
vt 0.336873 0.238237
vt 0.596918 0.226757
vt 0.300583 0.249907
vt 0.673997 0.252019
vt 0.372805 0.225896
vt 0.322869 0.281349
vt 0.317413 0.282386
vt 0.299899 0.278866
vt 0.444772 0.236147
vt 0.409173 0.257829
vt 0.596431 0.269315
vt 0.712482 0.297378
vt 0.712137 0.288914
vt 0.445938 0.249924
vt 0.228925 0.299683
vt 0.228780 0.291418
vt 0.751711 0.299778
vt 0.520480 0.249806
vt 0.372708 0.268684
vt 0.673422 0.289198
vt 0.213033 0.299778
vt 0.483034 0.246882
vt 0.336505 0.280586
vt 0.654985 0.283900
vt 0.649172 0.282797
vt 0.264562 0.295779
vt 0.558281 0.257902
vt 0.309142 0.319587
vt 0.311377 0.318079
vt 0.634905 0.281956
vt 0.768881 0.366880
vt 0.714662 0.457360
vt 0.487950 0.830955
vt 0.768881 0.299778
vt 0.300316 0.287415
vt 0.303673 0.321738
vt 0.213033 0.395418
vt 0.664687 0.320211
vt 0.752282 0.332433
vt 0.713595 0.331101
vt 0.667126 0.321733
vt 0.672951 0.323895
vt 0.265525 0.329687
vt 0.679913 0.325488
vt 0.768881 0.332433
vt 0.679913 0.325489
vt 0.297148 0.323416
vt 0.229414 0.332396
vt 0.213033 0.332433
vt 0.323420 0.284581
vt 0.324558 0.281701
vt 0.309692 0.284529
vt 0.663297 0.286160
vt 0.648999 0.286139
vt 0.647458 0.283154
vt 0.301717 0.322337
vt 0.663296 0.286160
vt 0.675018 0.324495
vt 0.518847 0.663780
vt 0.526470 0.656050
vt 0.526470 0.861688
vt 0.181548 0.904466
vt 0.185911 0.911382
vt 0.128333 0.889441
vt 0.512359 0.488888
vt 0.549951 0.432063
vt 0.549950 0.488888
vt 0.992831 0.757788
vt 0.955866 0.740999
vt 0.992831 0.740999
vt 0.828956 0.001538
vt 0.774160 0.041132
vt 0.773634 0.040748
vt 0.955866 0.973968
vt 0.992831 0.888227
vt 0.992831 0.973968
vt 0.576058 0.219687
vt 0.769449 0.162863
vt 0.769449 0.219687
vt 0.526470 0.696182
vt 0.542815 0.931959
vt 0.526470 0.931959
vt 0.117414 0.666143
vt 0.072946 0.843913
vt 0.072945 0.683213
vt 0.279056 0.415274
vt 0.477991 0.432063
vt 0.279056 0.432063
vt 0.884277 0.040748
vt 0.828956 0.041132
vt 0.912821 0.646561
vt 0.885092 0.602720
vt 0.919176 0.637730
vt 0.497658 0.415274
vt 0.508587 0.432063
vt 0.481208 0.432063
vt 0.512359 0.329145
vt 0.549884 0.415274
vt 0.512359 0.415274
vt 0.586447 0.802605
vt 0.586447 0.804198
vt 0.585215 0.803544
vt 0.280679 0.283117
vt 0.325197 0.312351
vt 0.325421 0.315383
vt 0.559551 0.885785
vt 0.560558 0.883829
vt 0.586367 0.872096
vt 0.187549 0.689704
vt 0.127246 0.712307
vt 0.127246 0.683634
vt 0.346609 0.847867
vt 0.390939 0.682955
vt 0.390939 0.833458
vt 0.117430 0.663834
vt 0.125032 0.655616
vt 0.122524 0.870422
vt 0.181532 0.902191
vt 0.133860 0.720731
vt 0.181532 0.703022
vt 0.477991 0.488888
vt 0.279056 0.488888
vt 0.518831 0.848973
vt 0.474403 0.843230
vt 0.474403 0.834060
vt 0.518847 0.850986
vt 0.526470 0.872389
vt 0.524721 0.871623
vt 0.002761 0.106038
vt 0.038600 0.162863
vt 0.002761 0.162863
vt 0.060112 0.691128
vt 0.002962 0.683062
vt 0.062516 0.654587
vt 0.874052 0.602873
vt 0.882650 0.382930
vt 0.882650 0.596345
vt 0.070119 0.681996
vt 0.123189 0.654566
vt 0.123226 0.654622
vt 0.552404 0.848108
vt 0.548859 0.651750
vt 0.552404 0.653998
vt 0.684597 0.803098
vt 0.681435 0.855624
vt 0.681435 0.801460
vt 0.678255 0.803080
vt 0.681435 0.855721
vt 0.678255 0.854081
vt 0.346593 0.862286
vt 0.397979 0.850300
vt 0.340669 0.871634
vt 0.542815 0.651750
vt 0.526470 0.692734
vt 0.526470 0.651750
vt 0.346593 0.663905
vt 0.340194 0.653767
vt 0.398271 0.675830
vt 0.400481 0.882707
vt 0.399223 0.882005
vt 0.400474 0.851571
vt 0.634670 0.997598
vt 0.631125 0.987368
vt 0.634670 0.985404
vt 0.393765 0.834477
vt 0.690918 0.803100
vt 0.687759 0.855454
vt 0.687759 0.801460
vt 0.694078 0.803114
vt 0.697223 0.855382
vt 0.694078 0.853786
vt 0.781301 0.595824
vt 0.554936 0.769379
vt 0.583637 0.566343
vt 0.126005 0.714294
vt 0.127246 0.715742
vt 0.126011 0.890544
vt 0.464926 0.674755
vt 0.466167 0.676203
vt 0.466167 0.839081
vt 0.769449 0.089249
vt 0.576058 0.106038
vt 0.552154 0.089249
vt 0.624034 0.803708
vt 0.627580 0.988670
vt 0.624034 0.986679
vt 0.471576 0.835119
vt 0.662318 0.854153
vt 0.665514 0.801460
vt 0.665514 0.855757
vt 0.671892 0.803077
vt 0.675075 0.855686
vt 0.671892 0.854043
vt 0.318760 0.324640
vt 0.279331 0.284140
vt 0.319756 0.003069
vt 0.325197 0.013973
vt 0.290839 0.049265
vt 0.279101 0.048027
vt 0.288334 0.272708
vt 0.279101 0.279717
vt 0.273501 0.853173
vt 0.269955 0.651750
vt 0.273501 0.653998
vt 0.133860 0.884109
vt 0.131033 0.719568
vt 0.652814 0.803080
vt 0.655995 0.859395
vt 0.652814 0.857755
vt 0.662318 0.803098
vt 0.659157 0.859292
vt 0.659157 0.801460
vt 0.518847 0.862316
vt 0.467408 0.849929
vt 0.471576 0.844423
vt 0.785352 0.370885
vt 0.786871 0.606388
vt 0.785352 0.606114
vt 0.955865 0.654870
vt 0.992831 0.654870
vt 0.996547 0.488888
vt 0.968376 0.432063
vt 0.996547 0.432063
vt 0.279056 0.329145
vt 0.494441 0.415274
vt 0.914452 0.691659
vt 0.949419 0.651750
vt 0.928926 0.691659
vt 0.047270 0.162863
vt 0.272642 0.106038
vt 0.272642 0.162863
vt 0.769449 0.106038
vt 0.276213 0.412148
vt 0.275758 0.325725
vt 0.275750 0.327081
vt 0.279056 0.545712
vt 0.914894 0.697431
vt 0.927604 0.933215
vt 0.914894 0.933215
vt 0.992831 0.814613
vt 0.955866 0.757788
vt 0.972643 0.415274
vt 0.968376 0.415274
vt 0.002761 0.089249
vt 0.038600 0.106038
vt 0.047270 0.089249
vt 0.272642 0.003120
vt 0.272642 0.089249
vt 0.786871 0.609586
vt 0.867906 0.606388
vt 0.870721 0.609363
vt 0.936555 0.325725
vt 0.938472 0.325725
vt 0.973710 0.284948
vt 0.526470 0.977466
vt 0.542815 0.937720
vt 0.542815 0.977466
vt 0.951952 0.975949
vt 0.914224 0.936656
vt 0.949419 0.977476
vt 0.785352 0.326074
vt 0.786871 0.327563
vt 0.786871 0.367199
vt 0.922455 0.327626
vt 0.945409 0.365934
vt 0.924916 0.326025
vt 0.508587 0.488888
vt 0.481208 0.488888
vt 0.462205 0.654520
vt 0.463953 0.664456
vt 0.456330 0.675157
vt 0.497658 0.329145
vt 0.508587 0.415274
vt 0.047270 0.106038
vt 0.474403 0.682544
vt 0.471576 0.681377
vt 0.624034 0.997753
vt 0.627580 1.000000
vt 0.011194 0.639285
vt 0.009401 0.639497
vt 0.011663 0.639497
vt 0.328964 0.324255
vt 0.334045 0.323256
vt 0.518831 0.666005
vt 0.044204 0.089249
vt 0.040679 0.003120
vt 0.044204 0.003120
vt 0.968376 0.329145
vt 0.972643 0.329145
vt 0.776977 0.322602
vt 0.775132 0.323973
vt 0.773818 0.322279
vt 0.649634 0.888291
vt 0.645906 0.802183
vt 0.649634 0.801460
vt 0.877442 0.367554
vt 0.918180 0.341068
vt 0.886040 0.374082
vt 0.775532 0.325205
vt 0.774160 0.329192
vt 0.976982 0.329145
vt 0.773634 0.305252
vt 0.777364 0.285138
vt 0.777364 0.309691
vt 0.788553 0.286753
vt 0.784823 0.308115
vt 0.784823 0.283561
vt 0.327315 0.322905
vt 0.539152 0.313772
vt 0.776152 0.325969
vt 0.638425 0.858986
vt 0.634670 0.802161
vt 0.638425 0.801460
vt 0.642178 0.914409
vt 0.638425 0.858285
vt 0.642178 0.858285
vt 0.964172 0.415274
vt 0.962255 0.432063
vt 0.962255 0.415274
vt 0.390939 0.843559
vt 0.393765 0.844726
vt 0.634670 0.803708
vt 0.631125 0.801460
vt 0.181548 0.700802
vt 0.187549 0.693116
vt 0.333271 0.001518
vt 0.331749 0.003721
vt 0.540685 0.012552
vt 0.346609 0.860062
vt 0.400465 0.839263
vt 0.399223 0.676580
vt 0.400458 0.675138
vt 0.338921 0.911332
vt 0.399223 0.853375
vt 0.335832 0.003157
vt 0.336295 0.003069
vt 0.479627 0.488888
vt 0.479581 0.432741
vt 0.479627 0.431385
vt 0.273501 0.652739
vt 0.274404 0.675570
vt 0.273501 0.676559
vt 0.496077 0.414596
vt 0.828956 0.280363
vt 0.881462 0.044586
vt 0.881462 0.280363
vt 0.335839 0.003236
vt 0.332765 0.000145
vt 0.496028 0.329145
vt 0.494441 0.329145
vt 0.496031 0.415951
vt 0.280587 0.505375
vt 0.280636 0.505315
vt 0.276386 0.506008
vt 0.047270 0.003120
vt 0.191382 0.676084
vt 0.248427 0.654346
vt 0.244064 0.661262
vt 0.769449 0.322217
vt 0.552154 0.236477
vt 0.769449 0.236477
vt 0.888022 0.049192
vt 0.896206 0.268820
vt 0.888022 0.275034
vt 0.867306 0.650675
vt 0.783833 0.650334
vt 0.783833 0.611124
vt 0.896533 0.053136
vt 0.896206 0.055405
vt 0.968376 0.545712
vt 0.996547 0.545712
vt 0.272642 0.219687
vt 0.002761 0.219687
vt 0.512359 0.545712
vt 0.054898 0.899913
vt 0.010429 0.722143
vt 0.054898 0.705831
vt 0.218883 0.327243
vt 0.011469 0.338278
vt 0.220699 0.329872
vt 0.872848 0.936699
vt 0.908060 0.977476
vt 0.910593 0.975949
vt 0.477991 0.545712
vt 0.279056 0.562502
vt 0.405468 0.675996
vt 0.456330 0.663827
vt 0.409060 0.681720
vt 0.508587 0.562502
vt 0.497658 0.648242
vt 0.497658 0.562502
vt 0.976982 0.648242
vt 0.972644 0.562501
vt 0.976988 0.563202
vt 0.190510 0.882472
vt 0.249819 0.875731
vt 0.250065 0.876109
vt 0.619258 0.817936
vt 0.593624 0.802750
vt 0.620280 0.815060
vt 0.125032 0.877906
vt 0.123435 0.912060
vt 0.064730 0.853690
vt 0.284092 0.717804
vt 0.328422 0.882716
vt 0.284092 0.899497
vt 0.001124 0.714059
vt 0.000000 0.683348
vt 0.196376 0.844997
vt 0.244048 0.663537
vt 0.244048 0.862706
vt 0.338921 0.654474
vt 0.339681 0.653067
vt 0.456315 0.677170
vt 0.411887 0.682914
vt 0.456315 0.666097
vt 0.277513 0.653740
vt 0.335959 0.712019
vt 0.276405 0.689849
vt 0.124932 0.912678
vt 0.122397 0.912984
vt 0.122421 0.912727
vt 0.876494 0.609248
vt 0.911590 0.648272
vt 0.874829 0.610512
vt 0.060008 0.695634
vt 0.062516 0.910441
vt 0.054914 0.902222
vt 0.542815 0.850355
vt 0.546360 0.653998
vt 0.546360 0.848108
vt 0.007602 0.884060
vt 0.010429 0.882843
vt 0.687759 0.853987
vt 0.684597 0.801460
vt 0.687759 0.803077
vt 0.675075 0.855721
vt 0.261445 0.375124
vt 0.233081 0.327845
vt 0.231044 0.328001
vt 0.284077 0.703385
vt 0.334886 0.715157
vt 0.331249 0.720946
vt 0.277678 0.911904
vt 0.276405 0.705281
vt 0.284077 0.715862
vt 0.190510 0.853699
vt 0.188673 0.882825
vt 0.187549 0.851409
vt 0.627580 0.997598
vt 0.627580 0.985404
vt 0.331249 0.731195
vt 0.328422 0.732213
vt 0.694078 0.853814
vt 0.690918 0.801460
vt 0.694078 0.803074
vt 0.700369 0.803114
vt 0.700369 0.853786
vt 0.780446 0.358470
vt 0.743888 0.560263
vt 0.555792 0.358470
vt 0.190510 0.676342
vt 0.188673 0.851524
vt 0.187549 0.675559
vt 0.404399 0.850219
vt 0.401437 0.851023
vt 0.401437 0.686079
vt 0.624034 0.812790
vt 0.620489 0.997753
vt 0.620489 0.814781
vt 0.409060 0.691024
vt 0.411887 0.692083
vt 0.668710 0.854153
vt 0.668710 0.803121
vt 0.671892 0.801460
vt 0.668710 0.854069
vt 0.668710 0.803104
vt 0.244064 0.864926
vt 0.249154 0.872954
vt 0.190995 0.851293
vt 0.266410 0.692691
vt 0.250065 0.651750
vt 0.266410 0.651750
vt 0.263821 0.598433
vt 0.272719 0.374007
vt 0.272719 0.605188
vt 0.266410 0.853173
vt 0.266410 0.653998
vt 0.193550 0.846160
vt 0.196376 0.681619
vt 0.652814 0.801460
vt 0.649634 0.857776
vt 0.649634 0.803101
vt 0.659157 0.857654
vt 0.655995 0.801460
vt 0.659157 0.803077
vt 0.776449 0.044586
vt 0.776449 0.280363
vt 0.187549 0.910780
vt 0.186466 0.912127
vt 0.040679 0.236477
vt 0.044204 0.322217
vt 0.040679 0.322217
vt 0.955866 0.888227
vt 0.992831 0.871438
vt 0.973372 0.039977
vt 0.938472 0.000000
vt 0.936011 0.001601
vt 0.272312 0.001560
vt 0.047600 0.001560
vt 0.889387 0.281672
vt 0.899596 0.277668
vt 0.891082 0.284132
vt 0.335959 0.715452
vt 0.338921 0.714647
vt 0.338921 0.725602
vt 0.481208 0.545712
vt 0.955866 0.871438
vt 0.038600 0.219687
vt 0.002762 0.236477
vt 0.272642 0.236477
vt 0.047270 0.219687
vt 0.966541 0.327585
vt 0.973971 0.327585
vt 0.280258 0.041232
vt 0.318760 0.001684
vt 0.250065 0.937653
vt 0.266410 0.977466
vt 0.250065 0.977466
vt 0.960287 0.281465
vt 0.972997 0.045681
vt 0.972997 0.281465
vt 0.230972 0.649848
vt 0.233141 0.650014
vt 0.226957 0.638076
vt 0.909876 0.651750
vt 0.887532 0.691727
vt 0.873031 0.691727
vt 0.508587 0.545712
vt 0.508587 0.329145
vt 0.496935 0.327585
vt 0.510524 0.327585
vt 0.550015 0.562502
vt 0.512341 0.648243
vt 0.511900 0.562502
vt 0.867306 0.654172
vt 0.869013 0.889641
vt 0.867306 0.889949
vt 0.411887 0.843599
vt 0.620489 0.803708
vt 0.063488 0.675469
vt 0.064730 0.676902
vt 0.063495 0.851699
vt 0.223190 0.649980
vt 0.216877 0.648637
vt 0.456315 0.860138
vt 0.044204 0.236477
vt 0.047270 0.322217
vt 0.962255 0.562501
vt 0.964172 0.545712
vt 0.964788 0.562501
vt 0.642178 0.890707
vt 0.645906 0.804987
vt 0.645906 0.891430
vt 0.777392 0.313162
vt 0.775532 0.310212
vt 0.776405 0.309134
vt 0.461944 0.871222
vt 0.456330 0.862363
vt 0.773824 0.304959
vt 0.968377 0.648242
vt 0.972644 0.648242
vt 0.777364 0.288000
vt 0.781093 0.308115
vt 0.784823 0.305252
vt 0.781093 0.283890
vt 0.013003 0.639497
vt 0.225256 0.648242
vt 0.775132 0.311444
vt 0.634670 0.915810
vt 0.638425 0.916511
vt 0.642178 0.802161
vt 0.514810 0.545712
vt 0.512995 0.562502
vt 0.512349 0.545712
vt 0.328422 0.722112
vt 0.627579 0.803708
vt 0.250065 0.872612
vt 0.587724 0.869687
vt 0.618315 0.885758
vt 0.284092 0.705610
vt 0.496028 0.648243
vt 0.494441 0.562502
vt 0.496031 0.561824
vt 0.250065 0.931959
vt 0.266410 0.696182
vt 0.266410 0.931959
vt 0.496077 0.563179
vt 0.496071 0.648243
vt 0.479581 0.545035
vt 0.479627 0.546390
vt 0.275308 0.652739
vt 0.275308 0.676559
vt 0.271172 0.504559
vt 0.275758 0.506003
vt 0.271151 0.504533
vt 0.038600 0.236477
vt 0.038600 0.322217
vt 0.215904 0.329303
vt 0.219390 0.325870
vt 0.279056 0.648242
vt 0.479581 0.488888
vt 0.215907 0.329274
vt 0.278153 0.694038
vt 0.117430 0.862411
vt 0.122054 0.871165
vt 0.065969 0.850592
vt 0.004029 0.715253
vt 0.054914 0.703645
vt 0.044204 0.106038
vt 0.044204 0.162863
vt 0.040679 0.106038
vt 0.040679 0.162863
vt 0.002761 0.003120
vt 0.038600 0.089249
vt 0.769449 0.003120
vt 0.771257 0.089249
vt 0.040679 0.089249
vt 0.038600 0.003120
vt 0.883104 0.379781
vt 0.874052 0.376402
vt 0.874506 0.373253
vt 0.884345 0.376542
vt 0.875747 0.370014
vt 0.040679 0.219687
vt 0.044204 0.219687
vt 0.272642 0.322217
vt 0.047270 0.236477
vt 0.002762 0.322217
vt 0.001543 0.236477
vt 0.925444 0.319427
vt 0.888297 0.278320
vt 0.897901 0.275208
vt 0.896660 0.271970
vt 0.552154 0.003120
vt 0.524298 0.654667
vt 0.524460 0.654922
vt 0.405468 0.850512
vt 0.409060 0.844766
vt 0.545723 0.322905
vt 0.540960 0.313560
vt 0.547532 0.322692
vt 0.543337 0.313772
vt 0.549512 0.322353
vt 0.914722 0.329696
vt 0.919538 0.340000
vt 0.912967 0.330867
vt 0.771257 0.003120
vt 0.773634 0.089249
vt 0.911716 0.332084
vt 0.000000 0.003120
vt 0.001543 0.089249
vt 0.000000 0.089249
vt 0.001543 0.003120
vt 0.771257 0.106038
vt 0.773634 0.106038
vt 0.001543 0.106038
vt 0.000000 0.106038
vt 0.771257 0.162863
vt 0.773634 0.162863
vt 0.001543 0.162863
vt 0.000000 0.162863
vt 0.933095 0.311750
vt 0.926802 0.320495
vt 0.928540 0.321689
vt 0.008817 0.639497
vt 0.004901 0.648030
vt 0.002904 0.647714
vt 0.001543 0.322217
vt 0.000000 0.236477
vt 0.006710 0.648242
vt 0.773634 0.322217
vt 0.771257 0.236477
vt 0.773634 0.236477
vt 0.954401 0.888227
vt 0.771257 0.322217
vt 0.001543 0.219687
vt 0.000000 0.219687
vt 0.771257 0.219687
vt 0.773634 0.219687
vt 0.276231 0.418776
vt 0.276232 0.505588
vt 0.275774 0.418781
vt 0.872386 0.604137
vt 0.870721 0.374212
vt 0.872386 0.375138
vt 0.278030 0.285212
vt 0.869013 0.650620
vt 0.867306 0.611124
vt 0.869013 0.610810
vt 0.277753 0.280741
vt 0.277753 0.047004
vt 0.276405 0.046254
vt 0.549836 0.327585
vt 0.510838 0.327593
vt 0.270343 0.368368
vt 0.233500 0.327805
vt 0.271859 0.367218
vt 0.317716 0.000348
vt 0.978473 0.327582
vt 0.978880 0.329145
vt 0.977897 0.326025
vt 0.977204 0.326025
vt 0.775303 0.323999
vt 0.870721 0.327113
vt 0.870138 0.367200
vt 0.967271 0.326025
vt 0.972643 0.326025
vt 0.329089 0.324640
vt 0.319756 0.323256
vt 0.646393 0.888310
vt 0.649223 0.889854
vt 0.646846 0.889868
vt 0.648115 0.891420
vt 0.648081 0.891420
vt 0.775337 0.324002
vt 0.977066 0.327583
vt 0.973728 0.327583
vt 0.976982 0.326025
vt 0.775507 0.324101
vt 0.775127 0.324709
vt 0.275741 0.417221
vt 0.275329 0.417226
vt 0.275758 0.415661
vt 0.278512 0.505450
vt 0.278331 0.505663
vt 0.786871 0.370611
vt 0.509795 0.326025
vt 0.333595 0.001684
vt 0.955923 0.653310
vt 0.910300 0.649923
vt 0.873221 0.611836
vt 0.496071 0.329145
vt 0.495559 0.327588
vt 0.496071 0.326025
vt 0.495694 0.327586
vt 0.495799 0.326025
vt 0.494546 0.326025
vt 0.334183 0.001864
vt 0.038609 0.001560
vt 0.040688 0.001560
vt 0.038631 0.000000
vt 0.040679 0.000000
vt 0.874081 0.368750
vt 0.040829 0.001560
vt 0.044354 0.001560
vt 0.041237 0.000000
vt 0.044204 0.000000
vt 0.872841 0.371988
vt 0.044462 0.001560
vt 0.047528 0.001560
vt 0.045167 0.000000
vt 0.047270 0.000000
vt 0.547041 0.003721
vt 0.332931 0.002010
vt 0.548272 0.002010
vt 0.334114 0.000300
vt 0.549177 0.000300
vt 0.279386 0.327585
vt 0.546846 0.324465
vt 0.548655 0.324252
vt 0.547969 0.326025
vt 0.771006 0.001560
vt 0.769198 0.001560
vt 0.550567 0.323819
vt 0.549777 0.325813
vt 0.773435 0.001560
vt 0.771058 0.001560
vt 0.913667 0.328231
vt 0.911844 0.329307
vt 0.912612 0.326765
vt 0.001473 0.001560
vt -0.000070 0.001560
vt 0.910540 0.330450
vt 0.909363 0.328815
vt 0.910715 0.327753
vt 0.328993 0.324465
vt 0.330670 0.326025
vt 0.769148 0.001560
vt 0.551705 0.001560
vt 0.038541 0.001560
vt 0.002768 0.001560
vt 0.038380 0.000000
vt 0.875776 0.366290
vt 0.127850 0.714669
vt 0.186638 0.692774
vt 0.753233 0.564892
vt 0.782714 0.595174
vt 0.753677 0.563771
vt 0.783805 0.594718
vt 0.553936 0.818047
vt 0.781301 0.769379
vt 0.753233 0.800311
vt 0.752600 0.798859
vt 0.783805 0.770485
vt 0.753677 0.801431
vt 0.070119 0.845056
vt 0.064730 0.850242
vt 0.065969 0.676531
vt 0.553524 0.595174
vt 0.583004 0.564892
vt 0.582560 0.563771
vt 0.464926 0.839891
vt 0.466167 0.849564
vt 0.464932 0.851007
vt 0.583004 0.800310
vt 0.553524 0.770029
vt 0.582560 0.801432
vt 0.552432 0.770485
vt 0.593557 0.564892
vt 0.593347 0.566343
vt 0.593347 0.563743
vt 0.399223 0.849941
vt 0.554936 0.595824
vt 0.552432 0.594718
vt 0.131033 0.885306
vt 0.127246 0.889102
vt 0.592562 0.800310
vt 0.592350 0.798859
vt 0.593143 0.801460
vt 0.467408 0.675846
vt 0.782714 0.770029
vt 0.063473 0.851877
vt 0.063479 0.883343
vt 0.583637 0.798859
vt 0.592350 0.801460
vt 0.582588 0.801460
vt 0.125989 0.682930
vt 0.125995 0.714111
vt 0.752601 0.566343
vt 0.594129 0.563743
vt 0.753649 0.563743
vt 0.393765 0.681761
vt 0.399223 0.838456
vt 0.125032 0.874366
vt 0.121739 0.872395
vt 0.062516 0.914306
vt 0.061337 0.912249
vt 0.060709 0.911434
vt 0.004029 0.889746
vt 0.274850 0.106038
vt 0.274850 0.089249
vt 0.276405 0.106038
vt 0.954401 0.740999
vt 0.954401 0.757788
vt 0.274850 0.162863
vt 0.276405 0.162863
vt 0.955866 0.814613
vt 0.954401 0.814613
vt 0.889243 0.044589
vt 0.898648 0.049031
vt 0.897427 0.050803
vt 0.888349 0.046923
vt 0.954401 0.973968
vt 0.953438 0.888227
vt 0.274850 0.322217
vt 0.274850 0.236477
vt 0.994541 0.973968
vt 0.926683 0.005614
vt 0.890465 0.042817
vt 0.954401 0.871438
vt 0.953438 0.871438
vt 0.274850 0.219687
vt 0.953438 0.814613
vt 0.874370 0.605142
vt 0.872663 0.606406
vt 0.875268 0.607480
vt 0.873588 0.608760
vt 0.870721 0.605063
vt 0.870965 0.607332
vt 0.871970 0.610095
vt 0.274521 0.001469
vt 0.274850 0.003029
vt 0.276075 0.001560
vt 0.276366 0.002936
vt 0.954401 0.654753
vt 0.274850 0.003120
vt 0.276405 0.089249
vt 0.954401 0.654870
vt 0.882977 0.598614
vt 0.883871 0.600947
vt 0.400465 0.851389
vt 0.586527 0.868733
vt 0.586638 0.867682
vt 0.586854 0.868032
vt 0.335138 0.890075
vt 0.284077 0.901767
vt 0.276405 0.432063
vt 0.994541 0.814613
vt 0.994541 0.757788
vt 0.276405 0.415274
vt 0.994541 0.740999
vt 0.994541 0.871438
vt 0.276405 0.488888
vt 0.276405 0.545712
vt 0.233716 0.329138
vt 0.232353 0.328857
vt 0.276405 0.562502
vt 0.276405 0.648242
vt 0.928635 0.004168
vt 0.932732 0.014020
vt 0.005420 0.329872
vt 0.008817 0.338278
vt 0.002999 0.330193
vt 0.994541 0.888227
vt 0.549692 0.003721
vt 0.913635 0.649588
vt 0.914542 0.648329
vt 0.550923 0.002010
vt 0.912335 0.651289
vt 0.913311 0.650040
vt 0.276735 0.327585
vt 0.994534 0.654683
vt 0.992773 0.653310
vt 0.994483 0.653310
vt 0.276405 0.329145
vt 0.994541 0.654870
vt 0.543337 0.012552
vt 0.914879 0.647860
vt 0.920897 0.639497
vt 0.346593 0.849810
vt 0.510791 0.648242
vt 0.510791 0.562502
vt 0.232366 0.648936
vt 0.510926 0.329145
vt 0.510526 0.327593
vt 0.509682 0.329145
vt 0.510791 0.415274
vt 0.510791 0.432063
vt 0.512349 0.415274
vt 0.512995 0.432063
vt 0.510791 0.488888
vt 0.232288 0.328947
vt 0.510791 0.545712
vt 0.510791 0.329145
vt 0.514810 0.415274
vt 0.514810 0.432063
vt 0.867306 0.609586
vt 0.966455 0.329145
vt 0.966540 0.327593
vt 0.966289 0.329058
vt 0.968376 0.488888
vt 0.966274 0.432063
vt 0.828956 0.000000
vt 0.773634 0.001538
vt 0.773634 0.000000
vt 0.966274 0.415274
vt 0.964788 0.432063
vt 0.884277 0.000000
vt 0.884277 0.001088
vt 0.966274 0.488888
vt 0.966274 0.545712
vt 0.966274 0.562501
vt 0.966274 0.648242
vt 0.232739 0.649455
vt 0.968377 0.562501
vt 0.966274 0.329145
vt 0.870721 0.326025
vt 0.786871 0.326025
vt 0.922999 0.651750
vt 0.924916 0.651750
vt 0.945877 0.610931
vt 0.235949 0.327626
vt 0.273340 0.366032
vt 0.549966 0.650001
vt 0.550014 0.648242
vt 0.775510 0.311591
vt 0.775253 0.310551
vt 0.773761 0.310536
vt 0.978422 0.650000
vt 0.978880 0.648242
vt 0.775148 0.311628
vt 0.773440 0.313566
vt 0.776353 0.309743
vt 0.645445 0.803231
vt 0.642663 0.804968
vt 0.643173 0.803217
vt 0.775340 0.310683
vt 0.776063 0.315125
vt 0.774111 0.311967
vt 0.977077 0.649998
vt 0.273483 0.505058
vt 0.273616 0.505275
vt 0.275821 0.505588
vt 0.275671 0.413900
vt 0.275758 0.412145
vt 0.215188 0.329139
vt 0.217790 0.327505
vt 0.218223 0.327582
vt 0.219672 0.325725
vt 0.220544 0.325890
vt 0.496774 0.649993
vt 0.217765 0.327761
vt 0.218449 0.326073
vt 0.219181 0.326160
vt 0.495652 0.649995
vt 0.494441 0.648243
vt 0.044481 0.323971
vt 0.047560 0.323971
vt 0.045235 0.325725
vt 0.886150 0.276455
vt 0.886514 0.279673
vt 0.040833 0.323971
vt 0.044364 0.323971
vt 0.041251 0.325725
vt 0.887680 0.282969
vt 0.038609 0.323971
vt 0.040688 0.323971
vt 0.038631 0.325725
vt 0.889375 0.285429
vt 0.924182 0.321181
vt 0.925540 0.322249
vt 0.922920 0.322935
vt 0.001550 0.323971
vt 0.002768 0.323971
vt 0.927354 0.323338
vt 0.926168 0.324986
vt 0.924374 0.324053
vt 0.000000 0.322217
vt 0.003639 0.649784
vt 0.001718 0.649362
vt 0.002377 0.651538
vt 0.000706 0.651060
vt 0.773411 0.323971
vt 0.005448 0.649996
vt 0.004186 0.651750
vt 0.002659 0.651571
vt 0.771034 0.323971
vt 0.223370 0.649996
vt 0.221484 0.651750
vt 0.004524 0.651750
vt 0.769110 0.323971
vt 0.552154 0.322217
vt 0.038540 0.323971
vt 0.038374 0.325725
vt 0.002988 0.325725
vt 0.887371 0.043168
vt 0.888592 0.041395
vt 0.885499 0.041746
vt 0.886712 0.039985
vt 0.955857 0.975722
vt 0.886477 0.045501
vt 0.884604 0.044079
vt 0.885439 0.041900
vt 0.954338 0.975722
vt 0.953438 0.973968
vt 0.886150 0.047770
vt 0.884277 0.046348
vt 0.884561 0.044377
vt 0.274560 0.323971
vt 0.272271 0.323971
vt 0.048654 0.325725
vt 0.276687 0.649996
vt 0.279339 0.649996
vt 0.277458 0.651750
vt 0.004036 0.327948
vt 0.001668 0.328343
vt 0.992871 0.975722
vt 0.994581 0.975722
vt 0.992981 0.977476
vt 0.927304 0.002318
vt 0.925299 0.003691
vt 0.992765 0.975722
vt 0.956108 0.977476
vt 0.219370 0.327948
vt 0.218041 0.326025
vt 0.279427 0.649996
vt 0.494798 0.649996
vt 0.508853 0.649997
vt 0.508587 0.648242
vt 0.510552 0.649997
vt 0.509740 0.651750
vt 0.232951 0.327582
vt 0.511863 0.650002
vt 0.510661 0.650002
vt 0.510857 0.651750
vt 0.510791 0.651750
vt 0.233231 0.327637
vt 0.221258 0.326025
vt 0.232187 0.326025
vt 0.508792 0.649996
vt 0.272574 0.609823
vt 0.235877 0.650223
vt 0.233424 0.650036
vt 0.960136 0.610931
vt 0.960427 0.610931
vt 0.960317 0.611365
vt 0.271058 0.608672
vt 0.869013 0.610711
vt 0.869013 0.609542
vt 0.870721 0.609586
vt 0.968068 0.649996
vt 0.966471 0.649996
vt 0.967224 0.651750
vt 0.967007 0.651750
vt 0.233243 0.650154
vt 0.274234 0.606339
vt 0.274234 0.372856
vt 0.870721 0.655322
vt 0.870721 0.888798
vt 0.786648 0.889949
vt 0.233818 0.648637
vt 0.222450 0.650194
vt 0.233053 0.650194
vt 0.228022 0.651750
vt 0.968172 0.649996
vt 0.974136 0.649996
vt 0.886245 0.697431
vt 0.873536 0.933215
vt 0.873536 0.697431
vt 0.335959 0.889374
vt 0.338921 0.726231
vt 0.338921 0.890160
vt 0.582354 0.326266
vt 0.552639 0.356788
vt 0.002962 0.715540
vt 0.001124 0.890679
vt 0.000000 0.714719
vt 0.552639 0.532979
vt 0.583992 0.560263
vt 0.582354 0.563502
vt 0.335959 0.727761
vt 0.753884 0.326266
vt 0.752246 0.329504
vt 0.404399 0.676296
vt 0.401437 0.685440
vt 0.401437 0.675510
vt 0.753884 0.563502
vt 0.780446 0.531297
vt 0.783599 0.532979
vt 0.337797 0.682938
vt 0.338921 0.714308
vt 0.742891 0.326025
vt 0.742891 0.329504
vt 0.193550 0.680422
vt 0.783833 0.532642
vt 0.783833 0.357126
vt 0.404399 0.687610
vt 0.743266 0.563743
vt 0.007603 0.721000
vt 0.552405 0.532642
vt 0.555792 0.531297
vt 0.743888 0.563743
vt 0.752246 0.560263
vt 0.753555 0.563743
vt 0.331249 0.883910
vt 0.742278 0.326025
vt 0.583992 0.329504
vt 0.582682 0.326025
vt 0.061131 0.692199
vt 0.058993 0.692983
vt 0.277230 0.652168
vt 0.278552 0.652836
vt 0.278455 0.653043
vt 0.187090 0.691508
vt 0.186355 0.691781
vt 0.186235 0.691723
vt 0.871397 0.694233
vt 0.886245 0.694233
vt 0.552404 0.432063
vt 0.526470 0.935157
vt 0.542815 0.935157
vt 0.526470 0.937720
vt 0.927604 0.694233
vt 0.912774 0.694233
vt 0.828956 0.283561
vt 0.773634 0.283561
vt 0.959750 0.365934
vt 0.946731 0.368508
vt 0.912728 0.694447
vt 0.552405 0.545712
vt 0.549950 0.545712
vt 0.266410 0.935157
vt 0.266410 0.937653
vt 0.250065 0.935157
vt 0.884277 0.283361
vt 0.960287 0.042483
vt 0.975097 0.042483
vt 0.783833 0.893147
vt 0.279381 0.045041
vt 0.278017 0.044006
vt 0.281606 0.042255
vt 0.276841 0.043179
vt 0.785352 0.609312
vt 0.552399 0.328951
vt 0.552357 0.327585
vt 0.288334 0.051839
vt 0.288334 0.055037
vt 0.549884 0.329145
vt 0.552404 0.415274
vt 0.961522 0.368508
vt 0.959440 0.371706
vt 0.946731 0.371706
vt 0.552399 0.648435
vt 0.552356 0.650001
vt 0.869013 0.892839
vt 0.275296 0.368783
vt 0.274234 0.369658
vt 0.870721 0.891996
vt 0.273712 0.370055
vt 0.272442 0.371019
vt 0.552405 0.562502
vt 0.552405 0.648242
vt 0.263821 0.377564
vt 0.263821 0.380762
vt 0.338921 0.872389
vt 0.338921 0.860390
vt 0.960848 0.607490
vt 0.960848 0.371706
vt 0.773897 0.041132
vt 0.869313 0.606388
vt 0.870721 0.370611
vt 0.870721 0.606388
vt 0.775042 0.044586
vt 0.775042 0.280363
vt 0.784300 0.650675
vt 0.784066 0.650675
vt 0.913487 0.933215
vt 0.912080 0.697431
vt 0.913487 0.697431
vt 0.785241 0.654172
vt 0.785241 0.889949
vt 0.973973 0.284948
vt 0.973874 0.285340
vt 0.872128 0.933215
vt 0.870721 0.697431
vt 0.872128 0.697431
vt 0.974404 0.281465
vt 0.974404 0.045681
vt 0.975812 0.281465
vt 0.870344 0.606388
vt 0.912457 0.697431
vt 0.871357 0.694424
vt 0.871098 0.697431
vt 0.882870 0.280363
vt 0.883900 0.280363
vt 0.884277 0.281077
vt 0.960641 0.610931
vt 0.960719 0.610931
vt 0.867906 0.370611
vt 0.773634 0.040996
vt 0.773634 0.040860
vt 0.882870 0.044586
vt 0.974165 0.284948
vt 0.974236 0.284948
vt 0.783833 0.650554
vt 0.783833 0.650434
vt 0.959440 0.607490
vt 0.248907 0.873725
vt 0.542815 0.694404
vt 0.542815 0.696182
vt 0.526470 0.694404
vt 0.542815 0.692734
vt 0.250065 0.694404
vt 0.250065 0.692691
vt 0.266410 0.694404
vt 0.250065 0.696182
vt 0.279261 0.281374
vt 0.277904 0.282404
vt 0.276405 0.281490
vt 0.276664 0.283267
vt 0.785352 0.368946
vt 0.786817 0.368837
vt 0.785352 0.367151
vt 0.289912 0.276107
vt 0.288334 0.274486
vt 0.867361 0.652398
vt 0.869013 0.652521
vt 0.275462 0.609129
vt 0.274049 0.611015
vt 0.870721 0.653544
vt 0.869013 0.654480
vt 0.869287 0.652837
vt 0.273928 0.607885
vt 0.272556 0.606843
vt 0.262160 0.601917
vt 0.263821 0.600211
vt 0.959535 0.609268
vt 0.960711 0.609268
vt 0.869784 0.368833
vt 0.870721 0.368833
vt 0.960848 0.609268
vt 0.869313 0.370611
vt 0.868628 0.368833
vt 0.869313 0.368833
vt 0.961878 0.609268
vt 0.776077 0.042808
vt 0.775042 0.042808
vt 0.912571 0.934993
vt 0.912080 0.933215
vt 0.773634 0.042080
vt 0.774550 0.042554
vt 0.914711 0.934993
vt 0.913639 0.934993
vt 0.773634 0.042001
vt 0.786266 0.652394
vt 0.786648 0.654172
vt 0.785241 0.652394
vt 0.871225 0.934993
vt 0.870721 0.933215
vt 0.783833 0.651665
vt 0.784736 0.652133
vt 0.873348 0.934993
vt 0.872284 0.934993
vt 0.783833 0.651585
vt 0.973094 0.283243
vt 0.974334 0.283243
vt 0.975205 0.283243
vt 0.882203 0.042808
vt 0.882870 0.042808
vt 0.975435 0.283243
vt 0.946731 0.607490
vt 0.946731 0.609268
vt 0.867906 0.368833
vt 0.927604 0.934993
vt 0.928458 0.936656
vt 0.914894 0.934993
vt 0.828956 0.042808
vt 0.886245 0.934993
vt 0.887121 0.936699
vt 0.873536 0.934993
vt 0.886245 0.933215
vt 0.960287 0.283243
vt 0.959411 0.284948
vt 0.881462 0.042808
vt 0.828956 0.044586
vt 0.339630 0.874129
vt 0.338921 0.874393
vt 0.339752 0.873082
vt 0.186839 0.652108
vt 0.187031 0.652011
vt 0.187549 0.651750
vt 0.277114 0.691543
vt 0.276922 0.691471
vt 0.276405 0.691279
vt 0.463244 0.652019
vt 0.463953 0.651750
vt 0.463123 0.653067
vt 0.064932 0.852178
vt 0.063479 0.851879
vt 0.586447 0.870431
vt 0.586447 0.870621
vt 0.586295 0.870698
vt 0.399193 0.674616
vt 0.399223 0.675134
vt 0.399048 0.852106
vt 0.400459 0.851392
vt 0.466282 0.851416
vt 0.466167 0.851011
vt 0.064896 0.884147
vt 0.064730 0.884063
vt 0.064730 0.883886
vt 0.127333 0.890973
vt 0.127246 0.890548
vt 0.127320 0.713470
vt 0.126011 0.714291
vt 0.003086 0.713395
vt 0.001124 0.714271
vt 0.003048 0.891307
vt 0.002962 0.890695
vt 0.002962 0.889441
vt 0.593425 0.804756
vt 0.593283 0.804684
vt 0.593518 0.804804
vt 0.335806 0.713532
vt 0.337797 0.713982
vt 0.190626 0.883962
vt 0.190510 0.883904
vt 0.190510 0.883630
vt 0.404485 0.852084
vt 0.404399 0.851472
vt 0.335959 0.681954
vt 0.335959 0.681858
vt 0.335959 0.682131
vt 0.190492 0.852398
vt 0.188673 0.851735
vt 0.190510 0.850263
vt 0.064896 0.852306
vt 0.523215 0.652962
vt 0.121778 0.912674
vt 0.064730 0.882619
vt 0.399056 0.852007
vt 0.338921 0.875823
vt 0.466333 0.851630
vt 0.127412 0.682118
vt 0.585215 0.871249
vt 0.586447 0.804816
vt 0.122106 0.652874
vt 0.064896 0.674835
vt 0.552641 0.821072
vt 0.553682 0.818640
vt 0.340983 0.652531
vt 0.058672 0.693002
vt 0.059538 0.694891
vt 0.002962 0.712092
vt 0.460699 0.873181
vt 0.404515 0.852265
vt 0.059262 0.653382
vt 0.003078 0.681560
vt 0.278466 0.913141
vt 0.586683 0.867255
vt 0.594515 0.805312
vt 0.059590 0.913182
vt 0.003077 0.891489
vt 0.620489 0.883511
vt 0.620489 0.818696
vt 0.335842 0.713405
vt 0.404515 0.674249
vt 0.249355 0.913619
vt 0.250065 0.912546
vt 0.341573 0.912580
vt 0.340109 0.911891
vt 0.184897 0.912972
vt 0.247413 0.652756
vt 0.279057 0.653091
vt 0.335959 0.683288
vt 0.187367 0.689973
vt 0.190527 0.852273
vt 0.328531 0.012552
vt 0.976988 0.414573
vt 0.978883 0.415974
vt 0.998105 0.431362
vt 1.000000 0.432763
vt 0.998105 0.488888
vt 1.000000 0.488888
vt 0.978883 0.561801
vt 0.998105 0.546413
vt 0.511900 0.432063
vt 0.576058 0.162863
vt 0.117414 0.860225
vt 0.883752 0.041133
vt 0.584273 0.802569
vt 0.585584 0.801900
vt 0.586447 0.802068
vt 0.586447 0.804178
vt 0.586205 0.804191
vt 0.187549 0.653182
vt 0.346609 0.666175
vt 0.125032 0.869000
vt 0.518831 0.860046
vt 0.062516 0.688150
vt 0.060919 0.653996
vt 0.548859 0.850355
vt 0.684597 0.854008
vt 0.631125 0.999845
vt 0.690918 0.853840
vt 0.697223 0.801460
vt 0.627580 0.801460
vt 0.662318 0.803121
vt 0.675075 0.801460
vt 0.325421 0.010941
vt 0.269955 0.855420
vt 0.662318 0.857675
vt 0.951234 0.651750
vt 0.927604 0.697431
vt 0.914070 0.937038
vt 0.463953 0.653754
vt 0.011911 0.639497
vt 0.009248 0.639497
vt 0.010132 0.639491
vt 0.328531 0.313772
vt 0.338950 0.313772
vt 0.788553 0.308444
vt 0.634670 0.858986
vt 0.638425 0.915110
vt 0.340213 0.012552
vt 0.274404 0.651750
vt 0.211941 0.338278
vt 0.872711 0.937038
vt 0.620359 0.816390
vt 0.593832 0.801567
vt 0.122628 0.874928
vt 0.125032 0.911469
vt 0.001124 0.682691
vt 0.000000 0.714378
vt 0.339106 0.652044
vt 0.338921 0.651750
vt 0.339123 0.652071
vt 0.276405 0.654206
vt 0.124633 0.914105
vt 0.124328 0.913952
vt 0.123922 0.913749
vt 0.122317 0.912944
vt 0.062516 0.697056
vt 0.684597 0.855624
vt 0.226957 0.339699
vt 0.226733 0.336667
vt 0.276405 0.911197
vt 0.187549 0.882165
vt 0.690918 0.855454
vt 0.188673 0.675096
vt 0.187549 0.851070
vt 0.402561 0.851478
vt 0.624034 1.000000
vt 0.671892 0.855686
vt 0.652814 0.859395
vt 0.655995 0.859292
vt 0.187372 0.913698
vt 0.187549 0.913978
vt 0.186955 0.913036
vt 0.959000 0.039977
vt 0.337797 0.714192
vt 0.960287 0.045681
vt 0.226733 0.641108
vt 0.908060 0.651750
vt 0.624034 0.801460
vt 0.213204 0.639497
vt 0.223623 0.639497
vt 0.962255 0.545712
vt 0.463953 0.870094
vt 0.781093 0.283561
vt 0.781093 0.308444
vt 0.514810 0.562502
vt 0.250065 0.654948
vt 0.587978 0.870280
vt 0.619258 0.884783
vt 0.276405 0.693282
vt 0.931737 0.310682
vt 0.461782 0.871476
vt 0.920897 0.338278
vt 0.773634 0.003120
vt 0.934453 0.313472
vt 0.276216 0.504233
vt 0.317716 0.325977
vt 0.278957 0.040160
vt 0.977269 0.327582
vt 0.870721 0.366773
vt 0.976802 0.326025
vt 0.497658 0.326025
vt 0.334157 0.001583
vt 0.494867 0.327586
vt 0.494758 0.327585
vt 0.549526 0.325842
vt 0.551468 0.325329
vt 0.910807 0.327703
vt 0.547668 0.326025
vt 0.002972 0.000000
vt 0.582588 0.563743
vt 0.753649 0.801460
vt 0.125032 0.872149
vt 0.123830 0.872475
vt 0.122669 0.870649
vt 0.062516 0.912709
vt 0.061882 0.913297
vt 0.060720 0.911451
vt 0.954459 0.653193
vt 0.276405 0.003120
vt 0.586476 0.869223
vt 0.934453 0.012253
vt 0.550599 0.002462
vt 0.551605 0.000716
vt 0.276444 0.328957
vt 0.549355 0.004190
vt 0.783833 0.609586
vt 0.512049 0.650001
vt 0.774041 0.311680
vt 0.977305 0.650000
vt 0.774083 0.309975
vt 0.973863 0.649998
vt 0.275267 0.413898
vt 0.495495 0.649993
vt 0.494920 0.649995
vt 0.047270 0.325725
vt 0.044204 0.325725
vt 0.040679 0.325725
vt 0.924270 0.323997
vt -0.000078 0.323971
vt 0.769167 0.323971
vt 0.551649 0.323971
vt 0.954392 0.975722
vt 0.953375 0.975722
vt 0.272352 0.323971
vt 0.271258 0.325725
vt 0.279056 0.651750
vt 0.994541 0.977476
vt 0.992588 0.977476
vt 0.003023 0.326025
vt 0.510060 0.651750
vt 0.233248 0.327614
vt 0.233194 0.650087
vt 0.232289 0.651750
vt 0.337797 0.890622
vt 0.000000 0.890211
vt 0.783599 0.356788
vt 0.402561 0.675048
vt 0.338921 0.683598
vt 0.753555 0.326025
vt 0.582682 0.563743
vt 0.552405 0.357126
vt 0.062516 0.690286
vt 0.061781 0.691960
vt 0.059227 0.692897
vt 0.276712 0.651906
vt 0.187549 0.691121
vt 0.552405 0.488888
vt 0.773634 0.283347
vt 0.884277 0.283561
vt 0.867306 0.893147
vt 0.783833 0.892956
vt 0.786681 0.609552
vt 0.552404 0.329145
vt 0.961573 0.368730
vt 0.867493 0.893113
vt 0.869481 0.892608
vt 0.975142 0.042682
vt 0.975812 0.045681
vt 0.249990 0.874272
vt 0.250065 0.874390
vt 0.249942 0.874196
vt 0.274234 0.608117
vt 0.961534 0.609268
vt 0.962062 0.609268
vt 0.913487 0.934993
vt 0.773634 0.041446
vt 0.872128 0.934993
vt 0.783833 0.651034
vt 0.975613 0.283243
vt 0.223623 0.338278
vt 0.339050 0.874345
vt 0.185256 0.652908
vt 0.278697 0.692132
vt 0.463824 0.651799
vt 0.064181 0.853670
vt 0.586447 0.869824
vt 0.399223 0.674577
vt 0.398624 0.851064
vt 0.466167 0.851567
vt 0.065426 0.884413
vt 0.127246 0.891105
vt 0.127498 0.714251
vt 0.003385 0.714496
vt 0.002962 0.891444
vt 0.593237 0.805124
vt 0.336509 0.712026
vt 0.191035 0.884169
vt 0.404399 0.852222
vt 0.335623 0.681689
vt 0.189961 0.853690
vt 0.466333 0.674138
vt 0.525760 0.874124
vt 0.559313 0.884328
vt 0.399104 0.674532
vt 0.003077 0.713494
vt 0.335878 0.891408
vt 0.593274 0.804771
vt 0.399100 0.883497
vt 0.127370 0.891152
vt 0.190571 0.674316
vt 0.335899 0.681828
vt 0.127298 0.713720
vt 1.000000 0.545012
vt 0.953662 0.186654
vt 0.945155 0.166143
vt 0.966185 0.185636
vt 0.006714 0.079942
vt 0.006832 0.102218
vt 0.000021 0.081053
vt 0.121831 0.040756
vt 0.115878 0.019668
vt 0.127757 0.037527
vt 0.012605 0.040884
vt 0.019276 0.019723
vt 0.024133 0.024722
vt 0.059471 0.006995
vt 0.081104 0.000227
vt 0.080052 0.007203
vt 0.111225 0.024688
vt 0.099712 0.006801
vt 0.127426 0.079741
vt 0.134091 0.058613
vt 0.134091 0.080835
vt 0.110625 0.115050
vt 0.098751 0.133213
vt 0.095801 0.126945
vt 0.461743 0.555308
vt 0.483376 0.562075
vt 0.460547 0.562302
vt 0.041338 0.127206
vt 0.059934 0.140576
vt 0.038142 0.133479
vt 0.528394 0.686185
vt 0.535081 0.704795
vt 0.528394 0.704795
vt 0.513497 0.537615
vt 0.501983 0.555502
vt 0.499060 0.549183
vt 0.523836 0.463511
vt 0.517585 0.442281
vt 0.529820 0.460319
vt 0.482323 0.555100
vt 0.354919 0.664081
vt 0.348232 0.682690
vt 0.348232 0.662334
vt 0.529727 0.502569
vt 0.530029 0.524776
vt 0.524103 0.521546
vt 0.498072 0.435357
vt 0.481849 0.422022
vt 0.501023 0.429090
vt 0.427090 0.447007
vt 0.440413 0.428823
vt 0.443610 0.435097
vt 0.408936 0.502381
vt 0.402292 0.481250
vt 0.408985 0.482360
vt 0.426405 0.537581
vt 0.439334 0.555570
vt 0.421547 0.542580
vt 0.414877 0.521419
vt 0.408834 0.524620
vt 0.967466 0.203568
vt 0.979989 0.202550
vt 0.966515 0.450149
vt 0.960131 0.467665
vt 0.953992 0.449131
vt 0.965167 0.428837
vt 0.952644 0.427820
vt 0.966693 0.406669
vt 0.954170 0.405651
vt 0.955871 0.384588
vt 0.968394 0.385605
vt 0.960131 0.366899
vt 0.972655 0.367916
vt 0.792028 0.893432
vt 0.798412 0.910949
vt 0.785889 0.911966
vt 0.787519 0.933035
vt 0.774996 0.934052
vt 0.769718 0.956774
vt 0.757194 0.957791
vt 0.778224 0.977285
vt 0.790747 0.976267
vt 0.792028 0.994199
vt 0.804551 0.993181
vt 0.986526 0.450149
vt 0.980142 0.467665
vt 0.974003 0.449131
vt 0.985178 0.428837
vt 0.972655 0.427820
vt 0.986704 0.406669
vt 0.974181 0.405651
vt 0.975882 0.384588
vt 0.988405 0.385605
vt 0.980142 0.366899
vt 0.992665 0.367916
vt 0.967466 0.102801
vt 0.973850 0.120318
vt 0.961326 0.121335
vt 0.962957 0.142404
vt 0.950434 0.143421
vt 0.932632 0.167160
vt 0.006665 0.059922
vt 0.000000 0.058828
vt 0.024819 0.115295
vt 0.019935 0.120277
vt 0.442515 0.549264
vt 0.402272 0.503475
vt 0.415198 0.463287
vt 0.422206 0.442025
vt 0.512896 0.447252
vt 0.409104 0.460085
vt 0.529697 0.482561
vt 0.536362 0.503690
vt 0.462205 0.421727
vt 0.463257 0.428703
vt 0.536362 0.481468
vt 0.518150 0.542634
vt 0.079578 0.140280
vt 0.078656 0.133330
vt 0.127549 0.101983
vt 0.121564 0.098792
vt 0.115314 0.120022
vt 0.037062 0.006733
vt 0.040244 0.013038
vt 0.127456 0.059733
vt 0.096788 0.013119
vt 0.006563 0.037683
vt 0.012927 0.099016
vt 0.058276 0.000000
vt 0.953662 0.288437
vt 0.945155 0.267927
vt 0.966185 0.287420
vt 0.012605 0.380843
vt 0.019276 0.402004
vt 0.006563 0.384044
vt 0.110624 0.306677
vt 0.098751 0.288514
vt 0.115314 0.301705
vt 0.006714 0.341785
vt 0.006832 0.319509
vt 0.012927 0.322711
vt 0.041338 0.294521
vt 0.059934 0.281151
vt 0.060986 0.288127
vt 0.095801 0.294782
vt 0.079578 0.281447
vt 0.127426 0.341986
vt 0.127549 0.319744
vt 0.134091 0.340892
vt 0.121831 0.380971
vt 0.115878 0.402059
vt 0.111225 0.397039
vt 0.175429 0.267781
vt 0.194024 0.281151
vt 0.172232 0.274055
vt 0.059471 0.414732
vt 0.081104 0.421500
vt 0.058276 0.421727
vt 0.528394 0.706541
vt 0.535081 0.725151
vt 0.528394 0.725151
vt 0.229891 0.267521
vt 0.213668 0.280856
vt 0.212746 0.273906
vt 0.261546 0.200309
vt 0.261848 0.178102
vt 0.268181 0.199189
vt 0.195076 0.274175
vt 0.535081 0.645473
vt 0.528394 0.664083
vt 0.528394 0.643727
vt 0.255655 0.239368
vt 0.249404 0.260597
vt 0.244715 0.255626
vt 0.245316 0.165263
vt 0.233802 0.147376
vt 0.249969 0.160244
vt 0.174334 0.153614
vt 0.192366 0.140576
vt 0.193562 0.147570
vt 0.140755 0.200497
vt 0.140653 0.178258
vt 0.146696 0.181459
vt 0.147017 0.239592
vt 0.154025 0.260853
vt 0.140923 0.242793
vt 0.140804 0.220518
vt 0.134111 0.221629
vt 0.967466 0.305351
vt 0.979989 0.304334
vt 0.973189 0.755500
vt 0.966805 0.773017
vt 0.960666 0.754483
vt 0.971841 0.734189
vt 0.959317 0.733172
vt 0.973367 0.712020
vt 0.960844 0.711003
vt 0.962545 0.689939
vt 0.975068 0.690957
vt 0.966805 0.672250
vt 0.979328 0.673268
vt 0.886741 0.893432
vt 0.893125 0.910949
vt 0.880602 0.911966
vt 0.882233 0.933035
vt 0.869710 0.934052
vt 0.864431 0.956774
vt 0.851908 0.957791
vt 0.872937 0.977285
vt 0.885460 0.976267
vt 0.886741 0.994199
vt 0.899264 0.993181
vt 0.993200 0.755500
vt 0.986816 0.773017
vt 0.980677 0.754483
vt 0.991852 0.734189
vt 0.979328 0.733172
vt 0.993378 0.712020
vt 0.980855 0.711003
vt 0.982556 0.689939
vt 0.995079 0.690957
vt 0.986816 0.672250
vt 0.999339 0.673268
vt 0.967466 0.204585
vt 0.973850 0.222101
vt 0.961326 0.223119
vt 0.962957 0.244188
vt 0.950434 0.245205
vt 0.932632 0.268944
vt 0.006665 0.361805
vt 0.000000 0.362899
vt 0.040244 0.408689
vt 0.037062 0.414994
vt 0.158910 0.255871
vt 0.134091 0.199403
vt 0.158224 0.165297
vt 0.171153 0.147308
vt 0.255922 0.181332
vt 0.153366 0.160298
vt 0.261516 0.220317
vt 0.261639 0.242559
vt 0.215194 0.140803
vt 0.214142 0.147778
vt 0.268181 0.221410
vt 0.232842 0.273788
vt 0.099712 0.414926
vt 0.096788 0.408607
vt 0.134091 0.363114
vt 0.127456 0.361994
vt 0.127757 0.384200
vt 0.019935 0.301450
vt 0.024819 0.306431
vt 0.121564 0.322935
vt 0.078656 0.288397
vt 0.000021 0.340674
vt 0.024133 0.397005
vt 0.038142 0.288247
vt 0.953662 0.084870
vt 0.945155 0.064359
vt 0.966185 0.083853
vt 0.414877 0.099692
vt 0.421548 0.120853
vt 0.408834 0.102893
vt 0.512896 0.025525
vt 0.501023 0.007363
vt 0.517585 0.020554
vt 0.408985 0.060633
vt 0.409104 0.038358
vt 0.415198 0.041560
vt 0.443610 0.013370
vt 0.462205 0.000000
vt 0.463257 0.006976
vt 0.498072 0.013631
vt 0.481849 0.000296
vt 0.529697 0.060835
vt 0.529820 0.038593
vt 0.536362 0.059741
vt 0.524103 0.099820
vt 0.518150 0.120907
vt 0.513497 0.115888
vt 0.059471 0.555308
vt 0.081104 0.562075
vt 0.058276 0.562303
vt 0.461743 0.133581
vt 0.483376 0.140349
vt 0.460547 0.140576
vt 0.348232 0.684437
vt 0.354919 0.703046
vt 0.348232 0.703046
vt 0.111225 0.537615
vt 0.099712 0.555502
vt 0.096788 0.549183
vt 0.121564 0.463511
vt 0.115314 0.442281
vt 0.127549 0.460319
vt 0.080052 0.555100
vt 0.535081 0.584405
vt 0.528394 0.603015
vt 0.528394 0.582659
vt 0.127456 0.502569
vt 0.127757 0.524776
vt 0.121831 0.521546
vt 0.095800 0.435357
vt 0.079578 0.422022
vt 0.098751 0.429090
vt 0.024819 0.447007
vt 0.038141 0.428823
vt 0.041338 0.435097
vt 0.006665 0.502381
vt 0.000021 0.481250
vt 0.006714 0.482360
vt 0.024133 0.537581
vt 0.037062 0.555570
vt 0.019276 0.542580
vt 0.012605 0.521419
vt 0.006563 0.524620
vt 0.967466 0.101784
vt 0.979989 0.100766
vt 0.316748 0.936091
vt 0.310365 0.953608
vt 0.304225 0.935074
vt 0.315400 0.914780
vt 0.302877 0.913763
vt 0.316927 0.892611
vt 0.304404 0.891594
vt 0.306105 0.870530
vt 0.318628 0.871548
vt 0.310365 0.852841
vt 0.322888 0.853859
vt 0.899438 0.673268
vt 0.905821 0.690784
vt 0.893298 0.691802
vt 0.894929 0.712871
vt 0.882406 0.713888
vt 0.877127 0.736610
vt 0.864604 0.737627
vt 0.885634 0.757120
vt 0.898157 0.756103
vt 0.899437 0.774034
vt 0.911961 0.773017
vt 0.980504 0.975665
vt 0.974120 0.993181
vt 0.967981 0.974647
vt 0.979155 0.954353
vt 0.966632 0.953336
vt 0.980682 0.932185
vt 0.968159 0.931167
vt 0.969860 0.910104
vt 0.982383 0.911121
vt 0.974120 0.892415
vt 0.986643 0.893432
vt 0.967466 0.001017
vt 0.973850 0.018534
vt 0.961326 0.019551
vt 0.962957 0.040620
vt 0.950434 0.041638
vt 0.932632 0.065377
vt 0.408936 0.080654
vt 0.402272 0.081748
vt 0.442515 0.127538
vt 0.439334 0.133843
vt 0.040244 0.549264
vt 0.000000 0.503475
vt 0.012927 0.463287
vt 0.019935 0.442025
vt 0.110624 0.447252
vt 0.006832 0.460085
vt 0.127426 0.482561
vt 0.134090 0.503690
vt 0.059934 0.421727
vt 0.060986 0.428703
vt 0.134090 0.481468
vt 0.115878 0.542634
vt 0.501984 0.133775
vt 0.499060 0.127456
vt 0.536362 0.081963
vt 0.529727 0.080843
vt 0.530029 0.103049
vt 0.422206 0.020299
vt 0.427091 0.025280
vt 0.523836 0.041784
vt 0.480927 0.007246
vt 0.402292 0.059523
vt 0.426405 0.115854
vt 0.440413 0.007096
vt 0.920294 0.977285
vt 0.911788 0.956774
vt 0.932817 0.976267
vt 0.140804 0.079942
vt 0.140923 0.102218
vt 0.134111 0.081053
vt 0.255922 0.040756
vt 0.249969 0.019668
vt 0.261848 0.037527
vt 0.146696 0.040884
vt 0.153366 0.019723
vt 0.158224 0.024722
vt 0.193562 0.006995
vt 0.215194 0.000227
vt 0.214142 0.007203
vt 0.245316 0.024688
vt 0.233802 0.006801
vt 0.261516 0.079741
vt 0.268181 0.058613
vt 0.268181 0.080835
vt 0.244715 0.115050
vt 0.232842 0.133213
vt 0.229891 0.126945
vt 0.461743 0.274156
vt 0.483376 0.280924
vt 0.460547 0.281151
vt 0.175429 0.127206
vt 0.194024 0.140576
vt 0.172232 0.133480
vt 0.260213 0.584405
vt 0.266900 0.603015
vt 0.260213 0.603015
vt 0.513497 0.256464
vt 0.501984 0.274351
vt 0.499060 0.268032
vt 0.523836 0.182359
vt 0.517585 0.161129
vt 0.529820 0.179168
vt 0.482323 0.273948
vt 0.535081 0.665829
vt 0.528394 0.684439
vt 0.529727 0.221418
vt 0.530029 0.243624
vt 0.524103 0.240395
vt 0.498072 0.154206
vt 0.481849 0.140871
vt 0.501023 0.147939
vt 0.427091 0.165856
vt 0.440413 0.147672
vt 0.443610 0.153946
vt 0.408936 0.221230
vt 0.402292 0.200098
vt 0.408985 0.201209
vt 0.426405 0.256430
vt 0.439334 0.274419
vt 0.421547 0.261429
vt 0.414877 0.240268
vt 0.408834 0.243468
vt 0.934098 0.994199
vt 0.946621 0.993181
vt 0.975151 0.873881
vt 0.968768 0.891398
vt 0.962628 0.872864
vt 0.973803 0.852570
vt 0.961280 0.851552
vt 0.975330 0.830401
vt 0.962807 0.829384
vt 0.964507 0.808320
vt 0.977031 0.809337
vt 0.968768 0.790631
vt 0.981291 0.791648
vt 0.744671 0.893432
vt 0.751055 0.910949
vt 0.738532 0.911966
vt 0.740163 0.933035
vt 0.727640 0.934052
vt 0.722361 0.956774
vt 0.709838 0.957791
vt 0.730867 0.977285
vt 0.743390 0.976267
vt 0.744671 0.994199
vt 0.757194 0.993181
vt 0.993200 0.551932
vt 0.986816 0.569449
vt 0.980677 0.550915
vt 0.991851 0.530621
vt 0.979328 0.529604
vt 0.993378 0.508453
vt 0.980855 0.507435
vt 0.982556 0.486372
vt 0.995079 0.487389
vt 0.986816 0.468683
vt 0.999339 0.469700
vt 0.934098 0.893432
vt 0.940482 0.910949
vt 0.927959 0.911966
vt 0.929589 0.933035
vt 0.917066 0.934052
vt 0.899264 0.957791
vt 0.140755 0.059922
vt 0.134091 0.058828
vt 0.158910 0.115295
vt 0.154026 0.120277
vt 0.442515 0.268113
vt 0.402272 0.222324
vt 0.415198 0.182135
vt 0.422206 0.160874
vt 0.512896 0.166101
vt 0.409104 0.178934
vt 0.529697 0.201410
vt 0.536362 0.222538
vt 0.462205 0.140576
vt 0.463257 0.147551
vt 0.536362 0.200316
vt 0.518150 0.261483
vt 0.213668 0.140280
vt 0.212746 0.133330
vt 0.261639 0.101983
vt 0.255655 0.098792
vt 0.249404 0.120022
vt 0.171153 0.006733
vt 0.174334 0.013038
vt 0.261546 0.059733
vt 0.230879 0.013119
vt 0.140653 0.037683
vt 0.147017 0.099016
vt 0.192366 0.000000
vt 0.557392 0.983086
vt 0.548885 0.962575
vt 0.569915 0.982069
vt 0.274895 0.079942
vt 0.275013 0.102218
vt 0.268202 0.081053
vt 0.390012 0.040756
vt 0.384060 0.019668
vt 0.395938 0.037527
vt 0.280786 0.040884
vt 0.287457 0.019723
vt 0.292314 0.024722
vt 0.327652 0.006995
vt 0.349285 0.000227
vt 0.348233 0.007203
vt 0.379406 0.024688
vt 0.367893 0.006801
vt 0.395607 0.079741
vt 0.402272 0.058613
vt 0.402272 0.080835
vt 0.378806 0.115050
vt 0.366932 0.133213
vt 0.363982 0.126945
vt 0.041338 0.267781
vt 0.038142 0.274055
vt 0.309520 0.127206
vt 0.328115 0.140576
vt 0.306323 0.133479
vt 0.528394 0.564049
vt 0.535081 0.582659
vt 0.095800 0.267521
vt 0.079578 0.280856
vt 0.078655 0.273906
vt 0.127456 0.200309
vt 0.127757 0.178103
vt 0.134091 0.199189
vt 0.060986 0.274175
vt 0.266900 0.625117
vt 0.260213 0.643727
vt 0.260213 0.623371
vt 0.121564 0.239368
vt 0.115314 0.260597
vt 0.110624 0.255626
vt 0.111225 0.165263
vt 0.099712 0.147376
vt 0.115878 0.160244
vt 0.040244 0.153614
vt 0.058276 0.140576
vt 0.059471 0.147570
vt 0.006665 0.200497
vt 0.006563 0.178258
vt 0.012605 0.181459
vt 0.012927 0.239592
vt 0.019935 0.260853
vt 0.006832 0.242793
vt 0.006714 0.220518
vt 0.000021 0.221629
vt 0.571196 1.000000
vt 0.583719 0.998983
vt 0.597590 0.981466
vt 0.591207 0.998983
vt 0.585067 0.980449
vt 0.596242 0.960155
vt 0.583719 0.959138
vt 0.597769 0.937986
vt 0.585245 0.936969
vt 0.586946 0.915905
vt 0.599470 0.916923
vt 0.591207 0.898216
vt 0.603730 0.899233
vt 0.899437 0.469700
vt 0.905821 0.487217
vt 0.893298 0.488234
vt 0.894929 0.509303
vt 0.882406 0.510320
vt 0.877127 0.533042
vt 0.864604 0.534059
vt 0.885634 0.553553
vt 0.898157 0.552535
vt 0.899438 0.570466
vt 0.911961 0.569449
vt 0.993200 0.653716
vt 0.986816 0.671233
vt 0.980677 0.652699
vt 0.991852 0.632405
vt 0.979328 0.631388
vt 0.993378 0.610236
vt 0.980855 0.609219
vt 0.982556 0.588156
vt 0.995079 0.589173
vt 0.986816 0.570466
vt 0.999339 0.571484
vt 0.571196 0.899233
vt 0.577579 0.916750
vt 0.565056 0.917767
vt 0.566687 0.938837
vt 0.554164 0.939854
vt 0.536362 0.963593
vt 0.274846 0.059922
vt 0.268181 0.058828
vt 0.293000 0.115295
vt 0.288116 0.120277
vt 0.024819 0.255871
vt 0.000000 0.199403
vt 0.024133 0.165297
vt 0.037062 0.147308
vt 0.121831 0.181332
vt 0.019276 0.160298
vt 0.127426 0.220317
vt 0.127549 0.242559
vt 0.081104 0.140803
vt 0.080052 0.147778
vt 0.134091 0.221411
vt 0.098751 0.273788
vt 0.347759 0.140280
vt 0.346837 0.133330
vt 0.395730 0.101983
vt 0.389745 0.098792
vt 0.383495 0.120022
vt 0.305243 0.006733
vt 0.308425 0.013038
vt 0.395637 0.059733
vt 0.364969 0.013119
vt 0.274744 0.037683
vt 0.281108 0.099016
vt 0.326457 0.000000
vt 0.934953 0.875501
vt 0.926446 0.854990
vt 0.947476 0.874484
vt 0.274895 0.361094
vt 0.275013 0.383369
vt 0.268202 0.362204
vt 0.390012 0.321907
vt 0.384059 0.300819
vt 0.395938 0.318678
vt 0.280786 0.322035
vt 0.287457 0.300874
vt 0.292314 0.305873
vt 0.327652 0.288146
vt 0.349285 0.281378
vt 0.348233 0.288354
vt 0.379406 0.305839
vt 0.367893 0.287952
vt 0.395607 0.360892
vt 0.402272 0.339764
vt 0.402272 0.361986
vt 0.378806 0.396202
vt 0.366932 0.414364
vt 0.363982 0.408096
vt 0.193562 0.414732
vt 0.215195 0.421500
vt 0.192366 0.421727
vt 0.309520 0.408357
vt 0.328115 0.421727
vt 0.306323 0.414631
vt 0.528394 0.604761
vt 0.535081 0.623371
vt 0.528394 0.623371
vt 0.245316 0.397039
vt 0.233802 0.414926
vt 0.230879 0.408607
vt 0.255655 0.322935
vt 0.249404 0.301705
vt 0.261639 0.319744
vt 0.214142 0.414524
vt 0.354919 0.704792
vt 0.348232 0.723402
vt 0.261546 0.361994
vt 0.261848 0.384200
vt 0.255922 0.380971
vt 0.229891 0.294782
vt 0.213668 0.281447
vt 0.232842 0.288514
vt 0.158909 0.306432
vt 0.172232 0.288247
vt 0.175429 0.294521
vt 0.140755 0.361805
vt 0.134111 0.340674
vt 0.140804 0.341785
vt 0.158224 0.397005
vt 0.171153 0.414994
vt 0.153366 0.402004
vt 0.146696 0.380843
vt 0.140653 0.384044
vt 0.948757 0.892415
vt 0.961280 0.891397
vt 0.946504 0.450149
vt 0.940120 0.467665
vt 0.933981 0.449131
vt 0.945156 0.428837
vt 0.932633 0.427820
vt 0.946682 0.406669
vt 0.934159 0.405651
vt 0.935860 0.384588
vt 0.948383 0.385605
vt 0.940120 0.366899
vt 0.952643 0.367916
vt 0.899438 0.571484
vt 0.905821 0.589000
vt 0.893298 0.590018
vt 0.894929 0.611087
vt 0.882406 0.612104
vt 0.877127 0.634826
vt 0.864604 0.635843
vt 0.885633 0.655336
vt 0.898157 0.654319
vt 0.899437 0.672250
vt 0.911961 0.671233
vt 0.993861 0.083250
vt 0.987477 0.100767
vt 0.981337 0.082233
vt 0.992512 0.061939
vt 0.979989 0.060921
vt 0.994039 0.039770
vt 0.981516 0.038753
vt 0.983217 0.017689
vt 0.995740 0.018706
vt 0.987477 0.000000
vt 1.000000 0.001017
vt 0.948757 0.791648
vt 0.955140 0.809165
vt 0.942617 0.810182
vt 0.944248 0.831251
vt 0.931725 0.832269
vt 0.913923 0.856008
vt 0.274846 0.341073
vt 0.268181 0.339979
vt 0.293000 0.396447
vt 0.288116 0.401428
vt 0.174334 0.408689
vt 0.134091 0.362899
vt 0.147017 0.322711
vt 0.154025 0.301450
vt 0.244715 0.306676
vt 0.140923 0.319509
vt 0.261516 0.341986
vt 0.268181 0.363114
vt 0.195076 0.288127
vt 0.268181 0.340892
vt 0.249969 0.402059
vt 0.347759 0.421431
vt 0.346837 0.414481
vt 0.395730 0.383134
vt 0.389745 0.379943
vt 0.383495 0.401173
vt 0.305243 0.287884
vt 0.308425 0.294189
vt 0.395637 0.340884
vt 0.364969 0.294271
vt 0.274744 0.318834
vt 0.281108 0.380167
vt 0.326457 0.281151
vt 0.932990 0.757120
vt 0.924484 0.736610
vt 0.945513 0.756103
vt 0.274895 0.220518
vt 0.275013 0.242793
vt 0.268202 0.221629
vt 0.390012 0.181332
vt 0.384060 0.160244
vt 0.395938 0.178102
vt 0.280786 0.181459
vt 0.287457 0.160298
vt 0.292314 0.165297
vt 0.327652 0.147570
vt 0.349285 0.140803
vt 0.348233 0.147778
vt 0.379406 0.165263
vt 0.367893 0.147376
vt 0.395607 0.220317
vt 0.402272 0.199189
vt 0.402272 0.221410
vt 0.378806 0.255626
vt 0.366932 0.273788
vt 0.363982 0.267521
vt 0.327652 0.555308
vt 0.349285 0.562075
vt 0.326457 0.562302
vt 0.309520 0.267781
vt 0.328115 0.281151
vt 0.306323 0.274055
vt 0.260213 0.604761
vt 0.266900 0.623371
vt 0.379406 0.537615
vt 0.367893 0.555502
vt 0.364969 0.549183
vt 0.389745 0.463511
vt 0.383495 0.442281
vt 0.395730 0.460319
vt 0.348233 0.555100
vt 0.535081 0.625117
vt 0.395637 0.502569
vt 0.395938 0.524776
vt 0.390012 0.521546
vt 0.363982 0.435357
vt 0.347759 0.422022
vt 0.366932 0.429090
vt 0.293000 0.447007
vt 0.306322 0.428823
vt 0.309519 0.435097
vt 0.274846 0.502381
vt 0.268202 0.481250
vt 0.274895 0.482360
vt 0.292314 0.537581
vt 0.305243 0.555570
vt 0.287457 0.542580
vt 0.280786 0.521419
vt 0.274744 0.524620
vt 0.946794 0.774034
vt 0.959317 0.773017
vt 0.960493 0.975665
vt 0.954109 0.993181
vt 0.947970 0.974647
vt 0.959144 0.954354
vt 0.946621 0.953336
vt 0.960671 0.932185
vt 0.948148 0.931167
vt 0.949849 0.910104
vt 0.962372 0.911121
vt 0.954109 0.892415
vt 0.966632 0.893432
vt 0.946794 0.469700
vt 0.953178 0.487217
vt 0.940655 0.488234
vt 0.942286 0.509303
vt 0.929763 0.510320
vt 0.924484 0.533042
vt 0.911961 0.534059
vt 0.932990 0.553553
vt 0.945513 0.552535
vt 0.946794 0.570466
vt 0.959317 0.569449
vt 0.973189 0.551932
vt 0.966805 0.569449
vt 0.960666 0.550915
vt 0.971840 0.530621
vt 0.959317 0.529604
vt 0.973367 0.508453
vt 0.960844 0.507435
vt 0.962545 0.486372
vt 0.975068 0.487389
vt 0.966805 0.468683
vt 0.979328 0.469700
vt 0.946794 0.673268
vt 0.953178 0.690784
vt 0.940655 0.691802
vt 0.942286 0.712871
vt 0.929763 0.713888
vt 0.911961 0.737627
vt 0.274846 0.200497
vt 0.268181 0.199403
vt 0.293000 0.255871
vt 0.288116 0.260853
vt 0.308425 0.549264
vt 0.268181 0.503475
vt 0.281108 0.463287
vt 0.288116 0.442025
vt 0.378805 0.447252
vt 0.275013 0.460085
vt 0.395607 0.482561
vt 0.402272 0.503690
vt 0.329167 0.428703
vt 0.402272 0.481468
vt 0.384059 0.542634
vt 0.347759 0.280856
vt 0.346837 0.273906
vt 0.395730 0.242559
vt 0.389745 0.239367
vt 0.383495 0.260597
vt 0.305243 0.147308
vt 0.308425 0.153614
vt 0.395637 0.200309
vt 0.364969 0.153695
vt 0.274744 0.178259
vt 0.281108 0.239592
vt 0.326457 0.140576
vt 0.932990 0.655336
vt 0.924484 0.634826
vt 0.945513 0.654319
vt 0.146696 0.521419
vt 0.153366 0.542580
vt 0.140653 0.524620
vt 0.244715 0.447252
vt 0.232842 0.429090
vt 0.249404 0.442281
vt 0.140804 0.482360
vt 0.140923 0.460085
vt 0.147017 0.463287
vt 0.175429 0.435097
vt 0.194024 0.421727
vt 0.195076 0.428703
vt 0.229891 0.435357
vt 0.213668 0.422022
vt 0.261516 0.482561
vt 0.261639 0.460319
vt 0.268181 0.481468
vt 0.255922 0.521546
vt 0.249969 0.542634
vt 0.245316 0.537615
vt 0.461743 0.414732
vt 0.483376 0.421500
vt 0.460547 0.421727
vt 0.193562 0.555308
vt 0.215194 0.562075
vt 0.192366 0.562303
vt 0.348232 0.725148
vt 0.354919 0.743758
vt 0.348232 0.743758
vt 0.513497 0.397039
vt 0.501983 0.414926
vt 0.499060 0.408607
vt 0.523836 0.322935
vt 0.517585 0.301705
vt 0.529820 0.319744
vt 0.482323 0.414524
vt 0.266900 0.564049
vt 0.260213 0.582659
vt 0.260213 0.562303
vt 0.529727 0.361994
vt 0.530029 0.384200
vt 0.524103 0.380971
vt 0.498072 0.294782
vt 0.481849 0.281447
vt 0.501023 0.288514
vt 0.427090 0.306432
vt 0.440413 0.288247
vt 0.443610 0.294521
vt 0.408936 0.361805
vt 0.402292 0.340674
vt 0.408985 0.341785
vt 0.426405 0.397005
vt 0.439334 0.414994
vt 0.421547 0.402004
vt 0.414877 0.380843
vt 0.408834 0.384044
vt 0.946794 0.672250
vt 0.959317 0.671233
vt 0.993860 0.286817
vt 0.987477 0.304334
vt 0.981337 0.285800
vt 0.992512 0.265506
vt 0.979989 0.264489
vt 0.994039 0.243337
vt 0.981516 0.242320
vt 0.983216 0.221257
vt 0.995740 0.222274
vt 0.987477 0.203568
vt 1.000000 0.204585
vt 0.839385 0.893432
vt 0.845768 0.910949
vt 0.833245 0.911966
vt 0.834876 0.933035
vt 0.822353 0.934052
vt 0.817074 0.956774
vt 0.804551 0.957791
vt 0.825581 0.977285
vt 0.838104 0.976267
vt 0.839385 0.994199
vt 0.851908 0.993181
vt 0.973189 0.653716
vt 0.966805 0.671233
vt 0.960666 0.652699
vt 0.971841 0.632405
vt 0.959317 0.631388
vt 0.973367 0.610236
vt 0.960844 0.609219
vt 0.962545 0.588156
vt 0.975068 0.589173
vt 0.966805 0.570466
vt 0.979328 0.571484
vt 0.946794 0.571484
vt 0.953178 0.589000
vt 0.940655 0.590018
vt 0.942286 0.611087
vt 0.929763 0.612104
vt 0.911961 0.635843
vt 0.140755 0.502381
vt 0.134091 0.503475
vt 0.174334 0.549264
vt 0.171153 0.555570
vt 0.442515 0.408689
vt 0.402272 0.362899
vt 0.415198 0.322711
vt 0.422206 0.301450
vt 0.512896 0.306676
vt 0.409104 0.319509
vt 0.529697 0.341986
vt 0.536362 0.363114
vt 0.462205 0.281151
vt 0.463257 0.288127
vt 0.536362 0.340892
vt 0.518150 0.402059
vt 0.233802 0.555502
vt 0.230879 0.549183
vt 0.268181 0.503690
vt 0.261546 0.502569
vt 0.261848 0.524776
vt 0.154025 0.442025
vt 0.158909 0.447007
vt 0.255655 0.463511
vt 0.212746 0.428972
vt 0.134111 0.481250
vt 0.158224 0.537581
vt 0.172232 0.428823
vt 0.551886 0.231247
vt 0.570136 0.224490
vt 0.551886 0.243100
vt 0.607575 0.256413
vt 0.623100 0.252784
vt 0.623100 0.264636
vt 0.623100 0.020075
vt 0.638624 0.011985
vt 0.638624 0.023837
vt 0.656874 0.012489
vt 0.656874 0.024342
vt 0.676063 0.023837
vt 0.676063 0.011985
vt 0.694313 0.020075
vt 0.694313 0.008223
vt 0.709838 0.011852
vt 0.536362 0.031923
vt 0.551886 0.030462
vt 0.536362 0.043775
vt 0.551886 0.018610
vt 0.570136 0.011852
vt 0.589326 0.018610
vt 0.589326 0.030462
vt 0.607576 0.031923
vt 0.607576 0.043775
vt 0.623100 0.040146
vt 0.623100 0.051998
vt 0.623100 0.585915
vt 0.607576 0.594005
vt 0.607576 0.582153
vt 0.589326 0.593501
vt 0.589326 0.581649
vt 0.570136 0.582153
vt 0.570136 0.594005
vt 0.551886 0.585915
vt 0.551886 0.597767
vt 0.536362 0.594138
vt 0.536362 0.244561
vt 0.536362 0.256413
vt 0.589325 0.231247
vt 0.589325 0.243100
vt 0.607575 0.244561
vt 0.709838 0.231986
vt 0.725362 0.266082
vt 0.709838 0.279395
vt 0.804065 0.392915
vt 0.842012 0.377714
vt 0.849501 0.394110
vt 0.807211 0.412041
vt 0.852647 0.413235
vt 0.807211 0.432063
vt 0.852647 0.433257
vt 0.851704 0.452275
vt 0.847708 0.468369
vt 0.806268 0.451081
vt 0.638624 0.601540
vt 0.623100 0.640726
vt 0.623100 0.593317
vt 0.656874 0.614853
vt 0.638624 0.648949
vt 0.676063 0.633463
vt 0.656874 0.662263
vt 0.694313 0.662263
vt 0.694313 0.614853
vt 0.709838 0.648949
vt 0.709838 0.601540
vt 0.853385 0.816647
vt 0.891331 0.801446
vt 0.898821 0.817842
vt 0.856530 0.835773
vt 0.901966 0.836967
vt 0.856530 0.855795
vt 0.901966 0.856989
vt 0.901023 0.876007
vt 0.897027 0.892101
vt 0.855587 0.874813
vt 0.781051 0.279395
vt 0.796575 0.240209
vt 0.796575 0.287618
vt 0.762801 0.266082
vt 0.781051 0.231986
vt 0.743612 0.247472
vt 0.762801 0.218673
vt 0.725362 0.218673
vt 0.743612 0.259948
vt 0.725362 0.278558
vt 0.762801 0.278558
vt 0.781051 0.291872
vt 0.796575 0.300095
vt 0.908984 0.892415
vt 0.912980 0.876321
vt 0.913923 0.857304
vt 0.913923 0.837281
vt 0.910778 0.818156
vt 0.903288 0.801761
vt 0.694313 0.602377
vt 0.709838 0.589064
vt 0.676063 0.620987
vt 0.656874 0.602377
vt 0.638624 0.589064
vt 0.623100 0.580841
vt 0.859664 0.468683
vt 0.863661 0.452589
vt 0.864604 0.433572
vt 0.864604 0.413549
vt 0.861458 0.394424
vt 0.853969 0.378029
vt 0.709838 0.291871
vt 0.589326 0.425276
vt 0.607576 0.425276
vt 0.570136 0.425276
vt 0.551886 0.425276
vt 0.536362 0.425276
vt 0.623100 0.425276
vt 0.607576 0.212638
vt 0.623100 0.212638
vt 0.589326 0.212638
vt 0.570136 0.212638
vt 0.551886 0.212638
vt 0.536362 0.212638
vt 0.709838 0.180715
vt 0.694313 0.180715
vt 0.676063 0.180715
vt 0.656874 0.180715
vt 0.638624 0.180715
vt 0.623100 0.180715
vt 0.370443 0.680944
vt 0.388693 0.674186
vt 0.370443 0.692796
vt 0.426132 0.706110
vt 0.441657 0.702480
vt 0.441657 0.714333
vt 0.339943 0.945481
vt 0.332580 0.929089
vt 0.343939 0.929388
vt 0.333523 0.910071
vt 0.344882 0.910370
vt 0.344882 0.890348
vt 0.333523 0.890049
vt 0.341737 0.871222
vt 0.330378 0.870924
vt 0.334247 0.854827
vt 0.441657 0.594226
vt 0.457181 0.592765
vt 0.441657 0.606078
vt 0.457181 0.580912
vt 0.475431 0.574155
vt 0.494620 0.580912
vt 0.494620 0.592765
vt 0.512870 0.594226
vt 0.512870 0.606078
vt 0.528394 0.602449
vt 0.528394 0.614301
vt 0.553417 0.897006
vt 0.546054 0.880614
vt 0.557413 0.880913
vt 0.546997 0.861596
vt 0.558357 0.861895
vt 0.558357 0.841873
vt 0.546997 0.841574
vt 0.555211 0.822747
vt 0.543852 0.822449
vt 0.547721 0.806352
vt 0.354919 0.694257
vt 0.354919 0.706109
vt 0.407882 0.680944
vt 0.407882 0.692796
vt 0.426132 0.694257
vt 0.441657 0.694257
vt 0.457181 0.728353
vt 0.441657 0.741666
vt 0.804065 0.016395
vt 0.842012 0.001194
vt 0.849501 0.017590
vt 0.807211 0.035521
vt 0.852647 0.036715
vt 0.807211 0.055543
vt 0.852647 0.056737
vt 0.851704 0.075755
vt 0.847708 0.091848
vt 0.806268 0.074561
vt 0.694313 0.560142
vt 0.709838 0.520955
vt 0.709838 0.568365
vt 0.676063 0.546828
vt 0.694313 0.512732
vt 0.656874 0.528219
vt 0.676063 0.499419
vt 0.638624 0.499419
vt 0.638624 0.546828
vt 0.623100 0.512732
vt 0.623100 0.560142
vt 0.466435 0.870924
vt 0.504381 0.855723
vt 0.511871 0.872118
vt 0.469580 0.890049
vt 0.515016 0.891243
vt 0.469580 0.910071
vt 0.515016 0.911266
vt 0.514073 0.930283
vt 0.510077 0.946377
vt 0.468637 0.929089
vt 0.512870 0.741666
vt 0.528394 0.702480
vt 0.528394 0.749889
vt 0.494620 0.728353
vt 0.512870 0.694257
vt 0.475431 0.709743
vt 0.494620 0.680944
vt 0.457181 0.680944
vt 0.475431 0.722220
vt 0.457181 0.740829
vt 0.494620 0.740829
vt 0.512870 0.754143
vt 0.528394 0.762366
vt 0.522034 0.946691
vt 0.526030 0.930598
vt 0.526973 0.911580
vt 0.526973 0.891557
vt 0.523828 0.872432
vt 0.516338 0.856037
vt 0.638624 0.559304
vt 0.623100 0.572618
vt 0.656874 0.540695
vt 0.676063 0.559304
vt 0.694313 0.572618
vt 0.709838 0.580841
vt 0.859665 0.092163
vt 0.863661 0.076069
vt 0.864604 0.057052
vt 0.864604 0.037029
vt 0.861458 0.017904
vt 0.853969 0.001509
vt 0.441657 0.754143
vt 0.407882 0.740829
vt 0.426132 0.754143
vt 0.388693 0.722220
vt 0.370443 0.740829
vt 0.354919 0.754143
vt 0.593755 0.807562
vt 0.601245 0.823957
vt 0.604391 0.843082
vt 0.604391 0.863105
vt 0.603447 0.882123
vt 0.599451 0.898216
vt 0.512870 0.654111
vt 0.528394 0.662334
vt 0.494620 0.640798
vt 0.475431 0.622188
vt 0.457181 0.640798
vt 0.441657 0.654111
vt 0.380281 0.856037
vt 0.387771 0.872432
vt 0.390916 0.891557
vt 0.390916 0.911580
vt 0.389973 0.930598
vt 0.385977 0.946691
vt 0.441657 0.762366
vt 0.725362 0.318704
vt 0.743612 0.311947
vt 0.725362 0.330557
vt 0.781051 0.343870
vt 0.796575 0.340241
vt 0.796575 0.352093
vt 0.881659 0.190984
vt 0.874296 0.174592
vt 0.885655 0.174891
vt 0.875239 0.155575
vt 0.886598 0.155873
vt 0.886598 0.135851
vt 0.875239 0.135552
vt 0.883453 0.116725
vt 0.872093 0.116427
vt 0.875963 0.100330
vt 0.709838 0.448886
vt 0.694313 0.450347
vt 0.709838 0.437034
vt 0.694313 0.462200
vt 0.676063 0.468957
vt 0.656874 0.462200
vt 0.656874 0.450347
vt 0.638624 0.448886
vt 0.638624 0.437034
vt 0.623100 0.440663
vt 0.623100 0.428811
vt 0.813630 0.283147
vt 0.806268 0.266755
vt 0.817627 0.267054
vt 0.807211 0.247738
vt 0.818570 0.248036
vt 0.818570 0.228014
vt 0.807211 0.227715
vt 0.815424 0.208888
vt 0.804065 0.208590
vt 0.807935 0.192493
vt 0.709838 0.332018
vt 0.709838 0.343870
vt 0.762801 0.318704
vt 0.762801 0.330557
vt 0.781051 0.332018
vt 0.709838 0.748981
vt 0.694313 0.714885
vt 0.709838 0.701572
vt 0.717328 0.816647
vt 0.755274 0.801446
vt 0.762764 0.817842
vt 0.720473 0.835773
vt 0.765909 0.836967
vt 0.720473 0.855795
vt 0.765909 0.856989
vt 0.764966 0.876007
vt 0.760970 0.892101
vt 0.719530 0.874813
vt 0.694313 0.260047
vt 0.709838 0.220861
vt 0.709838 0.268270
vt 0.676063 0.246734
vt 0.694313 0.212638
vt 0.656874 0.228124
vt 0.676063 0.199324
vt 0.638624 0.199324
vt 0.638624 0.246734
vt 0.623100 0.260047
vt 0.007490 0.869237
vt 0.045436 0.854036
vt 0.052926 0.870431
vt 0.010635 0.888362
vt 0.056072 0.889556
vt 0.010635 0.908384
vt 0.056072 0.909579
vt 0.055129 0.928596
vt 0.051132 0.944690
vt 0.009692 0.927402
vt 0.638624 0.701572
vt 0.623100 0.740758
vt 0.623100 0.693349
vt 0.656874 0.714885
vt 0.638624 0.748981
vt 0.676063 0.733495
vt 0.656874 0.762294
vt 0.694313 0.762294
vt 0.676063 0.721018
vt 0.694313 0.702409
vt 0.656874 0.702409
vt 0.638624 0.689095
vt 0.623100 0.680872
vt 0.063089 0.945004
vt 0.067085 0.928911
vt 0.068029 0.909893
vt 0.068029 0.889870
vt 0.064883 0.870745
vt 0.057393 0.854350
vt 0.638624 0.259210
vt 0.623100 0.272523
vt 0.656874 0.240600
vt 0.676063 0.259210
vt 0.694313 0.272523
vt 0.709838 0.280746
vt 0.772927 0.892415
vt 0.776923 0.876321
vt 0.777866 0.857304
vt 0.777866 0.837281
vt 0.774721 0.818156
vt 0.767231 0.801761
vt 0.709838 0.689095
vt 0.762801 0.378590
vt 0.781051 0.391903
vt 0.743612 0.359980
vt 0.725362 0.378590
vt 0.709838 0.391903
vt 0.853969 0.193703
vt 0.861458 0.210098
vt 0.864604 0.229224
vt 0.864604 0.249246
vt 0.863661 0.268264
vt 0.859664 0.284357
vt 0.638624 0.389001
vt 0.623100 0.380778
vt 0.656874 0.402314
vt 0.676063 0.420924
vt 0.694313 0.402314
vt 0.709838 0.389001
vt 0.921997 0.101540
vt 0.929487 0.117935
vt 0.932632 0.137061
vt 0.932632 0.157083
vt 0.931689 0.176101
vt 0.927693 0.192194
vt 0.796575 0.400126
vt 0.725362 0.618799
vt 0.743612 0.612041
vt 0.725362 0.630651
vt 0.781051 0.643964
vt 0.796575 0.640335
vt 0.796575 0.652188
vt 0.881659 0.090953
vt 0.874296 0.074561
vt 0.885655 0.074859
vt 0.875239 0.055543
vt 0.886598 0.055842
vt 0.886598 0.035819
vt 0.875239 0.035521
vt 0.883453 0.016694
vt 0.872094 0.016395
vt 0.875963 0.000299
vt 0.260213 0.630411
vt 0.244689 0.631872
vt 0.260213 0.618559
vt 0.244689 0.643724
vt 0.226439 0.650482
vt 0.207250 0.643724
vt 0.207250 0.631872
vt 0.189000 0.630411
vt 0.189000 0.618559
vt 0.173476 0.622188
vt 0.173476 0.610336
vt 0.813630 0.651798
vt 0.806268 0.635406
vt 0.817627 0.635705
vt 0.807211 0.616389
vt 0.818570 0.616687
vt 0.818570 0.596665
vt 0.807211 0.596366
vt 0.815424 0.577539
vt 0.804065 0.577241
vt 0.807935 0.561144
vt 0.709838 0.632112
vt 0.709838 0.643964
vt 0.762801 0.618799
vt 0.762801 0.630651
vt 0.781051 0.632112
vt 0.796575 0.168140
vt 0.781051 0.134044
vt 0.796575 0.120731
vt 0.398406 0.870924
vt 0.436352 0.855723
vt 0.443842 0.872118
vt 0.401552 0.890049
vt 0.446988 0.891243
vt 0.401552 0.910071
vt 0.446988 0.911266
vt 0.446045 0.930283
vt 0.442048 0.946377
vt 0.400608 0.929089
vt 0.071213 0.741666
vt 0.086738 0.702480
vt 0.086738 0.749889
vt 0.052963 0.728353
vt 0.071213 0.694257
vt 0.033774 0.709743
vt 0.052963 0.680944
vt 0.015524 0.680944
vt 0.015524 0.728353
vt 0.000000 0.694257
vt 0.000000 0.741666
vt 0.094228 0.869237
vt 0.132174 0.854036
vt 0.139664 0.870431
vt 0.097373 0.888362
vt 0.142809 0.889556
vt 0.097373 0.908385
vt 0.142809 0.909579
vt 0.141866 0.928596
vt 0.137870 0.944690
vt 0.096430 0.927402
vt 0.725362 0.120731
vt 0.709838 0.159917
vt 0.709838 0.112508
vt 0.743612 0.134044
vt 0.725362 0.168140
vt 0.762801 0.152654
vt 0.743612 0.181453
vt 0.781051 0.181453
vt 0.762801 0.140178
vt 0.781051 0.121568
vt 0.743612 0.121568
vt 0.725362 0.108255
vt 0.709838 0.100032
vt 0.149827 0.945004
vt 0.153823 0.928911
vt 0.154766 0.909893
vt 0.154766 0.889871
vt 0.151621 0.870745
vt 0.144131 0.854350
vt 0.015524 0.740829
vt 0.000000 0.754143
vt 0.033774 0.722220
vt 0.052963 0.740829
vt 0.071213 0.754143
vt 0.086738 0.762366
vt 0.454005 0.946691
vt 0.458002 0.930598
vt 0.458945 0.911580
vt 0.458945 0.891558
vt 0.455799 0.872432
vt 0.448309 0.856037
vt 0.796575 0.108255
vt 0.762801 0.678684
vt 0.781051 0.691998
vt 0.743612 0.660075
vt 0.725362 0.678684
vt 0.709838 0.691998
vt 0.853969 0.562354
vt 0.861458 0.578749
vt 0.864604 0.597875
vt 0.864604 0.617897
vt 0.863661 0.636915
vt 0.859664 0.653008
vt 0.189000 0.570526
vt 0.173476 0.562303
vt 0.207250 0.583839
vt 0.226439 0.602449
vt 0.244689 0.583839
vt 0.260213 0.570526
vt 0.921997 0.001509
vt 0.929487 0.017904
vt 0.932632 0.037029
vt 0.932632 0.057052
vt 0.931689 0.076069
vt 0.927693 0.092163
vt 0.796575 0.700221
vt 0.551886 0.724631
vt 0.570136 0.717874
vt 0.551886 0.736484
vt 0.607575 0.749797
vt 0.623100 0.746168
vt 0.623100 0.758020
vt 0.881659 0.283147
vt 0.874296 0.266755
vt 0.885655 0.267054
vt 0.875239 0.247738
vt 0.886598 0.248036
vt 0.886598 0.228014
vt 0.875239 0.227715
vt 0.883453 0.208888
vt 0.872094 0.208590
vt 0.875963 0.192493
vt 0.000000 0.594226
vt 0.015524 0.592765
vt 0.000000 0.606078
vt 0.015524 0.580912
vt 0.033774 0.574155
vt 0.052963 0.580912
vt 0.052963 0.592765
vt 0.071213 0.594226
vt 0.071213 0.606078
vt 0.086738 0.602449
vt 0.086738 0.614301
vt 0.407971 0.853318
vt 0.400609 0.836926
vt 0.411968 0.837225
vt 0.401552 0.817909
vt 0.412911 0.818207
vt 0.412911 0.798185
vt 0.401552 0.797886
vt 0.409765 0.779060
vt 0.398406 0.778761
vt 0.402275 0.762664
vt 0.536362 0.737945
vt 0.536362 0.749797
vt 0.589326 0.724632
vt 0.589326 0.736484
vt 0.607575 0.737945
vt 0.086738 0.694257
vt 0.102262 0.728353
vt 0.086738 0.741666
vt 0.466435 0.778761
vt 0.504381 0.763560
vt 0.511871 0.779955
vt 0.469580 0.797886
vt 0.515016 0.799081
vt 0.469580 0.817909
vt 0.515016 0.819103
vt 0.514073 0.838121
vt 0.510077 0.854214
vt 0.468637 0.836926
vt 0.102262 0.583002
vt 0.086738 0.622188
vt 0.086738 0.574779
vt 0.120512 0.596315
vt 0.102262 0.630411
vt 0.139701 0.614925
vt 0.120512 0.643724
vt 0.157951 0.643724
vt 0.157951 0.596315
vt 0.173476 0.630411
vt 0.173476 0.583002
vt 0.872094 0.392915
vt 0.910040 0.377714
vt 0.917530 0.394110
vt 0.875239 0.412041
vt 0.920676 0.413235
vt 0.875239 0.432063
vt 0.920676 0.433257
vt 0.919733 0.452275
vt 0.915736 0.468368
vt 0.874296 0.451081
vt 0.157951 0.741666
vt 0.173476 0.702480
vt 0.173476 0.749890
vt 0.139701 0.728353
vt 0.157951 0.694257
vt 0.120512 0.709743
vt 0.139701 0.680944
vt 0.102262 0.680944
vt 0.120512 0.722220
vt 0.102262 0.740829
vt 0.139701 0.740829
vt 0.157951 0.754143
vt 0.173476 0.762366
vt 0.927693 0.468683
vt 0.931689 0.452589
vt 0.932633 0.433571
vt 0.932632 0.413549
vt 0.929487 0.394424
vt 0.921997 0.378028
vt 0.157951 0.583839
vt 0.173476 0.570526
vt 0.139701 0.602449
vt 0.120512 0.583839
vt 0.102262 0.570526
vt 0.086738 0.562303
vt 0.522034 0.854528
vt 0.526030 0.838435
vt 0.526973 0.819417
vt 0.526973 0.799395
vt 0.523828 0.780270
vt 0.516338 0.763874
vt 0.086738 0.754143
vt 0.589325 0.784517
vt 0.607575 0.797830
vt 0.570136 0.765907
vt 0.551886 0.784517
vt 0.536362 0.797830
vt 0.448309 0.763874
vt 0.455799 0.780269
vt 0.458945 0.799395
vt 0.458945 0.819417
vt 0.458002 0.838435
vt 0.454005 0.854528
vt 0.071213 0.654111
vt 0.086738 0.662334
vt 0.052963 0.640798
vt 0.033774 0.622188
vt 0.015524 0.640798
vt 0.000000 0.654111
vt 0.921997 0.193703
vt 0.929487 0.210098
vt 0.932632 0.229224
vt 0.932632 0.249246
vt 0.931689 0.268264
vt 0.927693 0.284357
vt 0.623100 0.806053
vt 0.725362 0.018610
vt 0.743612 0.011852
vt 0.725362 0.030462
vt 0.781051 0.043775
vt 0.796575 0.040146
vt 0.796575 0.051998
vt 0.182589 0.943794
vt 0.175226 0.927402
vt 0.186585 0.927701
vt 0.176169 0.908385
vt 0.187528 0.908683
vt 0.187528 0.888661
vt 0.176169 0.888362
vt 0.184383 0.869535
vt 0.173024 0.869237
vt 0.176893 0.853140
vt 0.536362 0.637913
vt 0.551886 0.636452
vt 0.536362 0.649766
vt 0.551886 0.624600
vt 0.570136 0.617843
vt 0.589326 0.624600
vt 0.589326 0.636452
vt 0.607576 0.637913
vt 0.607576 0.649766
vt 0.623100 0.646136
vt 0.623100 0.657989
vt 0.794921 0.891205
vt 0.787559 0.874813
vt 0.798918 0.875111
vt 0.788502 0.855795
vt 0.799861 0.856094
vt 0.799861 0.836071
vt 0.788502 0.835773
vt 0.796715 0.816946
vt 0.785356 0.816647
vt 0.789225 0.800551
vt 0.709838 0.031923
vt 0.709838 0.043775
vt 0.762801 0.018610
vt 0.762801 0.030462
vt 0.781051 0.031923
vt 0.260213 0.694257
vt 0.275738 0.728353
vt 0.260213 0.741666
vt 0.804065 0.300753
vt 0.842012 0.285552
vt 0.849501 0.301947
vt 0.807211 0.319878
vt 0.852647 0.321072
vt 0.807211 0.339900
vt 0.852647 0.341095
vt 0.851704 0.360112
vt 0.847708 0.376206
vt 0.806268 0.358918
vt 0.694313 0.360079
vt 0.709838 0.320892
vt 0.709838 0.368302
vt 0.676063 0.346765
vt 0.694313 0.312669
vt 0.656874 0.328156
vt 0.676063 0.299356
vt 0.638624 0.299356
vt 0.638624 0.346765
vt 0.623100 0.312669
vt 0.623100 0.360079
vt 0.804065 0.485078
vt 0.842012 0.469877
vt 0.849501 0.486272
vt 0.807211 0.504203
vt 0.852647 0.505398
vt 0.807211 0.524226
vt 0.852647 0.525420
vt 0.851704 0.544438
vt 0.847708 0.560531
vt 0.806268 0.543244
vt 0.331427 0.741666
vt 0.346951 0.702480
vt 0.346951 0.749890
vt 0.313177 0.728353
vt 0.331427 0.694257
vt 0.293988 0.709743
vt 0.313177 0.680944
vt 0.275738 0.680944
vt 0.293988 0.722220
vt 0.275738 0.740829
vt 0.313177 0.740829
vt 0.331427 0.754143
vt 0.346951 0.762366
vt 0.859664 0.560845
vt 0.863661 0.544752
vt 0.864604 0.525734
vt 0.864604 0.505712
vt 0.861458 0.486587
vt 0.853969 0.470191
vt 0.638624 0.359241
vt 0.623100 0.372555
vt 0.656874 0.340632
vt 0.676063 0.359241
vt 0.694313 0.372555
vt 0.709838 0.380778
vt 0.859664 0.376520
vt 0.863661 0.360427
vt 0.864604 0.341409
vt 0.864604 0.321386
vt 0.861458 0.302261
vt 0.853969 0.285866
vt 0.260213 0.754143
vt 0.762801 0.078495
vt 0.781051 0.091808
vt 0.743612 0.059885
vt 0.725362 0.078495
vt 0.709838 0.091808
vt 0.835259 0.801760
vt 0.842749 0.818156
vt 0.845895 0.837281
vt 0.845895 0.857303
vt 0.844952 0.876321
vt 0.840955 0.892415
vt 0.607576 0.697799
vt 0.623100 0.706022
vt 0.589326 0.684485
vt 0.570136 0.665876
vt 0.551886 0.684485
vt 0.536362 0.697799
vt 0.222927 0.854350
vt 0.230417 0.870745
vt 0.233562 0.889871
vt 0.233562 0.909893
vt 0.232619 0.928911
vt 0.228623 0.945004
vt 0.796576 0.100032
vt 0.725362 0.718830
vt 0.743612 0.712073
vt 0.725362 0.730682
vt 0.781051 0.743996
vt 0.796575 0.740367
vt 0.796575 0.752219
vt 0.813630 0.743961
vt 0.806268 0.727569
vt 0.817627 0.727868
vt 0.807211 0.708551
vt 0.818570 0.708850
vt 0.818570 0.688827
vt 0.807211 0.688529
vt 0.815424 0.669702
vt 0.804065 0.669404
vt 0.807935 0.653307
vt 0.173476 0.694257
vt 0.189000 0.692796
vt 0.173476 0.706109
vt 0.189000 0.680944
vt 0.207250 0.674186
vt 0.226439 0.680944
vt 0.226439 0.692796
vt 0.244689 0.694257
vt 0.244689 0.706109
vt 0.260213 0.702480
vt 0.260213 0.714332
vt 0.640155 0.871857
vt 0.632792 0.855465
vt 0.644151 0.855763
vt 0.633735 0.836447
vt 0.645094 0.836746
vt 0.645094 0.816723
vt 0.633735 0.816424
vt 0.641949 0.797598
vt 0.630590 0.797299
vt 0.634459 0.781202
vt 0.709838 0.732144
vt 0.709838 0.743996
vt 0.762801 0.718830
vt 0.762801 0.730683
vt 0.781051 0.732144
vt 0.709838 0.532081
vt 0.725362 0.566176
vt 0.709838 0.579490
vt 0.630590 0.889462
vt 0.668536 0.874261
vt 0.676026 0.890656
vt 0.633735 0.908587
vt 0.679172 0.909781
vt 0.633735 0.928610
vt 0.679171 0.929804
vt 0.678228 0.948821
vt 0.674232 0.964915
vt 0.632792 0.947627
vt 0.370443 0.583002
vt 0.354919 0.622188
vt 0.354919 0.574779
vt 0.388693 0.596315
vt 0.370443 0.630411
vt 0.407882 0.614925
vt 0.388693 0.643725
vt 0.426132 0.643725
vt 0.426132 0.596315
vt 0.441657 0.630411
vt 0.441657 0.583002
vt 0.330378 0.778761
vt 0.368324 0.763560
vt 0.375814 0.779955
vt 0.333523 0.797886
vt 0.378959 0.799081
vt 0.333523 0.817909
vt 0.378959 0.819103
vt 0.378016 0.838121
vt 0.374020 0.854214
vt 0.332580 0.836926
vt 0.781051 0.579490
vt 0.796575 0.540304
vt 0.796575 0.587713
vt 0.762801 0.566177
vt 0.781051 0.532081
vt 0.743612 0.547567
vt 0.762801 0.518767
vt 0.725362 0.518767
vt 0.743612 0.560043
vt 0.725362 0.578653
vt 0.762801 0.578653
vt 0.781051 0.591966
vt 0.796575 0.600189
vt 0.385977 0.854528
vt 0.389973 0.838435
vt 0.390916 0.819417
vt 0.390916 0.799395
vt 0.387771 0.780270
vt 0.380281 0.763874
vt 0.426132 0.583839
vt 0.441657 0.570526
vt 0.407882 0.602449
vt 0.388693 0.583839
vt 0.370443 0.570526
vt 0.354919 0.562303
vt 0.686189 0.965229
vt 0.690185 0.949136
vt 0.691128 0.930118
vt 0.691128 0.910096
vt 0.687983 0.890970
vt 0.680493 0.874575
vt 0.709838 0.591966
vt 0.762801 0.778716
vt 0.781051 0.792029
vt 0.743612 0.760106
vt 0.725362 0.778716
vt 0.709838 0.792029
vt 0.680493 0.782412
vt 0.687983 0.798808
vt 0.691128 0.817933
vt 0.691128 0.837955
vt 0.690185 0.856973
vt 0.686189 0.873067
vt 0.244689 0.754143
vt 0.260213 0.762366
vt 0.226439 0.740829
vt 0.207250 0.722220
vt 0.189000 0.740829
vt 0.173476 0.754143
vt 0.853969 0.654517
vt 0.861458 0.670912
vt 0.864604 0.690038
vt 0.864604 0.710060
vt 0.863661 0.729078
vt 0.859664 0.745171
vt 0.796576 0.800252
vt 0.725362 0.418736
vt 0.743612 0.411978
vt 0.725362 0.430588
vt 0.781051 0.443901
vt 0.796575 0.440272
vt 0.796575 0.452125
vt 0.250617 0.943794
vt 0.243255 0.927402
vt 0.254614 0.927701
vt 0.244198 0.908385
vt 0.255557 0.908683
vt 0.255557 0.888661
vt 0.244198 0.888362
vt 0.252411 0.869535
vt 0.241052 0.869237
vt 0.244921 0.853140
vt 0.354919 0.630411
vt 0.339394 0.631872
vt 0.354919 0.618559
vt 0.339394 0.643724
vt 0.321144 0.650482
vt 0.301955 0.643724
vt 0.301955 0.631872
vt 0.283705 0.630411
vt 0.283705 0.618559
vt 0.268181 0.622188
vt 0.268181 0.610336
vt 0.813630 0.190984
vt 0.806267 0.174592
vt 0.817626 0.174891
vt 0.807211 0.155575
vt 0.818570 0.155873
vt 0.818570 0.135851
vt 0.807211 0.135552
vt 0.815424 0.116726
vt 0.804065 0.116427
vt 0.807935 0.100330
vt 0.709838 0.432049
vt 0.709838 0.443901
vt 0.762801 0.418736
vt 0.762801 0.430588
vt 0.781051 0.432049
vt 0.322888 0.762366
vt 0.280789 0.778559
vt 0.268026 0.762366
vt 0.000000 0.778559
vt 0.054862 0.762366
vt 0.062745 0.778559
vt 0.000000 0.797595
vt 0.066352 0.797595
vt 0.000000 0.817612
vt 0.066835 0.817612
vt 0.066352 0.836648
vt 0.062745 0.852841
vt 0.000000 0.836648
vt 0.193320 0.836648
vt 0.248182 0.852841
vt 0.185436 0.852841
vt 0.206083 0.817612
vt 0.248182 0.836648
vt 0.223924 0.797595
vt 0.248182 0.817612
vt 0.248182 0.778559
vt 0.206083 0.778559
vt 0.248182 0.762366
vt 0.193320 0.762366
vt 0.086738 0.778559
vt 0.141600 0.762366
vt 0.149483 0.778559
vt 0.086738 0.797596
vt 0.153090 0.797596
vt 0.086738 0.817612
vt 0.153573 0.817612
vt 0.153090 0.836648
vt 0.149483 0.852841
vt 0.086738 0.836648
vt 0.268026 0.836648
vt 0.322888 0.852841
vt 0.260142 0.852841
vt 0.280789 0.817612
vt 0.322888 0.836648
vt 0.298630 0.797595
vt 0.322888 0.817612
vt 0.322888 0.778559
vt 0.286669 0.797595
vt 0.268828 0.778559
vt 0.268828 0.817612
vt 0.256065 0.836648
vt 0.161444 0.852841
vt 0.165050 0.836648
vt 0.165534 0.817612
vt 0.165050 0.797596
vt 0.161444 0.778559
vt 0.153561 0.762366
vt 0.194122 0.778559
vt 0.181359 0.762366
vt 0.211963 0.797595
vt 0.194122 0.817612
vt 0.181359 0.836648
vt 0.173476 0.852841
vt 0.074706 0.852841
vt 0.078313 0.836648
vt 0.078796 0.817612
vt 0.078313 0.797595
vt 0.074706 0.778559
vt 0.066823 0.762366
vt 0.256065 0.762366
vt 0.762801 0.478621
vt 0.781051 0.491935
vt 0.743612 0.460011
vt 0.725362 0.478621
vt 0.709838 0.491935
vt 0.853969 0.101540
vt 0.861458 0.117936
vt 0.864604 0.137061
vt 0.864604 0.157083
vt 0.863661 0.176101
vt 0.859664 0.192195
vt 0.283705 0.570526
vt 0.268181 0.562303
vt 0.301955 0.583839
vt 0.321144 0.602449
vt 0.339394 0.583839
vt 0.354919 0.570526
vt 0.290955 0.854350
vt 0.298445 0.870745
vt 0.301591 0.889871
vt 0.301591 0.909893
vt 0.300648 0.928911
vt 0.296651 0.945004
vt 0.796575 0.500158
vt 0.060986 0.133600
vt 0.535081 0.684439
vt 0.354919 0.682690
vt 0.480927 0.428972
vt 0.972655 0.468683
vt 0.804551 0.892415
vt 0.992666 0.468683
vt 0.979989 0.101784
vt 0.080052 0.414524
vt 0.535081 0.664083
vt 0.230879 0.153695
vt 0.979328 0.774034
vt 0.899264 0.892415
vt 0.999339 0.774034
vt 0.979989 0.203568
vt 0.482323 0.133373
vt 0.535081 0.603015
vt 0.078656 0.428972
vt 0.322888 0.954625
vt 0.911961 0.672250
vt 0.986643 0.994199
vt 0.979989 0.000000
vt 0.195076 0.133600
vt 0.266900 0.582659
vt 0.480927 0.147821
vt 0.981291 0.892415
vt 0.757194 0.892415
vt 0.999339 0.570466
vt 0.946621 0.892415
vt 0.329167 0.133600
vt 0.535081 0.562303
vt 0.266900 0.643727
vt 0.096788 0.153695
vt 0.603730 1.000000
vt 0.911961 0.468683
vt 0.999339 0.672250
vt 0.583719 0.898216
vt 0.329167 0.414751
vt 0.354919 0.723402
vt 0.212746 0.288397
vt 0.952644 0.468683
vt 0.911961 0.570466
vt 1.000000 0.101784
vt 0.961280 0.790631
vt 0.329167 0.274175
vt 0.535081 0.643727
vt 0.346837 0.428972
vt 0.966632 0.994199
vt 0.959317 0.468683
vt 0.979328 0.570466
vt 0.959317 0.672250
vt 0.214142 0.555100
vt 0.480927 0.288397
vt 1.000000 0.305351
vt 0.851908 0.892415
vt 0.979328 0.672250
vt 0.959317 0.570466
vt 0.623100 0.008223
vt 0.709838 0.000000
vt 0.570136 0.000000
vt 0.623100 0.597767
vt 0.536362 0.605990
vt 0.796576 0.376520
vt 0.802271 0.467174
vt 0.676063 0.680872
vt 0.845895 0.800252
vt 0.851591 0.890906
vt 0.743612 0.200063
vt 0.388693 0.662334
vt 0.328584 0.945183
vt 0.322888 0.854528
vt 0.475431 0.562303
vt 0.542058 0.896708
vt 0.536362 0.806053
vt 0.796576 0.000000
vt 0.802271 0.090654
vt 0.656874 0.480809
vt 0.458945 0.854528
vt 0.464641 0.945182
vt 0.475431 0.662334
vt 0.743612 0.300095
vt 0.870300 0.190686
vt 0.864604 0.100032
vt 0.676063 0.480809
vt 0.802271 0.282849
vt 0.796576 0.192195
vt 0.709838 0.800252
vt 0.715534 0.890906
vt 0.000000 0.852841
vt 0.005696 0.943496
vt 0.676063 0.780904
vt 0.743612 0.600189
vt 0.870300 0.090654
vt 0.864604 0.000000
vt 0.226439 0.662334
vt 0.802271 0.651500
vt 0.796576 0.560845
vt 0.390916 0.854528
vt 0.396612 0.945183
vt 0.033774 0.662334
vt 0.086738 0.852841
vt 0.092434 0.943496
vt 0.762801 0.200063
vt 0.570136 0.706022
vt 0.870300 0.282849
vt 0.864604 0.192195
vt 0.033774 0.562303
vt 0.396612 0.853020
vt 0.390916 0.762366
vt 0.458945 0.762366
vt 0.464641 0.853020
vt 0.139701 0.662334
vt 0.864604 0.376520
vt 0.870300 0.467174
vt 0.120512 0.662334
vt 0.743612 0.000000
vt 0.171230 0.943496
vt 0.165534 0.852841
vt 0.570136 0.605990
vt 0.783562 0.890906
vt 0.777866 0.800252
vt 0.796576 0.284357
vt 0.802271 0.375012
vt 0.656874 0.280746
vt 0.796576 0.468683
vt 0.802271 0.559337
vt 0.293988 0.662334
vt 0.743612 0.700221
vt 0.802271 0.743663
vt 0.796576 0.653008
vt 0.207250 0.662334
vt 0.628796 0.871558
vt 0.623100 0.780904
vt 0.623100 0.873067
vt 0.628796 0.963721
vt 0.407882 0.662334
vt 0.328584 0.853020
vt 0.743612 0.500158
vt 0.743612 0.400126
vt 0.239258 0.943496
vt 0.233562 0.852841
vt 0.321144 0.662334
vt 0.802271 0.190686
vt 0.000000 0.762366
vt 0.248182 0.797595
vt 0.322888 0.797595
s 1
f 2/1/1 354/1/2 353/1/3
f 4/1/4 355/1/5 354/1/2
f 6/1/6 356/1/7 355/1/5
f 8/1/8 357/1/9 356/1/7
f 10/1/10 358/1/11 357/1/9
f 358/1/11 14/1/12 359/1/13
f 14/1/12 360/1/14 359/1/13
f 16/1/15 361/1/16 360/1/14
f 18/1/17 362/1/18 361/1/16
f 362/1/18 22/1/19 363/1/20
f 22/1/19 364/1/21 363/1/20
f 24/1/22 365/1/23 364/1/21
f 26/1/24 366/1/25 365/1/23
f 28/1/26 367/1/27 366/1/25
f 30/1/28 368/1/29 367/1/27
f 32/1/30 369/1/31 368/1/29
f 34/1/32 370/1/33 369/1/31
f 36/1/34 371/1/35 370/1/33
f 38/1/36 372/1/37 371/1/35
f 40/1/38 373/1/39 372/1/37
f 42/1/40 374/1/41 373/1/39
f 374/1/41 46/1/42 375/1/43
f 375/1/43 48/1/44 376/1/45
f 48/1/44 377/1/46 376/1/45
f 50/1/47 378/1/48 377/1/46
f 52/1/49 379/1/50 378/1/48
f 54/1/51 380/1/52 379/1/50
f 56/1/53 381/1/54 380/1/52
f 58/1/55 382/1/56 381/1/54
f 60/1/57 383/1/58 382/1/56
f 62/1/59 384/1/60 383/1/58
f 64/1/61 353/1/3 384/1/60
f 96/1/62 256/1/3 255/1/60
f 95/1/63 255/1/60 254/1/58
f 94/1/64 254/1/58 253/1/56
f 93/1/65 253/1/56 252/1/54
f 92/1/66 252/1/54 251/1/52
f 91/1/67 251/1/52 250/1/50
f 90/1/68 250/1/50 249/1/48
f 89/1/69 249/1/48 248/1/46
f 88/1/70 248/1/46 247/1/45
f 87/1/71 247/1/45 246/1/43
f 86/1/72 246/1/43 245/1/41
f 85/1/73 245/1/41 244/1/39
f 84/1/74 244/1/39 243/1/37
f 83/1/75 243/1/37 242/1/35
f 82/1/76 242/1/35 241/1/33
f 81/1/77 241/1/33 240/1/31
f 80/1/78 240/1/31 239/1/29
f 79/1/79 239/1/29 238/1/27
f 78/1/80 238/1/27 237/1/25
f 77/1/81 237/1/25 236/1/23
f 76/1/82 236/1/23 235/1/21
f 75/1/83 235/1/21 234/1/20
f 74/1/84 234/1/20 233/1/18
f 73/1/85 233/1/18 232/1/16
f 72/1/86 232/1/16 231/1/14
f 230/1/13 72/1/86 231/1/14
f 70/1/87 230/1/13 229/1/11
f 69/1/88 229/1/11 228/1/9
f 68/1/89 228/1/9 227/1/7
f 67/1/90 227/1/7 226/1/5
f 66/1/91 226/1/5 225/1/2
f 65/1/92 225/1/2 256/1/3
f 116/1/93 163/1/94 115/1/95
f 67/1/90 134/1/96 68/1/89
f 65/1/92 190/1/97 191/1/98
f 94/1/64 188/1/99 95/1/63
f 121/1/100 177/1/101 175/1/102
f 74/1/84 144/1/103 146/1/104
f 119/1/105 173/1/106 171/1/107
f 72/1/86 140/1/108 142/1/109
f 100/1/110 135/1/111 133/1/112
f 98/1/113 131/1/114 129/1/115
f 126/1/116 183/1/117 125/1/118
f 77/1/81 154/1/119 78/1/80
f 124/1/120 179/1/121 123/1/122
f 75/1/83 150/1/123 76/1/82
f 104/1/124 143/1/125 141/1/126
f 103/1/127 137/1/128 102/1/129
f 82/1/76 160/1/130 162/1/131
f 127/1/132 189/1/133 187/1/134
f 79/1/79 158/1/135 80/1/78
f 109/1/136 149/1/137 108/1/138
f 106/1/139 147/1/140 145/1/141
f 85/1/73 170/1/142 86/1/72
f 84/1/74 164/1/143 166/1/144
f 113/1/145 157/1/146 112/1/147
f 110/1/148 155/1/149 153/1/150
f 89/1/69 178/1/151 90/1/68
f 87/1/71 174/1/152 88/1/70
f 117/1/153 165/1/154 116/1/93
f 68/1/89 136/1/155 69/1/88
f 115/1/95 161/1/156 114/1/157
f 66/1/91 132/1/158 67/1/90
f 93/1/65 186/1/159 94/1/64
f 189/1/133 289/1/3 320/1/60
f 187/1/134 320/1/60 319/1/58
f 185/1/160 319/1/58 318/1/56
f 183/1/117 318/1/56 317/1/54
f 181/1/161 317/1/54 316/1/52
f 179/1/121 316/1/52 315/1/50
f 177/1/101 315/1/50 314/1/48
f 175/1/102 314/1/48 313/1/46
f 173/1/106 313/1/46 312/1/45
f 171/1/107 312/1/45 311/1/43
f 169/1/162 311/1/43 310/1/41
f 167/1/163 310/1/41 309/1/39
f 165/1/154 309/1/39 308/1/37
f 163/1/94 308/1/37 307/1/35
f 161/1/156 307/1/35 306/1/33
f 159/1/164 306/1/33 305/1/31
f 157/1/146 305/1/31 304/1/29
f 155/1/149 304/1/29 303/1/27
f 153/1/150 303/1/27 302/1/25
f 151/1/165 302/1/25 301/1/23
f 149/1/137 301/1/23 300/1/21
f 147/1/140 300/1/21 299/1/20
f 145/1/141 299/1/20 298/1/18
f 297/1/16 145/1/141 298/1/18
f 141/1/126 297/1/16 296/1/14
f 139/1/166 296/1/14 295/1/13
f 137/1/128 295/1/13 294/1/11
f 135/1/111 294/1/11 293/1/9
f 133/1/112 293/1/9 292/1/7
f 131/1/114 292/1/7 291/1/5
f 129/1/115 291/1/5 290/1/2
f 192/1/167 290/1/2 289/1/3
f 69/1/88 138/1/168 70/1/87
f 117/1/153 169/1/162 167/1/163
f 91/1/67 178/1/151 180/1/169
f 93/1/65 182/1/170 184/1/171
f 111/1/172 157/1/146 155/1/149
f 66/1/91 191/1/98 130/1/173
f 113/1/145 161/1/156 159/1/164
f 86/1/72 172/1/174 87/1/71
f 89/1/69 174/1/152 176/1/175
f 107/1/176 149/1/137 147/1/140
f 109/1/136 153/1/150 151/1/165
f 82/1/76 164/1/143 83/1/75
f 85/1/73 166/1/144 168/1/177
f 104/1/124 139/1/166 103/1/127
f 106/1/139 143/1/125 105/1/178
f 78/1/80 156/1/179 79/1/79
f 126/1/116 187/1/134 185/1/160
f 81/1/77 158/1/135 160/1/130
f 97/1/180 189/1/133 128/1/181
f 99/1/182 133/1/112 131/1/114
f 101/1/183 137/1/128 135/1/111
f 74/1/84 148/1/184 75/1/83
f 123/1/122 177/1/101 122/1/185
f 77/1/81 150/1/123 152/1/186
f 125/1/118 181/1/161 124/1/120
f 95/1/63 190/1/97 96/1/62
f 98/1/113 192/1/167 97/1/180
f 71/1/187 138/1/168 140/1/108
f 118/1/188 171/1/107 169/1/162
f 72/1/86 144/1/103 73/1/85
f 121/1/100 173/1/106 120/1/189
f 92/1/66 180/1/169 182/1/170
f 60/1/57 223/1/190 62/1/59
f 62/1/59 224/1/191 64/1/61
f 58/1/55 220/1/192 221/1/193
f 50/1/47 218/1/194 52/1/49
f 44/1/195 215/1/196 46/1/42
f 34/1/32 210/1/197 36/1/34
f 48/1/44 215/1/196 216/1/198
f 28/1/26 207/1/199 30/1/28
f 42/1/40 212/1/200 213/1/201
f 30/1/28 208/1/202 32/1/30
f 12/1/203 199/1/204 14/1/12
f 26/1/24 204/1/205 205/1/206
f 18/1/17 202/1/207 20/1/208
f 10/1/10 196/1/209 197/1/210
f 4/1/4 193/1/211 194/1/212
f 16/1/15 199/1/204 200/1/213
f 64/1/61 193/1/211 2/1/1
f 60/1/57 221/1/193 222/1/214
f 54/1/51 218/1/194 219/1/215
f 44/1/195 213/1/201 214/1/216
f 56/1/53 219/1/215 220/1/192
f 36/1/34 211/1/217 38/1/36
f 48/1/44 217/1/218 50/1/47
f 26/1/24 206/1/219 28/1/26
f 40/1/38 211/1/217 212/1/200
f 20/1/208 203/1/220 22/1/19
f 32/1/30 209/1/221 34/1/32
f 24/1/22 203/1/220 204/1/205
f 6/1/6 194/1/212 195/1/222
f 18/1/17 200/1/213 201/1/223
f 10/1/10 198/1/224 12/1/203
f 8/1/8 195/1/222 196/1/209
f 256/1/3 3/1/2 1/1/3
f 225/1/2 5/1/5 3/1/2
f 226/1/5 7/1/7 5/1/5
f 227/1/7 9/1/9 7/1/7
f 9/1/9 229/1/11 11/1/11
f 229/1/11 13/1/13 11/1/11
f 13/1/13 231/1/14 15/1/14
f 231/1/14 17/1/16 15/1/14
f 232/1/16 19/1/18 17/1/16
f 233/1/18 21/1/20 19/1/18
f 234/1/20 23/1/21 21/1/20
f 235/1/21 25/1/23 23/1/21
f 236/1/23 27/1/25 25/1/23
f 237/1/25 29/1/27 27/1/25
f 238/1/27 31/1/29 29/1/27
f 239/1/29 33/1/31 31/1/29
f 240/1/31 35/1/33 33/1/31
f 35/1/33 242/1/35 37/1/35
f 37/1/35 243/1/37 39/1/37
f 39/1/37 244/1/39 41/1/39
f 244/1/39 43/1/41 41/1/39
f 245/1/41 45/1/43 43/1/41
f 246/1/43 47/1/45 45/1/43
f 47/1/45 248/1/46 49/1/46
f 49/1/46 249/1/48 51/1/48
f 249/1/48 53/1/50 51/1/48
f 250/1/50 55/1/52 53/1/50
f 251/1/52 57/1/54 55/1/52
f 252/1/54 59/1/56 57/1/54
f 253/1/56 61/1/58 59/1/56
f 254/1/58 63/1/60 61/1/58
f 255/1/60 1/1/3 63/1/60
f 288/1/3 130/1/173 191/1/98
f 257/1/2 132/1/158 130/1/173
f 258/1/5 134/1/96 132/1/158
f 259/1/7 136/1/155 134/1/96
f 260/1/9 138/1/168 136/1/155
f 261/1/11 140/1/108 138/1/168
f 262/1/13 142/1/109 140/1/108
f 263/1/14 144/1/103 142/1/109
f 264/1/16 146/1/104 144/1/103
f 265/1/18 148/1/184 146/1/104
f 266/1/20 150/1/123 148/1/184
f 267/1/21 152/1/186 150/1/123
f 268/1/23 154/1/119 152/1/186
f 269/1/25 156/1/179 154/1/119
f 270/1/27 158/1/135 156/1/179
f 271/1/29 160/1/130 158/1/135
f 272/1/31 162/1/131 160/1/130
f 273/1/33 164/1/143 162/1/131
f 274/1/35 166/1/144 164/1/143
f 275/1/37 168/1/177 166/1/144
f 276/1/39 170/1/142 168/1/177
f 277/1/41 172/1/174 170/1/142
f 278/1/43 174/1/152 172/1/174
f 279/1/45 176/1/175 174/1/152
f 280/1/46 178/1/151 176/1/175
f 281/1/48 180/1/169 178/1/151
f 282/1/50 182/1/170 180/1/169
f 283/1/52 184/1/171 182/1/170
f 284/1/54 186/1/159 184/1/171
f 285/1/56 188/1/99 186/1/159
f 286/1/58 190/1/97 188/1/99
f 287/1/60 191/1/98 190/1/97
f 289/1/3 257/1/2 288/1/3
f 290/1/2 258/1/5 257/1/2
f 291/1/5 259/1/7 258/1/5
f 292/1/7 260/1/9 259/1/7
f 293/1/9 261/1/11 260/1/9
f 294/1/11 262/1/13 261/1/11
f 295/1/13 263/1/14 262/1/13
f 296/1/14 264/1/16 263/1/14
f 297/1/16 265/1/18 264/1/16
f 298/1/18 266/1/20 265/1/18
f 299/1/20 267/1/21 266/1/20
f 300/1/21 268/1/23 267/1/21
f 301/1/23 269/1/25 268/1/23
f 302/1/25 270/1/27 269/1/25
f 303/1/27 271/1/29 270/1/27
f 304/1/29 272/1/31 271/1/29
f 272/1/31 306/1/33 273/1/33
f 273/1/33 307/1/35 274/1/35
f 307/1/35 275/1/37 274/1/35
f 308/1/37 276/1/39 275/1/37
f 309/1/39 277/1/41 276/1/39
f 310/1/41 278/1/43 277/1/41
f 311/1/43 279/1/45 278/1/43
f 312/1/45 280/1/46 279/1/45
f 313/1/46 281/1/48 280/1/46
f 314/1/48 282/1/50 281/1/48
f 315/1/50 283/1/52 282/1/50
f 316/1/52 284/1/54 283/1/52
f 317/1/54 285/1/56 284/1/54
f 318/1/56 286/1/58 285/1/56
f 319/1/58 287/1/60 286/1/58
f 320/1/60 288/1/3 287/1/60
f 352/1/60 97/1/180 128/1/181
f 351/1/58 128/1/181 127/1/132
f 350/1/56 127/1/132 126/1/116
f 349/1/54 126/1/116 125/1/118
f 348/1/52 125/1/118 124/1/120
f 347/1/50 124/1/120 123/1/122
f 346/1/48 123/1/122 122/1/185
f 345/1/46 122/1/185 121/1/100
f 344/1/45 121/1/100 120/1/189
f 343/1/43 120/1/189 119/1/105
f 342/1/41 119/1/105 118/1/188
f 341/1/39 118/1/188 117/1/153
f 340/1/37 117/1/153 116/1/93
f 339/1/35 116/1/93 115/1/95
f 338/1/33 115/1/95 114/1/157
f 337/1/31 114/1/157 113/1/145
f 336/1/29 113/1/145 112/1/147
f 335/1/27 112/1/147 111/1/172
f 334/1/25 111/1/172 110/1/148
f 333/1/23 110/1/148 109/1/136
f 332/1/21 109/1/136 108/1/138
f 331/1/20 108/1/138 107/1/176
f 330/1/18 107/1/176 106/1/139
f 105/1/178 330/1/18 106/1/139
f 328/1/14 105/1/178 104/1/124
f 327/1/13 104/1/124 103/1/127
f 326/1/11 103/1/127 102/1/129
f 325/1/9 102/1/129 101/1/183
f 324/1/7 101/1/183 100/1/110
f 323/1/5 100/1/110 99/1/182
f 322/1/2 99/1/182 98/1/113
f 321/1/3 98/1/113 97/1/180
f 384/1/60 321/1/3 352/1/60
f 383/1/58 352/1/60 351/1/58
f 382/1/56 351/1/58 350/1/56
f 381/1/54 350/1/56 349/1/54
f 380/1/52 349/1/54 348/1/52
f 379/1/50 348/1/52 347/1/50
f 378/1/48 347/1/50 346/1/48
f 377/1/46 346/1/48 345/1/46
f 376/1/45 345/1/46 344/1/45
f 375/1/43 344/1/45 343/1/43
f 374/1/41 343/1/43 342/1/41
f 373/1/39 342/1/41 341/1/39
f 372/1/37 341/1/39 340/1/37
f 371/1/35 340/1/37 339/1/35
f 370/1/33 339/1/35 338/1/33
f 369/1/31 338/1/33 337/1/31
f 368/1/29 337/1/31 336/1/29
f 367/1/27 336/1/29 335/1/27
f 366/1/25 335/1/27 334/1/25
f 365/1/23 334/1/25 333/1/23
f 364/1/21 333/1/23 332/1/21
f 363/1/20 332/1/21 331/1/20
f 362/1/18 331/1/20 330/1/18
f 361/1/16 330/1/18 329/1/16
f 360/1/14 329/1/16 328/1/14
f 359/1/13 328/1/14 327/1/13
f 326/1/11 359/1/13 327/1/13
f 357/1/9 326/1/11 325/1/9
f 356/1/7 325/1/9 324/1/7
f 355/1/5 324/1/7 323/1/5
f 354/1/2 323/1/5 322/1/2
f 353/1/3 322/1/2 321/1/3
f 2/1/1 4/1/4 354/1/2
f 4/1/4 6/1/6 355/1/5
f 6/1/6 8/1/8 356/1/7
f 8/1/8 10/1/10 357/1/9
f 10/1/10 12/1/203 358/1/11
f 358/1/11 12/1/203 14/1/12
f 14/1/12 16/1/15 360/1/14
f 16/1/15 18/1/17 361/1/16
f 18/1/17 20/1/208 362/1/18
f 362/1/18 20/1/208 22/1/19
f 22/1/19 24/1/22 364/1/21
f 24/1/22 26/1/24 365/1/23
f 26/1/24 28/1/26 366/1/25
f 28/1/26 30/1/28 367/1/27
f 30/1/28 32/1/30 368/1/29
f 32/1/30 34/1/32 369/1/31
f 34/1/32 36/1/34 370/1/33
f 36/1/34 38/1/36 371/1/35
f 38/1/36 40/1/38 372/1/37
f 40/1/38 42/1/40 373/1/39
f 42/1/40 44/1/195 374/1/41
f 374/1/41 44/1/195 46/1/42
f 375/1/43 46/1/42 48/1/44
f 48/1/44 50/1/47 377/1/46
f 50/1/47 52/1/49 378/1/48
f 52/1/49 54/1/51 379/1/50
f 54/1/51 56/1/53 380/1/52
f 56/1/53 58/1/55 381/1/54
f 58/1/55 60/1/57 382/1/56
f 60/1/57 62/1/59 383/1/58
f 62/1/59 64/1/61 384/1/60
f 64/1/61 2/1/1 353/1/3
f 96/1/62 65/1/92 256/1/3
f 95/1/63 96/1/62 255/1/60
f 94/1/64 95/1/63 254/1/58
f 93/1/65 94/1/64 253/1/56
f 92/1/66 93/1/65 252/1/54
f 91/1/67 92/1/66 251/1/52
f 90/1/68 91/1/67 250/1/50
f 89/1/69 90/1/68 249/1/48
f 88/1/70 89/1/69 248/1/46
f 87/1/71 88/1/70 247/1/45
f 86/1/72 87/1/71 246/1/43
f 85/1/73 86/1/72 245/1/41
f 84/1/74 85/1/73 244/1/39
f 83/1/75 84/1/74 243/1/37
f 82/1/76 83/1/75 242/1/35
f 81/1/77 82/1/76 241/1/33
f 80/1/78 81/1/77 240/1/31
f 79/1/79 80/1/78 239/1/29
f 78/1/80 79/1/79 238/1/27
f 77/1/81 78/1/80 237/1/25
f 76/1/82 77/1/81 236/1/23
f 75/1/83 76/1/82 235/1/21
f 74/1/84 75/1/83 234/1/20
f 73/1/85 74/1/84 233/1/18
f 72/1/86 73/1/85 232/1/16
f 230/1/13 71/1/187 72/1/86
f 70/1/87 71/1/187 230/1/13
f 69/1/88 70/1/87 229/1/11
f 68/1/89 69/1/88 228/1/9
f 67/1/90 68/1/89 227/1/7
f 66/1/91 67/1/90 226/1/5
f 65/1/92 66/1/91 225/1/2
f 116/1/93 165/1/154 163/1/94
f 67/1/90 132/1/158 134/1/96
f 65/1/92 96/1/62 190/1/97
f 94/1/64 186/1/159 188/1/99
f 121/1/100 122/1/185 177/1/101
f 74/1/84 73/1/85 144/1/103
f 119/1/105 120/1/189 173/1/106
f 72/1/86 71/1/187 140/1/108
f 100/1/110 101/1/183 135/1/111
f 98/1/113 99/1/182 131/1/114
f 126/1/116 185/1/160 183/1/117
f 77/1/81 152/1/186 154/1/119
f 124/1/120 181/1/161 179/1/121
f 75/1/83 148/1/184 150/1/123
f 104/1/124 105/1/178 143/1/125
f 103/1/127 139/1/166 137/1/128
f 82/1/76 81/1/77 160/1/130
f 127/1/132 128/1/181 189/1/133
f 79/1/79 156/1/179 158/1/135
f 109/1/136 151/1/165 149/1/137
f 106/1/139 107/1/176 147/1/140
f 85/1/73 168/1/177 170/1/142
f 84/1/74 83/1/75 164/1/143
f 113/1/145 159/1/164 157/1/146
f 110/1/148 111/1/172 155/1/149
f 89/1/69 176/1/175 178/1/151
f 87/1/71 172/1/174 174/1/152
f 117/1/153 167/1/163 165/1/154
f 68/1/89 134/1/96 136/1/155
f 115/1/95 163/1/94 161/1/156
f 66/1/91 130/1/173 132/1/158
f 93/1/65 184/1/171 186/1/159
f 189/1/133 192/1/167 289/1/3
f 187/1/134 189/1/133 320/1/60
f 185/1/160 187/1/134 319/1/58
f 183/1/117 185/1/160 318/1/56
f 181/1/161 183/1/117 317/1/54
f 179/1/121 181/1/161 316/1/52
f 177/1/101 179/1/121 315/1/50
f 175/1/102 177/1/101 314/1/48
f 173/1/106 175/1/102 313/1/46
f 171/1/107 173/1/106 312/1/45
f 169/1/162 171/1/107 311/1/43
f 167/1/163 169/1/162 310/1/41
f 165/1/154 167/1/163 309/1/39
f 163/1/94 165/1/154 308/1/37
f 161/1/156 163/1/94 307/1/35
f 159/1/164 161/1/156 306/1/33
f 157/1/146 159/1/164 305/1/31
f 155/1/149 157/1/146 304/1/29
f 153/1/150 155/1/149 303/1/27
f 151/1/165 153/1/150 302/1/25
f 149/1/137 151/1/165 301/1/23
f 147/1/140 149/1/137 300/1/21
f 145/1/141 147/1/140 299/1/20
f 297/1/16 143/1/125 145/1/141
f 141/1/126 143/1/125 297/1/16
f 139/1/166 141/1/126 296/1/14
f 137/1/128 139/1/166 295/1/13
f 135/1/111 137/1/128 294/1/11
f 133/1/112 135/1/111 293/1/9
f 131/1/114 133/1/112 292/1/7
f 129/1/115 131/1/114 291/1/5
f 192/1/167 129/1/115 290/1/2
f 69/1/88 136/1/155 138/1/168
f 117/1/153 118/1/188 169/1/162
f 91/1/67 90/1/68 178/1/151
f 93/1/65 92/1/66 182/1/170
f 111/1/172 112/1/147 157/1/146
f 66/1/91 65/1/92 191/1/98
f 113/1/145 114/1/157 161/1/156
f 86/1/72 170/1/142 172/1/174
f 89/1/69 88/1/70 174/1/152
f 107/1/176 108/1/138 149/1/137
f 109/1/136 110/1/148 153/1/150
f 82/1/76 162/1/131 164/1/143
f 85/1/73 84/1/74 166/1/144
f 104/1/124 141/1/126 139/1/166
f 106/1/139 145/1/141 143/1/125
f 78/1/80 154/1/119 156/1/179
f 126/1/116 127/1/132 187/1/134
f 81/1/77 80/1/78 158/1/135
f 97/1/180 192/1/167 189/1/133
f 99/1/182 100/1/110 133/1/112
f 101/1/183 102/1/129 137/1/128
f 74/1/84 146/1/104 148/1/184
f 123/1/122 179/1/121 177/1/101
f 77/1/81 76/1/82 150/1/123
f 125/1/118 183/1/117 181/1/161
f 95/1/63 188/1/99 190/1/97
f 98/1/113 129/1/115 192/1/167
f 71/1/187 70/1/87 138/1/168
f 118/1/188 119/1/105 171/1/107
f 72/1/86 142/1/109 144/1/103
f 121/1/100 175/1/102 173/1/106
f 92/1/66 91/1/67 180/1/169
f 60/1/57 222/1/214 223/1/190
f 62/1/59 223/1/190 224/1/191
f 58/1/55 56/1/53 220/1/192
f 50/1/47 217/1/218 218/1/194
f 44/1/195 214/1/216 215/1/196
f 34/1/32 209/1/221 210/1/197
f 48/1/44 46/1/42 215/1/196
f 28/1/26 206/1/219 207/1/199
f 42/1/40 40/1/38 212/1/200
f 30/1/28 207/1/199 208/1/202
f 12/1/203 198/1/224 199/1/204
f 26/1/24 24/1/22 204/1/205
f 18/1/17 201/1/223 202/1/207
f 10/1/10 8/1/8 196/1/209
f 4/1/4 2/1/1 193/1/211
f 16/1/15 14/1/12 199/1/204
f 64/1/61 224/1/191 193/1/211
f 60/1/57 58/1/55 221/1/193
f 54/1/51 52/1/49 218/1/194
f 44/1/195 42/1/40 213/1/201
f 56/1/53 54/1/51 219/1/215
f 36/1/34 210/1/197 211/1/217
f 48/1/44 216/1/198 217/1/218
f 26/1/24 205/1/206 206/1/219
f 40/1/38 38/1/36 211/1/217
f 20/1/208 202/1/207 203/1/220
f 32/1/30 208/1/202 209/1/221
f 24/1/22 22/1/19 203/1/220
f 6/1/6 4/1/4 194/1/212
f 18/1/17 16/1/15 200/1/213
f 10/1/10 197/1/210 198/1/224
f 8/1/8 6/1/6 195/1/222
f 256/1/3 225/1/2 3/1/2
f 225/1/2 226/1/5 5/1/5
f 226/1/5 227/1/7 7/1/7
f 227/1/7 228/1/9 9/1/9
f 9/1/9 228/1/9 229/1/11
f 229/1/11 230/1/13 13/1/13
f 13/1/13 230/1/13 231/1/14
f 231/1/14 232/1/16 17/1/16
f 232/1/16 233/1/18 19/1/18
f 233/1/18 234/1/20 21/1/20
f 234/1/20 235/1/21 23/1/21
f 235/1/21 236/1/23 25/1/23
f 236/1/23 237/1/25 27/1/25
f 237/1/25 238/1/27 29/1/27
f 238/1/27 239/1/29 31/1/29
f 239/1/29 240/1/31 33/1/31
f 240/1/31 241/1/33 35/1/33
f 35/1/33 241/1/33 242/1/35
f 37/1/35 242/1/35 243/1/37
f 39/1/37 243/1/37 244/1/39
f 244/1/39 245/1/41 43/1/41
f 245/1/41 246/1/43 45/1/43
f 246/1/43 247/1/45 47/1/45
f 47/1/45 247/1/45 248/1/46
f 49/1/46 248/1/46 249/1/48
f 249/1/48 250/1/50 53/1/50
f 250/1/50 251/1/52 55/1/52
f 251/1/52 252/1/54 57/1/54
f 252/1/54 253/1/56 59/1/56
f 253/1/56 254/1/58 61/1/58
f 254/1/58 255/1/60 63/1/60
f 255/1/60 256/1/3 1/1/3
f 288/1/3 257/1/2 130/1/173
f 257/1/2 258/1/5 132/1/158
f 258/1/5 259/1/7 134/1/96
f 259/1/7 260/1/9 136/1/155
f 260/1/9 261/1/11 138/1/168
f 261/1/11 262/1/13 140/1/108
f 262/1/13 263/1/14 142/1/109
f 263/1/14 264/1/16 144/1/103
f 264/1/16 265/1/18 146/1/104
f 265/1/18 266/1/20 148/1/184
f 266/1/20 267/1/21 150/1/123
f 267/1/21 268/1/23 152/1/186
f 268/1/23 269/1/25 154/1/119
f 269/1/25 270/1/27 156/1/179
f 270/1/27 271/1/29 158/1/135
f 271/1/29 272/1/31 160/1/130
f 272/1/31 273/1/33 162/1/131
f 273/1/33 274/1/35 164/1/143
f 274/1/35 275/1/37 166/1/144
f 275/1/37 276/1/39 168/1/177
f 276/1/39 277/1/41 170/1/142
f 277/1/41 278/1/43 172/1/174
f 278/1/43 279/1/45 174/1/152
f 279/1/45 280/1/46 176/1/175
f 280/1/46 281/1/48 178/1/151
f 281/1/48 282/1/50 180/1/169
f 282/1/50 283/1/52 182/1/170
f 283/1/52 284/1/54 184/1/171
f 284/1/54 285/1/56 186/1/159
f 285/1/56 286/1/58 188/1/99
f 286/1/58 287/1/60 190/1/97
f 287/1/60 288/1/3 191/1/98
f 289/1/3 290/1/2 257/1/2
f 290/1/2 291/1/5 258/1/5
f 291/1/5 292/1/7 259/1/7
f 292/1/7 293/1/9 260/1/9
f 293/1/9 294/1/11 261/1/11
f 294/1/11 295/1/13 262/1/13
f 295/1/13 296/1/14 263/1/14
f 296/1/14 297/1/16 264/1/16
f 297/1/16 298/1/18 265/1/18
f 298/1/18 299/1/20 266/1/20
f 299/1/20 300/1/21 267/1/21
f 300/1/21 301/1/23 268/1/23
f 301/1/23 302/1/25 269/1/25
f 302/1/25 303/1/27 270/1/27
f 303/1/27 304/1/29 271/1/29
f 304/1/29 305/1/31 272/1/31
f 272/1/31 305/1/31 306/1/33
f 273/1/33 306/1/33 307/1/35
f 307/1/35 308/1/37 275/1/37
f 308/1/37 309/1/39 276/1/39
f 309/1/39 310/1/41 277/1/41
f 310/1/41 311/1/43 278/1/43
f 311/1/43 312/1/45 279/1/45
f 312/1/45 313/1/46 280/1/46
f 313/1/46 314/1/48 281/1/48
f 314/1/48 315/1/50 282/1/50
f 315/1/50 316/1/52 283/1/52
f 316/1/52 317/1/54 284/1/54
f 317/1/54 318/1/56 285/1/56
f 318/1/56 319/1/58 286/1/58
f 319/1/58 320/1/60 287/1/60
f 320/1/60 289/1/3 288/1/3
f 352/1/60 321/1/3 97/1/180
f 351/1/58 352/1/60 128/1/181
f 350/1/56 351/1/58 127/1/132
f 349/1/54 350/1/56 126/1/116
f 348/1/52 349/1/54 125/1/118
f 347/1/50 348/1/52 124/1/120
f 346/1/48 347/1/50 123/1/122
f 345/1/46 346/1/48 122/1/185
f 344/1/45 345/1/46 121/1/100
f 343/1/43 344/1/45 120/1/189
f 342/1/41 343/1/43 119/1/105
f 341/1/39 342/1/41 118/1/188
f 340/1/37 341/1/39 117/1/153
f 339/1/35 340/1/37 116/1/93
f 338/1/33 339/1/35 115/1/95
f 337/1/31 338/1/33 114/1/157
f 336/1/29 337/1/31 113/1/145
f 335/1/27 336/1/29 112/1/147
f 334/1/25 335/1/27 111/1/172
f 333/1/23 334/1/25 110/1/148
f 332/1/21 333/1/23 109/1/136
f 331/1/20 332/1/21 108/1/138
f 330/1/18 331/1/20 107/1/176
f 105/1/178 329/1/16 330/1/18
f 328/1/14 329/1/16 105/1/178
f 327/1/13 328/1/14 104/1/124
f 326/1/11 327/1/13 103/1/127
f 325/1/9 326/1/11 102/1/129
f 324/1/7 325/1/9 101/1/183
f 323/1/5 324/1/7 100/1/110
f 322/1/2 323/1/5 99/1/182
f 321/1/3 322/1/2 98/1/113
f 384/1/60 353/1/3 321/1/3
f 383/1/58 384/1/60 352/1/60
f 382/1/56 383/1/58 351/1/58
f 381/1/54 382/1/56 350/1/56
f 380/1/52 381/1/54 349/1/54
f 379/1/50 380/1/52 348/1/52
f 378/1/48 379/1/50 347/1/50
f 377/1/46 378/1/48 346/1/48
f 376/1/45 377/1/46 345/1/46
f 375/1/43 376/1/45 344/1/45
f 374/1/41 375/1/43 343/1/43
f 373/1/39 374/1/41 342/1/41
f 372/1/37 373/1/39 341/1/39
f 371/1/35 372/1/37 340/1/37
f 370/1/33 371/1/35 339/1/35
f 369/1/31 370/1/33 338/1/33
f 368/1/29 369/1/31 337/1/31
f 367/1/27 368/1/29 336/1/29
f 366/1/25 367/1/27 335/1/27
f 365/1/23 366/1/25 334/1/25
f 364/1/21 365/1/23 333/1/23
f 363/1/20 364/1/21 332/1/21
f 362/1/18 363/1/20 331/1/20
f 361/1/16 362/1/18 330/1/18
f 360/1/14 361/1/16 329/1/16
f 359/1/13 360/1/14 328/1/14
f 326/1/11 358/1/11 359/1/13
f 357/1/9 358/1/11 326/1/11
f 356/1/7 357/1/9 325/1/9
f 355/1/5 356/1/7 324/1/7
f 354/1/2 355/1/5 323/1/5
f 353/1/3 354/1/2 322/1/2
f 388/2/225 385/3/226 386/4/227
f 390/5/228 387/6/229 388/2/225
f 390/5/228 391/7/230 389/8/231
f 392/9/232 393/10/233 391/7/230
f 394/11/234 395/12/235 393/10/233
f 396/13/236 397/14/237 395/12/235
f 398/15/238 399/16/239 397/14/237
f 400/17/240 401/18/241 399/16/239
f 402/19/242 403/20/243 401/18/241
f 404/21/244 405/22/245 403/20/243
f 406/23/246 407/24/247 405/22/245
f 408/25/248 409/26/249 407/24/247
f 410/27/250 411/28/251 409/26/249
f 412/29/252 413/30/253 411/28/251
f 414/31/254 415/32/255 413/30/253
f 416/33/256 417/34/257 415/32/255
f 418/35/258 419/36/259 417/34/257
f 420/37/260 421/38/261 419/36/259
f 422/39/262 423/40/263 421/38/261
f 424/41/264 425/42/265 423/40/263
f 426/43/266 427/44/267 425/42/265
f 428/45/268 429/46/269 427/44/267
f 430/47/270 431/48/271 429/46/269
f 432/49/272 433/50/273 431/48/271
f 434/51/274 435/52/275 433/50/273
f 436/53/276 437/54/277 435/52/275
f 438/55/278 439/56/279 437/54/277
f 440/57/280 441/58/281 439/56/279
f 442/59/282 443/60/283 441/58/281
f 444/61/284 445/62/285 443/60/283
f 448/63/286 445/62/285 446/64/287
f 450/65/288 447/66/289 448/63/286
f 452/67/290 449/68/291 450/65/288
f 454/69/292 451/70/293 452/67/290
f 454/69/292 455/71/294 453/72/295
f 456/73/296 457/74/297 455/71/294
f 458/75/298 459/76/299 457/77/297
f 460/78/300 461/79/301 459/76/299
f 462/80/302 463/81/303 461/79/301
f 464/82/304 465/83/305 463/81/303
f 466/84/306 467/85/307 465/83/305
f 468/86/308 469/87/309 467/85/307
f 470/88/310 471/89/311 469/87/309
f 472/90/312 473/91/313 471/89/311
f 474/92/314 475/93/315 473/91/313
f 478/94/316 475/93/315 476/95/317
f 480/96/318 477/97/319 478/94/316
f 386/4/227 479/98/320 480/96/318
f 481/99/321 484/100/322 482/101/323
f 483/102/324 486/103/325 484/100/322
f 486/103/325 487/104/326 488/105/327
f 488/105/327 489/106/328 490/107/329
f 490/107/329 491/108/330 492/109/331
f 492/109/331 493/110/332 494/111/333
f 494/111/333 495/112/334 496/113/335
f 496/113/335 497/114/336 498/115/337
f 498/115/337 499/116/338 500/117/339
f 500/117/339 501/118/340 502/119/341
f 502/119/341 503/120/342 504/121/343
f 504/121/343 505/122/344 506/123/345
f 506/123/345 507/124/346 508/125/347
f 508/125/347 509/126/348 510/127/349
f 510/127/349 511/128/350 512/129/351
f 512/129/351 513/130/352 514/131/353
f 514/131/353 515/132/354 516/133/355
f 516/133/355 517/134/356 518/135/357
f 518/135/357 519/136/358 520/137/359
f 520/137/359 521/138/360 522/139/361
f 522/139/361 523/140/362 524/141/363
f 524/141/363 525/142/364 526/143/365
f 526/143/365 527/144/366 528/145/367
f 528/145/367 529/146/368 530/147/369
f 530/147/369 531/148/370 532/149/371
f 532/149/371 533/150/372 534/151/373
f 534/151/373 535/152/374 536/153/375
f 536/153/375 537/154/376 538/155/377
f 538/155/377 539/156/378 540/157/379
f 540/157/379 541/158/380 542/159/381
f 541/158/380 544/160/382 542/159/381
f 543/161/383 546/162/384 544/160/382
f 545/163/385 548/164/386 546/162/384
f 547/165/387 550/166/388 548/164/386
f 550/166/388 551/167/389 552/168/390
f 552/168/390 553/169/391 554/170/392
f 554/171/392 555/172/393 556/173/394
f 556/173/394 557/174/395 558/175/396
f 558/175/396 559/176/397 560/177/398
f 560/177/398 561/178/399 562/179/400
f 562/179/400 563/180/401 564/181/402
f 564/181/402 565/182/403 566/183/404
f 566/183/404 567/184/405 568/185/406
f 568/185/406 569/186/407 570/187/408
f 570/187/408 571/188/409 572/189/410
f 571/188/409 574/190/411 572/189/410
f 573/191/412 576/192/413 574/190/411
f 575/193/414 482/101/323 576/192/413
f 435/52/275 533/194/372 531/195/370
f 409/26/249 507/196/346 505/197/344
f 450/65/288 548/164/386 452/67/290
f 408/25/248 506/123/345 410/27/250
f 448/63/286 546/162/384 450/65/288
f 406/23/246 504/121/343 408/25/248
f 474/92/314 568/185/406 570/187/408
f 427/44/267 525/198/364 523/199/362
f 394/11/234 488/105/327 490/107/329
f 413/30/253 511/200/350 509/201/348
f 420/37/260 518/135/357 422/39/262
f 476/95/317 570/187/408 572/189/410
f 435/52/275 529/202/368 433/50/273
f 392/9/232 486/103/325 488/105/327
f 415/32/255 513/203/352 511/200/350
f 443/60/283 541/204/380 539/205/378
f 457/77/297 555/206/393 553/207/391
f 463/81/303 561/208/399 559/209/397
f 418/35/258 516/133/355 420/37/260
f 404/21/244 502/119/341 406/23/246
f 425/42/265 523/199/362 521/210/360
f 397/14/237 491/211/330 395/12/235
f 461/79/301 559/209/397 557/212/395
f 442/59/282 536/153/375 538/155/377
f 478/94/316 572/189/410 574/190/411
f 441/58/281 539/205/378 537/213/376
f 390/5/228 484/100/322 486/103/325
f 440/57/280 534/151/373 536/153/375
f 471/89/311 569/214/407 567/215/405
f 431/48/271 525/198/364 429/46/269
f 404/21/244 498/115/337 500/117/339
f 469/87/309 567/215/405 565/216/403
f 433/50/273 527/217/366 431/48/271
f 395/12/235 489/218/328 393/10/233
f 478/94/316 576/192/413 480/96/318
f 445/62/285 543/219/383 541/204/380
f 457/74/297 551/220/389 455/71/294
f 467/85/307 565/216/403 563/221/401
f 412/29/252 510/127/349 414/31/254
f 386/4/227 484/100/322 388/2/225
f 447/66/289 545/222/385 543/219/383
f 455/71/294 549/223/415 453/72/295
f 458/224/298 552/168/390 554/170/392
f 399/16/239 493/225/332 397/14/237
f 436/53/276 534/151/373 438/55/278
f 479/98/320 481/226/321 575/227/414
f 453/72/295 547/228/387 451/70/293
f 434/51/274 528/145/367 530/147/369
f 460/78/300 554/171/392 556/173/394
f 421/38/261 519/229/358 517/230/356
f 410/27/250 508/125/347 412/29/252
f 399/16/239 497/231/336 495/232/334
f 423/40/263 521/210/360 519/229/358
f 430/47/270 524/141/363 526/143/365
f 436/53/276 530/147/369 532/149/371
f 405/22/245 503/233/342 501/234/340
f 477/97/319 571/235/409 475/93/315
f 414/31/254 512/129/351 416/33/256
f 407/24/247 505/197/344 503/233/342
f 465/83/305 563/221/401 561/208/399
f 419/36/259 517/230/356 515/236/354
f 460/78/300 558/175/396 462/80/302
f 446/64/287 540/157/379 542/159/381
f 391/7/230 485/237/416 389/8/231
f 464/82/304 562/179/400 466/84/306
f 426/43/266 524/141/363 428/45/268
f 400/17/240 498/115/337 402/19/242
f 393/10/233 487/238/326 391/7/230
f 403/20/243 501/234/340 499/239/338
f 449/68/291 547/228/387 545/222/385
f 470/88/310 564/181/402 566/183/404
f 462/80/302 560/177/398 464/82/304
f 442/59/282 540/157/379 444/61/284
f 416/33/256 514/131/353 418/35/258
f 432/49/272 526/143/365 528/145/367
f 417/34/257 515/236/354 513/203/352
f 398/15/238 492/109/331 494/111/333
f 387/6/229 485/237/416 483/240/324
f 473/91/313 571/235/409 569/214/407
f 454/69/292 548/164/386 550/166/388
f 446/64/287 544/160/382 448/63/286
f 401/18/241 499/239/338 497/231/336
f 472/90/312 566/183/404 568/185/406
f 437/54/277 535/241/374 533/194/372
f 396/13/236 490/107/329 492/109/331
f 386/4/227 576/192/413 482/101/323
f 411/28/251 509/201/348 507/196/346
f 477/97/319 575/227/414 573/242/412
f 439/56/279 537/213/376 535/241/374
f 424/41/264 522/139/361 426/43/266
f 385/3/226 483/240/324 481/226/321
f 456/73/296 550/166/388 552/168/390
f 468/86/308 562/179/400 564/181/402
f 459/76/299 557/212/395 555/206/393
f 422/39/262 520/137/359 424/41/264
f 400/17/240 494/111/333 496/113/335
f 388/2/225 387/6/229 385/3/226
f 390/5/228 389/8/231 387/6/229
f 390/5/228 392/9/232 391/7/230
f 392/9/232 394/11/234 393/10/233
f 394/11/234 396/13/236 395/12/235
f 396/13/236 398/15/238 397/14/237
f 398/15/238 400/17/240 399/16/239
f 400/17/240 402/19/242 401/18/241
f 402/19/242 404/21/244 403/20/243
f 404/21/244 406/23/246 405/22/245
f 406/23/246 408/25/248 407/24/247
f 408/25/248 410/27/250 409/26/249
f 410/27/250 412/29/252 411/28/251
f 412/29/252 414/31/254 413/30/253
f 414/31/254 416/33/256 415/32/255
f 416/33/256 418/35/258 417/34/257
f 418/35/258 420/37/260 419/36/259
f 420/37/260 422/39/262 421/38/261
f 422/39/262 424/41/264 423/40/263
f 424/41/264 426/43/266 425/42/265
f 426/43/266 428/45/268 427/44/267
f 428/45/268 430/47/270 429/46/269
f 430/47/270 432/49/272 431/48/271
f 432/49/272 434/51/274 433/50/273
f 434/51/274 436/53/276 435/52/275
f 436/53/276 438/55/278 437/54/277
f 438/55/278 440/57/280 439/56/279
f 440/57/280 442/59/282 441/58/281
f 442/59/282 444/61/284 443/60/283
f 444/61/284 446/64/287 445/62/285
f 448/63/286 447/66/289 445/62/285
f 450/65/288 449/68/291 447/66/289
f 452/67/290 451/70/293 449/68/291
f 454/69/292 453/72/295 451/70/293
f 454/69/292 456/73/296 455/71/294
f 456/73/296 458/224/298 457/74/297
f 458/75/298 460/78/300 459/76/299
f 460/78/300 462/80/302 461/79/301
f 462/80/302 464/82/304 463/81/303
f 464/82/304 466/84/306 465/83/305
f 466/84/306 468/86/308 467/85/307
f 468/86/308 470/88/310 469/87/309
f 470/88/310 472/90/312 471/89/311
f 472/90/312 474/92/314 473/91/313
f 474/92/314 476/95/317 475/93/315
f 478/94/316 477/97/319 475/93/315
f 480/96/318 479/98/320 477/97/319
f 386/4/227 385/3/226 479/98/320
f 481/99/321 483/102/324 484/100/322
f 483/102/324 485/243/416 486/103/325
f 486/103/325 485/243/416 487/104/326
f 488/105/327 487/104/326 489/106/328
f 490/107/329 489/106/328 491/108/330
f 492/109/331 491/108/330 493/110/332
f 494/111/333 493/110/332 495/112/334
f 496/113/335 495/112/334 497/114/336
f 498/115/337 497/114/336 499/116/338
f 500/117/339 499/116/338 501/118/340
f 502/119/341 501/118/340 503/120/342
f 504/121/343 503/120/342 505/122/344
f 506/123/345 505/122/344 507/124/346
f 508/125/347 507/124/346 509/126/348
f 510/127/349 509/126/348 511/128/350
f 512/129/351 511/128/350 513/130/352
f 514/131/353 513/130/352 515/132/354
f 516/133/355 515/132/354 517/134/356
f 518/135/357 517/134/356 519/136/358
f 520/137/359 519/136/358 521/138/360
f 522/139/361 521/138/360 523/140/362
f 524/141/363 523/140/362 525/142/364
f 526/143/365 525/142/364 527/144/366
f 528/145/367 527/144/366 529/146/368
f 530/147/369 529/146/368 531/148/370
f 532/149/371 531/148/370 533/150/372
f 534/151/373 533/150/372 535/152/374
f 536/153/375 535/152/374 537/154/376
f 538/155/377 537/154/376 539/156/378
f 540/157/379 539/156/378 541/158/380
f 541/158/380 543/161/383 544/160/382
f 543/161/383 545/163/385 546/162/384
f 545/163/385 547/165/387 548/164/386
f 547/165/387 549/244/415 550/166/388
f 550/166/388 549/244/415 551/167/389
f 552/168/390 551/167/389 553/169/391
f 554/171/392 553/245/391 555/172/393
f 556/173/394 555/172/393 557/174/395
f 558/175/396 557/174/395 559/176/397
f 560/177/398 559/176/397 561/178/399
f 562/179/400 561/178/399 563/180/401
f 564/181/402 563/180/401 565/182/403
f 566/183/404 565/182/403 567/184/405
f 568/185/406 567/184/405 569/186/407
f 570/187/408 569/186/407 571/188/409
f 571/188/409 573/191/412 574/190/411
f 573/191/412 575/193/414 576/192/413
f 575/193/414 481/99/321 482/101/323
f 435/52/275 437/54/277 533/194/372
f 409/26/249 411/28/251 507/196/346
f 450/65/288 546/162/384 548/164/386
f 408/25/248 504/121/343 506/123/345
f 448/63/286 544/160/382 546/162/384
f 406/23/246 502/119/341 504/121/343
f 474/92/314 472/90/312 568/185/406
f 427/44/267 429/46/269 525/198/364
f 394/11/234 392/9/232 488/105/327
f 413/30/253 415/32/255 511/200/350
f 420/37/260 516/133/355 518/135/357
f 476/95/317 474/92/314 570/187/408
f 435/52/275 531/195/370 529/202/368
f 392/9/232 390/5/228 486/103/325
f 415/32/255 417/34/257 513/203/352
f 443/60/283 445/62/285 541/204/380
f 457/77/297 459/76/299 555/206/393
f 463/81/303 465/83/305 561/208/399
f 418/35/258 514/131/353 516/133/355
f 404/21/244 500/117/339 502/119/341
f 425/42/265 427/44/267 523/199/362
f 397/14/237 493/225/332 491/211/330
f 461/79/301 463/81/303 559/209/397
f 442/59/282 440/57/280 536/153/375
f 478/94/316 476/95/317 572/189/410
f 441/58/281 443/60/283 539/205/378
f 390/5/228 388/2/225 484/100/322
f 440/57/280 438/55/278 534/151/373
f 471/89/311 473/91/313 569/214/407
f 431/48/271 527/217/366 525/198/364
f 404/21/244 402/19/242 498/115/337
f 469/87/309 471/89/311 567/215/405
f 433/50/273 529/202/368 527/217/366
f 395/12/235 491/211/330 489/218/328
f 478/94/316 574/190/411 576/192/413
f 445/62/285 447/66/289 543/219/383
f 457/74/297 553/246/391 551/220/389
f 467/85/307 469/87/309 565/216/403
f 412/29/252 508/125/347 510/127/349
f 386/4/227 482/101/323 484/100/322
f 447/66/289 449/68/291 545/222/385
f 455/71/294 551/220/389 549/223/415
f 458/224/298 456/73/296 552/168/390
f 399/16/239 495/232/334 493/225/332
f 436/53/276 532/149/371 534/151/373
f 479/98/320 385/3/226 481/226/321
f 453/72/295 549/223/415 547/228/387
f 434/51/274 432/49/272 528/145/367
f 460/78/300 458/75/298 554/171/392
f 421/38/261 423/40/263 519/229/358
f 410/27/250 506/123/345 508/125/347
f 399/16/239 401/18/241 497/231/336
f 423/40/263 425/42/265 521/210/360
f 430/47/270 428/45/268 524/141/363
f 436/53/276 434/51/274 530/147/369
f 405/22/245 407/24/247 503/233/342
f 477/97/319 573/242/412 571/235/409
f 414/31/254 510/127/349 512/129/351
f 407/24/247 409/26/249 505/197/344
f 465/83/305 467/85/307 563/221/401
f 419/36/259 421/38/261 517/230/356
f 460/78/300 556/173/394 558/175/396
f 446/64/287 444/61/284 540/157/379
f 391/7/230 487/238/326 485/237/416
f 464/82/304 560/177/398 562/179/400
f 426/43/266 522/139/361 524/141/363
f 400/17/240 496/113/335 498/115/337
f 393/10/233 489/218/328 487/238/326
f 403/20/243 405/22/245 501/234/340
f 449/68/291 451/70/293 547/228/387
f 470/88/310 468/86/308 564/181/402
f 462/80/302 558/175/396 560/177/398
f 442/59/282 538/155/377 540/157/379
f 416/33/256 512/129/351 514/131/353
f 432/49/272 430/47/270 526/143/365
f 417/34/257 419/36/259 515/236/354
f 398/15/238 396/13/236 492/109/331
f 387/6/229 389/8/231 485/237/416
f 473/91/313 475/93/315 571/235/409
f 454/69/292 452/67/290 548/164/386
f 446/64/287 542/159/381 544/160/382
f 401/18/241 403/20/243 499/239/338
f 472/90/312 470/88/310 566/183/404
f 437/54/277 439/56/279 535/241/374
f 396/13/236 394/11/234 490/107/329
f 386/4/227 480/96/318 576/192/413
f 411/28/251 413/30/253 509/201/348
f 477/97/319 479/98/320 575/227/414
f 439/56/279 441/58/281 537/213/376
f 424/41/264 520/137/359 522/139/361
f 385/3/226 387/6/229 483/240/324
f 456/73/296 454/69/292 550/166/388
f 468/86/308 466/84/306 562/179/400
f 459/76/299 461/79/301 557/212/395
f 422/39/262 518/135/357 520/137/359
f 400/17/240 398/15/238 494/111/333
f 616/247/185 649/248/417 617/249/100
f 624/250/157 673/251/31 674/252/33
f 633/253/178 675/254/14 676/255/16
f 618/256/189 677/257/43 678/258/45
f 610/259/180 679/260/60 680/261/3
f 682/262/27 628/263/148 681/264/25
f 637/265/183 683/266/7 684/267/9
f 628/263/148 685/268/23 681/264/25
f 613/269/118 686/270/52 687/271/54
f 631/272/418 688/273/18 689/274/20
f 622/275/93 690/276/35 691/277/37
f 632/278/139 676/255/16 688/273/18
f 635/279/419 692/280/11 693/281/13
f 626/282/147 682/262/27 694/283/29
f 617/284/100 678/258/45 695/285/46
f 611/286/420 696/287/56 697/288/58
f 636/289/129 684/267/9 692/280/11
f 639/290/421 698/291/2 699/292/5
f 700/293/21 631/272/418 689/274/20
f 621/294/153 691/277/37 701/295/39
f 612/296/116 687/271/54 696/287/56
f 615/297/422 702/298/48 703/299/50
f 640/300/113 680/261/3 698/291/2
f 625/301/145 694/283/29 673/302/31
f 616/303/185 695/285/46 702/298/48
f 634/304/124 693/281/13 675/254/14
f 619/305/423 704/306/41 677/257/43
f 609/307/181 697/288/58 679/260/60
f 638/308/110 699/292/5 683/266/7
f 620/309/188 701/295/39 704/306/41
f 629/310/136 700/293/21 685/268/23
f 614/311/120 703/299/50 686/270/52
f 623/312/424 674/252/33 690/276/35
f 659/313/417 651/314/417 643/315/417
f 666/316/417 635/317/419 634/318/124
f 657/319/417 626/320/147 625/321/145
f 641/322/417 611/323/420 609/324/181
f 651/314/417 620/325/188 619/326/423
f 670/327/417 639/328/421 638/329/110
f 629/330/136 662/331/417 630/332/138
f 620/325/188 653/333/417 621/334/153
f 655/335/417 624/336/157 623/337/424
f 646/338/417 615/339/422 614/340/120
f 665/341/417 634/318/124 633/342/178
f 656/343/417 625/321/145 624/336/157
f 610/344/180 641/322/417 609/324/181
f 627/345/425 660/346/417 628/347/148
f 650/348/417 619/326/423 618/349/189
f 669/350/417 638/329/110 637/351/183
f 628/347/148 661/352/417 629/330/136
f 654/353/417 623/337/424 622/354/93
f 613/355/118 646/338/417 614/340/120
f 631/356/418 664/357/417 632/358/139
f 664/357/417 633/342/178 632/358/139
f 626/320/147 659/313/417 627/345/425
f 649/248/417 618/349/189 617/249/100
f 667/359/417 636/360/129 635/317/419
f 611/323/420 644/361/417 612/362/116
f 668/363/417 637/351/183 636/360/129
f 639/328/421 672/364/417 640/365/113
f 653/333/417 622/354/93 621/334/153
f 644/361/417 613/355/118 612/362/116
f 630/332/138 663/366/417 631/356/418
f 615/339/422 648/367/417 616/247/185
f 672/364/417 610/344/180 640/365/113
f 690/276/35 592/368/33 591/369/35
f 686/270/52 583/370/50 582/371/52
f 685/268/23 598/372/21 597/373/23
f 704/306/41 589/374/39 588/375/41
f 683/266/7 607/376/5 606/377/7
f 679/260/60 579/378/58 578/379/60
f 677/257/43 588/375/41 587/380/43
f 675/254/14 603/381/13 602/382/14
f 702/298/48 585/383/46 584/384/48
f 673/302/31 594/385/29 593/386/31
f 698/291/2 577/387/3 608/388/2
f 703/299/50 584/384/48 583/370/50
f 696/287/56 581/389/54 580/390/56
f 701/295/39 590/391/37 589/374/39
f 700/293/21 599/392/20 598/372/21
f 699/292/5 608/388/2 607/376/5
f 692/280/11 605/393/9 604/394/11
f 697/288/58 580/390/56 579/378/58
f 695/285/46 586/395/45 585/383/46
f 694/283/29 595/396/27 594/385/29
f 693/281/13 604/394/11 603/381/13
f 688/273/18 601/397/16 600/398/18
f 691/277/37 591/369/35 590/391/37
f 689/274/20 600/398/18 599/392/20
f 687/271/54 582/371/52 581/389/54
f 681/264/25 597/373/23 596/399/25
f 684/267/9 606/377/7 605/393/9
f 595/396/27 681/264/25 596/399/25
f 680/261/3 578/379/60 577/387/3
f 678/258/45 587/380/43 586/395/45
f 601/397/16 675/254/14 602/382/14
f 674/252/33 593/400/31 592/368/33
f 616/247/185 648/367/417 649/248/417
f 624/250/157 625/401/145 673/251/31
f 633/253/178 634/304/124 675/254/14
f 618/256/189 619/305/423 677/257/43
f 610/259/180 609/307/181 679/260/60
f 682/262/27 627/402/425 628/263/148
f 637/265/183 638/308/110 683/266/7
f 628/263/148 629/310/136 685/268/23
f 613/269/118 614/311/120 686/270/52
f 631/272/418 632/278/139 688/273/18
f 622/275/93 623/312/424 690/276/35
f 632/278/139 633/253/178 676/255/16
f 635/279/419 636/289/129 692/280/11
f 626/282/147 627/402/425 682/262/27
f 617/284/100 618/256/189 678/258/45
f 611/286/420 612/296/116 696/287/56
f 636/289/129 637/265/183 684/267/9
f 639/290/421 640/300/113 698/291/2
f 700/293/21 630/403/138 631/272/418
f 621/294/153 622/275/93 691/277/37
f 612/296/116 613/269/118 687/271/54
f 615/297/422 616/303/185 702/298/48
f 640/300/113 610/259/180 680/261/3
f 625/301/145 626/282/147 694/283/29
f 616/303/185 617/284/100 695/285/46
f 634/304/124 635/279/419 693/281/13
f 619/305/423 620/309/188 704/306/41
f 609/307/181 611/286/420 697/288/58
f 638/308/110 639/290/421 699/292/5
f 620/309/188 621/294/153 701/295/39
f 629/310/136 630/403/138 700/293/21
f 614/311/120 615/297/422 703/299/50
f 623/312/424 624/250/157 674/252/33
f 643/315/417 641/322/417 642/404/417
f 642/404/417 672/364/417 671/405/417
f 671/405/417 670/327/417 669/350/417
f 669/350/417 668/363/417 667/359/417
f 667/359/417 666/316/417 665/341/417
f 665/341/417 664/357/417 663/366/417
f 663/366/417 662/331/417 661/352/417
f 661/352/417 660/346/417 659/313/417
f 659/313/417 658/406/417 657/319/417
f 657/319/417 656/343/417 655/335/417
f 655/335/417 654/353/417 653/333/417
f 653/333/417 652/407/417 651/314/417
f 651/314/417 650/348/417 649/248/417
f 649/248/417 648/367/417 647/408/417
f 647/408/417 646/338/417 645/409/417
f 645/409/417 644/361/417 643/315/417
f 643/315/417 642/404/417 671/405/417
f 671/405/417 669/350/417 667/359/417
f 667/359/417 665/341/417 663/366/417
f 663/366/417 661/352/417 659/313/417
f 659/313/417 657/319/417 655/335/417
f 655/335/417 653/333/417 651/314/417
f 651/314/417 649/248/417 647/408/417
f 647/408/417 645/409/417 643/315/417
f 643/315/417 671/405/417 667/359/417
f 667/359/417 663/366/417 659/313/417
f 659/313/417 655/335/417 651/314/417
f 651/314/417 647/408/417 643/315/417
f 643/315/417 667/359/417 659/313/417
f 666/316/417 667/359/417 635/317/419
f 657/319/417 658/406/417 626/320/147
f 641/322/417 643/315/417 611/323/420
f 651/314/417 652/407/417 620/325/188
f 670/327/417 671/405/417 639/328/421
f 629/330/136 661/352/417 662/331/417
f 620/325/188 652/407/417 653/333/417
f 655/335/417 656/343/417 624/336/157
f 646/338/417 647/408/417 615/339/422
f 665/341/417 666/316/417 634/318/124
f 656/343/417 657/319/417 625/321/145
f 610/344/180 642/404/417 641/322/417
f 627/345/425 659/313/417 660/346/417
f 650/348/417 651/314/417 619/326/423
f 669/350/417 670/327/417 638/329/110
f 628/347/148 660/346/417 661/352/417
f 654/353/417 655/335/417 623/337/424
f 613/355/118 645/409/417 646/338/417
f 631/356/418 663/366/417 664/357/417
f 664/357/417 665/341/417 633/342/178
f 626/320/147 658/406/417 659/313/417
f 649/248/417 650/348/417 618/349/189
f 667/359/417 668/363/417 636/360/129
f 611/323/420 643/315/417 644/361/417
f 668/363/417 669/350/417 637/351/183
f 639/328/421 671/405/417 672/364/417
f 653/333/417 654/353/417 622/354/93
f 644/361/417 645/409/417 613/355/118
f 630/332/138 662/331/417 663/366/417
f 615/339/422 647/408/417 648/367/417
f 672/364/417 642/404/417 610/344/180
f 690/276/35 674/252/33 592/368/33
f 686/270/52 703/299/50 583/370/50
f 685/268/23 700/293/21 598/372/21
f 704/306/41 701/295/39 589/374/39
f 683/266/7 699/292/5 607/376/5
f 679/260/60 697/288/58 579/378/58
f 677/257/43 704/306/41 588/375/41
f 675/254/14 693/281/13 603/381/13
f 702/298/48 695/285/46 585/383/46
f 673/302/31 694/283/29 594/385/29
f 698/291/2 680/261/3 577/387/3
f 703/299/50 702/298/48 584/384/48
f 696/287/56 687/271/54 581/389/54
f 701/295/39 691/277/37 590/391/37
f 700/293/21 689/274/20 599/392/20
f 699/292/5 698/291/2 608/388/2
f 692/280/11 684/267/9 605/393/9
f 697/288/58 696/287/56 580/390/56
f 695/285/46 678/258/45 586/395/45
f 694/283/29 682/262/27 595/396/27
f 693/281/13 692/280/11 604/394/11
f 688/273/18 676/255/16 601/397/16
f 691/277/37 690/276/35 591/369/35
f 689/274/20 688/273/18 600/398/18
f 687/271/54 686/270/52 582/371/52
f 681/264/25 685/268/23 597/373/23
f 684/267/9 683/266/7 606/377/7
f 595/396/27 682/262/27 681/264/25
f 680/261/3 679/260/60 578/379/60
f 678/258/45 677/257/43 587/380/43
f 601/397/16 676/255/16 675/254/14
f 674/252/33 673/251/31 593/400/31
f 1069/1/3 1078/1/3 1072/1/3
f 1080/1/426 1077/1/426 1076/1/426
f 1062/1/427 1090/1/427 1064/1/427
f 1068/1/428 1078/1/429 1067/1/429
f 1066/1/430 1055/1/430 1056/1/430
f 1099/1/431 1071/1/431 1100/1/431
f 1089/1/432 1100/1/432 1090/1/432
f 1102/1/31 1053/1/31 1101/1/31
f 1073/1/433 1081/1/433 1080/1/433
f 1086/1/434 1065/1/434 1075/1/434
f 1056/1/435 1053/1/435 1054/1/435
f 1095/1/436 1106/1/436 1104/1/436
f 1106/1/437 1067/1/437 1105/1/437
f 1044/1/438 1074/1/438 1073/1/438
f 1049/1/417 1045/1/417 1059/1/417
f 1085/1/439 1086/1/439 1097/1/439
f 719/410/440 766/411/130 779/412/131
f 811/413/441 748/414/442 804/415/443
f 781/416/444 721/417/445 780/418/446
f 782/419/447 859/420/448 921/421/449
f 784/422/450 730/423/451 783/424/452
f 786/425/453 723/426/454 785/427/455
f 787/428/456 734/429/457 781/416/444
f 726/430/458 782/419/447 788/431/459
f 860/432/460 789/433/461 930/434/462
f 721/417/445 790/435/463 780/418/446
f 728/436/464 784/422/450 789/433/461
f 792/437/465 732/438/466 791/439/467
f 790/435/463 722/440/468 786/425/453
f 724/441/469 793/442/470 794/443/471
f 791/439/467 733/444/472 787/428/456
f 793/442/470 726/430/458 788/431/459
f 783/424/452 731/445/473 792/437/465
f 723/426/454 794/443/471 785/427/455
f 757/446/185 962/447/46 819/448/48
f 812/449/474 741/450/475 805/451/476
f 813/452/477 746/453/478 806/454/479
f 814/455/480 739/456/481 807/457/482
f 815/458/483 736/459/484 808/460/485
f 816/461/486 876/462/487 955/463/488
f 817/464/489 745/465/490 813/452/477
f 818/466/491 738/467/492 814/455/480
f 804/415/443 749/468/493 815/458/483
f 947/469/494 743/470/495 809/471/496
f 805/451/476 742/472/497 816/461/486
f 808/460/485 735/473/498 810/474/499
f 809/471/496 744/475/500 817/464/489
f 806/454/479 747/476/501 811/413/441
f 810/474/499 737/477/502 818/466/491
f 807/457/482 740/478/503 812/449/474
f 821/479/13 760/480/504 820/481/11
f 823/482/58 753/483/505 822/484/56
f 763/485/506 824/486/2 825/487/5
f 756/488/422 819/448/48 826/489/50
f 894/490/178 827/491/14 972/492/16
f 829/493/3 750/494/507 828/495/60
f 758/496/124 821/479/13 827/491/14
f 761/497/508 830/498/7 831/499/9
f 828/495/60 752/500/509 823/482/58
f 833/501/54 755/502/510 832/503/52
f 762/504/511 825/487/5 830/498/7
f 755/502/510 826/489/50 832/503/52
f 760/480/504 831/499/9 820/481/11
f 822/484/56 754/505/512 833/501/54
f 764/506/513 829/493/3 824/486/2
f 712/507/514 910/508/103 772/509/104
f 714/510/515 775/511/142 774/512/174
f 708/513/516 767/514/179 707/515/517
f 718/516/518 779/412/131 778/517/143
f 711/518/519 772/509/104 771/519/184
f 843/520/520 773/521/152 911/520/175
f 706/522/521 766/411/130 705/523/522
f 713/524/523 774/512/174 773/521/152
f 716/525/524 777/526/144 776/527/177
f 707/515/517 765/528/135 706/522/521
f 710/529/525 769/530/186 709/531/526
f 717/532/527 778/517/143 777/526/144
f 710/529/525 771/519/184 770/533/123
f 716/525/524 775/511/142 715/534/528
f 709/531/526 768/535/119 708/513/516
f 785/427/455 709/531/526 708/513/516
f 783/424/452 716/525/524 715/534/528
f 793/442/470 711/518/519 710/529/525
f 791/439/467 718/516/518 717/532/527
f 794/443/471 710/529/525 709/531/526
f 790/435/463 707/515/517 706/522/521
f 716/525/524 791/439/467 717/532/527
f 713/524/523 784/422/450 714/510/515
f 780/418/446 706/522/521 705/523/522
f 843/520/520 789/433/461 713/524/523
f 711/518/519 782/419/447 712/507/514
f 718/516/518 781/416/444 719/410/440
f 707/515/517 785/427/455 708/513/516
f 714/510/515 783/424/452 715/534/528
f 712/507/514 921/421/449 842/508/529
f 719/410/440 780/418/446 705/523/522
f 1081/536/530 1074/537/531 725/538/532
f 720/539/533 802/540/491 722/440/468
f 731/445/473 796/541/534 732/438/466
f 728/436/464 1043/542/535 729/543/536
f 721/417/445 803/544/499 720/539/533
f 726/430/458 1050/545/537 727/546/538
f 860/432/460 1057/547/539 728/436/464
f 733/444/472 801/548/483 734/429/457
f 722/440/468 799/549/540 723/426/454
f 729/543/536 1045/550/541 730/423/451
f 727/546/538 1051/551/542 859/420/448
f 734/429/457 800/552/485 721/417/445
f 723/426/454 798/553/543 724/441/469
f 1073/554/544 1080/555/545 731/445/473
f 725/538/532 1048/556/546 726/430/458
f 732/438/466 795/557/443 733/444/472
f 807/457/482 1056/558/547 1054/559/548
f 803/544/499 818/466/491 802/540/491
f 797/560/549 811/413/441 796/541/534
f 800/552/485 810/474/499 803/544/499
f 795/557/443 815/458/483 801/548/483
f 802/540/491 814/455/480 799/549/540
f 801/548/483 808/460/485 800/552/485
f 799/549/540 807/457/482 798/553/543
f 796/541/534 804/415/443 795/557/443
f 824/486/2 736/459/484 749/468/493
f 738/467/492 833/501/54 739/456/481
f 820/481/11 746/453/478 745/465/490
f 832/503/52 741/450/475 740/478/503
f 830/498/7 748/414/442 747/476/501
f 739/456/481 832/503/52 740/478/503
f 735/473/498 823/482/58 737/477/502
f 831/499/9 747/476/501 746/453/478
f 827/491/14 744/475/500 743/470/495
f 736/459/484 828/495/60 735/473/498
f 972/492/16 743/470/495 877/561/550
f 826/489/50 742/472/497 741/450/475
f 825/487/5 749/468/493 748/414/442
f 737/477/502 822/484/56 738/467/492
f 821/479/13 745/465/490 744/475/500
f 819/448/48 876/462/487 742/472/497
f 850/410/551 903/411/98 834/523/552
f 953/413/553 883/414/554 882/476/555
f 920/416/556 852/417/557 867/429/558
f 922/419/559 859/420/448 858/546/560
f 923/424/561 862/543/562 924/422/563
f 926/425/564 854/426/565 853/440/566
f 927/428/567 867/429/558 866/444/568
f 922/419/559 857/430/569 928/431/570
f 929/433/571 860/432/460 930/434/462
f 931/435/572 852/417/557 919/418/573
f 924/422/563 861/436/574 929/433/571
f 932/439/575 864/445/576 933/437/577
f 931/435/572 853/440/566 851/539/578
f 934/442/579 855/441/580 935/443/581
f 932/439/575 866/444/568 865/438/582
f 928/431/570 856/538/583 934/442/579
f 933/437/577 863/423/584 923/424/561
f 935/443/581 854/426/565 925/427/585
f 962/447/46 892/446/189 963/448/45
f 954/449/586 874/450/587 873/478/588
f 956/452/589 881/453/590 880/465/591
f 957/455/592 872/456/593 871/467/594
f 958/458/595 869/459/596 884/468/597
f 959/461/598 876/462/487 875/472/599
f 960/464/600 880/465/591 879/475/601
f 961/466/602 871/467/594 870/477/603
f 945/415/604 884/468/597 883/414/554
f 947/469/494 878/470/605 877/561/550
f 946/451/606 875/472/599 874/450/587
f 950/460/607 868/473/608 869/459/596
f 951/471/609 879/475/601 878/470/605
f 948/454/610 882/476/555 881/453/590
f 952/474/611 870/477/603 868/473/608
f 949/457/612 873/478/588 872/456/593
f 964/481/21 896/562/176 965/479/20
f 967/482/35 888/483/613 887/500/614
f 968/486/29 900/485/615 969/487/27
f 963/448/45 891/488/105 970/489/43
f 971/491/18 894/490/178 972/492/16
f 974/493/31 885/494/616 886/563/617
f 965/479/20 895/496/139 971/491/18
f 975/498/25 898/497/618 976/499/23
f 973/495/33 887/500/614 885/494/616
f 978/501/39 890/502/619 889/505/620
f 969/487/27 899/504/621 975/498/25
f 970/489/43 890/502/619 977/503/41
f 976/499/23 897/480/622 964/481/21
f 966/484/37 889/505/620 888/483/613
f 974/493/31 901/506/623 968/486/29
f 841/507/624 910/508/103 842/508/529
f 845/510/625 914/511/170 846/534/626
f 904/514/158 837/513/627 836/515/628
f 849/516/629 918/412/97 850/410/551
f 840/518/630 909/509/109 841/507/624
f 843/520/520 912/521/151 844/524/631
f 903/411/98 835/522/632 834/523/552
f 844/524/631 913/512/169 845/510/625
f 847/525/633 916/526/159 848/532/634
f 902/528/173 836/515/628 835/522/632
f 906/530/155 839/529/635 838/531/636
f 848/532/634 917/517/99 849/516/629
f 839/529/635 908/519/108 840/518/630
f 914/511/170 847/525/633 846/534/626
f 905/535/96 838/531/636 837/513/627
f 837/513/627 935/443/581 925/427/585
f 847/525/633 923/424/561 846/534/626
f 840/518/630 934/442/579 839/529/635
f 849/516/629 932/439/575 848/532/634
f 838/531/636 934/442/579 935/443/581
f 836/515/628 931/435/572 835/522/632
f 848/532/634 933/437/577 847/525/633
f 844/524/631 924/422/563 929/433/571
f 835/522/632 919/418/573 834/523/552
f 843/520/520 929/433/571 930/434/462
f 840/518/630 922/419/559 928/431/570
f 850/410/551 927/428/567 849/516/629
f 836/515/628 925/427/585 926/425/564
f 845/510/625 923/424/561 924/422/563
f 841/507/624 921/421/449 922/419/559
f 850/410/551 919/418/573 920/416/556
f 856/538/583 1100/536/637 939/553/638
f 851/539/578 943/540/602 944/544/611
f 864/445/576 937/541/639 938/560/640
f 861/436/574 1060/542/641 1059/547/642
f 852/417/557 944/544/611 941/552/607
f 857/430/569 1052/545/643 1049/556/644
f 860/432/460 1059/547/642 1058/564/645
f 866/444/568 942/548/595 936/557/604
f 853/440/566 940/549/646 943/540/602
f 862/543/562 1061/550/647 1060/542/641
f 858/546/560 1051/551/542 1052/545/643
f 867/429/558 941/552/607 942/548/595
f 854/426/565 939/553/638 940/549/646
f 864/445/576 1099/555/648 1089/554/649
f 856/538/583 1049/556/644 1063/565/650
f 865/438/582 936/557/604 937/541/639
f 1068/558/651 1106/566/652 949/457/612
f 944/544/611 961/466/602 952/474/611
f 938/560/640 953/413/553 948/454/610
f 941/552/607 952/474/611 950/460/607
f 936/557/604 958/458/595 945/415/604
f 943/540/602 957/455/592 961/466/602
f 942/548/595 950/460/607 958/458/595
f 940/549/646 949/457/612 957/455/592
f 937/541/639 945/415/604 953/413/553
f 869/459/596 968/486/29 884/468/597
f 871/467/594 978/501/39 966/484/37
f 881/453/590 964/481/21 880/465/591
f 874/450/587 977/503/41 873/478/588
f 883/414/554 975/498/25 882/476/555
f 872/456/593 977/503/41 978/501/39
f 868/473/608 967/482/35 973/495/33
f 882/476/555 976/499/23 881/453/590
f 879/475/601 971/491/18 878/470/605
f 869/459/596 973/495/33 974/493/31
f 878/470/605 972/492/16 877/561/550
f 875/472/599 970/489/43 874/450/587
f 884/468/597 969/487/27 883/414/554
f 870/477/603 966/484/37 967/482/35
f 880/465/591 965/479/20 879/475/601
f 876/462/487 963/448/45 875/472/599
f 750/494/507 980/563/653 979/494/654
f 752/500/509 979/494/654 981/500/655
f 753/483/505 981/500/655 982/483/656
f 754/505/512 982/483/656 983/505/657
f 755/502/510 983/505/657 984/502/658
f 756/488/422 984/502/658 985/488/417
f 756/488/422 986/446/417 757/446/185
f 757/446/185 1017/567/417 893/567/100
f 758/496/124 1018/490/417 987/496/417
f 758/496/124 988/562/417 759/562/419
f 759/562/419 989/480/659 760/480/504
f 760/480/504 990/497/660 761/497/508
f 761/497/508 991/504/661 762/504/511
f 762/504/511 992/485/662 763/485/506
f 763/485/506 993/506/663 764/506/513
f 764/506/513 980/563/653 751/563/664
f 766/411/130 994/528/29 995/411/31
f 767/514/179 994/528/29 765/528/135
f 768/535/119 996/514/27 767/514/179
f 769/530/186 997/535/25 768/535/119
f 770/533/123 998/530/23 769/530/186
f 771/519/184 999/533/21 770/533/123
f 772/509/104 1000/519/20 771/519/184
f 772/509/104 1034/508/16 1001/509/18
f 773/521/152 1035/520/46 911/520/175
f 774/512/174 1002/521/45 773/521/152
f 775/511/142 1003/512/43 774/512/174
f 775/511/142 1005/527/39 1004/511/41
f 777/526/144 1005/527/39 776/527/177
f 778/517/143 1006/526/37 777/526/144
f 778/517/143 1008/412/33 1007/517/35
f 766/411/130 1008/412/33 779/412/131
f 885/494/616 1010/563/665 886/563/617
f 887/500/614 1009/494/666 885/494/616
f 888/483/613 1011/500/667 887/500/614
f 889/505/620 1012/483/668 888/483/613
f 890/502/619 1013/505/669 889/505/620
f 891/488/105 1014/502/670 890/502/619
f 892/446/189 1015/488/417 891/488/105
f 892/446/189 1017/567/417 1016/446/417
f 895/496/139 1018/490/417 894/490/178
f 896/562/176 1019/496/417 895/496/139
f 896/562/176 1021/480/671 1020/562/417
f 897/480/622 1022/497/672 1021/480/671
f 898/497/618 1023/504/673 1022/497/672
f 899/504/621 1024/485/674 1023/504/673
f 900/485/615 1025/506/675 1024/485/674
f 901/506/623 1010/563/665 1025/506/675
f 903/411/98 1026/528/2 902/528/173
f 902/528/173 1028/514/5 904/514/158
f 905/535/96 1028/514/5 1029/535/7
f 905/535/96 1030/530/9 906/530/155
f 907/533/168 1030/530/9 1031/533/11
f 907/533/168 1032/519/13 908/519/108
f 908/519/108 1033/509/14 909/509/109
f 909/509/109 1034/508/16 910/508/103
f 911/520/175 1036/521/48 912/521/151
f 912/521/151 1037/512/50 913/512/169
f 913/512/169 1038/511/52 914/511/170
f 914/511/170 1039/527/54 915/527/171
f 916/526/159 1039/527/54 1040/526/56
f 916/526/159 1041/517/58 917/517/99
f 917/517/99 1042/412/60 918/412/97
f 903/411/98 1042/412/60 1027/411/3
f 1078/568/676 938/560/640 956/452/589
f 1083/569/677 817/464/489 1082/570/678
f 1055/571/679 1065/572/680 806/454/479
f 1094/573/681 959/461/598 946/451/606
f 1092/574/682 956/452/589 960/464/600
f 1085/569/683 960/464/600 951/471/609
f 1084/575/684 951/471/609 947/469/494
f 1086/576/685 817/464/489 813/452/477
f 1095/577/686 946/451/606 954/449/586
f 1098/578/687 955/463/488 959/461/598
f 1093/573/688 816/461/486 1096/578/689
f 1084/575/684 809/471/496 1083/569/677
f 1096/578/689 955/463/488 1097/579/690
f 1087/577/691 812/449/474 805/451/476
f 1072/1/3 1071/1/3 1069/1/3
f 1069/1/3 1070/1/3 1078/1/3
f 1078/1/3 1079/1/3 1072/1/3
f 1080/1/426 1081/1/426 1077/1/426
f 1062/1/427 1089/1/427 1090/1/427
f 1068/1/428 1079/1/429 1078/1/429
f 1066/1/430 1065/1/430 1055/1/430
f 1099/1/431 1069/1/431 1071/1/431
f 1089/1/432 1099/1/432 1100/1/432
f 1101/1/31 1076/1/31 1077/1/31
f 1102/1/31 1054/1/31 1053/1/31
f 1101/1/31 1077/1/31 1102/1/31
f 1073/1/433 1074/1/433 1081/1/433
f 1075/1/434 1087/1/434 1086/1/434
f 1086/1/434 1088/1/692 1065/1/434
f 1065/1/434 1066/1/434 1075/1/434
f 1056/1/435 1055/1/435 1053/1/435
f 1104/1/436 1092/1/436 1095/1/436
f 1095/1/436 1103/1/693 1106/1/436
f 1106/1/436 1105/1/436 1104/1/436
f 1106/1/437 1068/1/437 1067/1/437
f 1044/1/438 1046/1/438 1074/1/438
f 1061/1/417 1062/1/417 1064/1/417
f 1064/1/417 1063/1/694 1049/1/417
f 1049/1/417 1052/1/417 1051/1/417
f 1051/1/417 1050/1/417 1048/1/417
f 1048/1/417 1047/1/417 1046/1/417
f 1046/1/417 1044/1/417 1045/1/417
f 1045/1/417 1043/1/417 1057/1/417
f 1057/1/417 1058/1/417 1059/1/417
f 1059/1/417 1060/1/417 1061/1/417
f 1061/1/417 1064/1/417 1049/1/417
f 1049/1/417 1051/1/417 1048/1/417
f 1048/1/417 1046/1/417 1045/1/417
f 1045/1/417 1057/1/417 1059/1/417
f 1059/1/417 1061/1/417 1049/1/417
f 1049/1/417 1048/1/417 1045/1/417
f 1094/1/439 1095/1/439 1092/1/439
f 1092/1/439 1091/1/695 1085/1/439
f 1085/1/439 1084/1/439 1083/1/439
f 1083/1/439 1082/1/439 1086/1/439
f 1086/1/439 1087/1/439 1093/1/439
f 1093/1/439 1096/1/439 1097/1/439
f 1097/1/439 1098/1/439 1094/1/439
f 1094/1/439 1092/1/439 1085/1/439
f 1085/1/439 1083/1/439 1086/1/439
f 1086/1/439 1093/1/439 1097/1/439
f 1097/1/439 1094/1/439 1085/1/439
f 719/410/440 705/523/522 766/411/130
f 811/413/441 747/476/501 748/414/442
f 781/416/444 734/429/457 721/417/445
f 782/419/447 727/546/538 859/420/448
f 784/422/450 729/543/536 730/423/451
f 786/425/453 722/440/468 723/426/454
f 787/428/456 733/444/472 734/429/457
f 726/430/458 727/546/538 782/419/447
f 860/432/460 728/436/464 789/433/461
f 721/417/445 720/539/533 790/435/463
f 728/436/464 729/543/536 784/422/450
f 792/437/465 731/445/473 732/438/466
f 790/435/463 720/539/533 722/440/468
f 724/441/469 725/538/532 793/442/470
f 791/439/467 732/438/466 733/444/472
f 793/442/470 725/538/532 726/430/458
f 783/424/452 730/423/451 731/445/473
f 723/426/454 724/441/469 794/443/471
f 757/446/185 893/567/100 962/447/46
f 812/449/474 740/478/503 741/450/475
f 813/452/477 745/465/490 746/453/478
f 814/455/480 738/467/492 739/456/481
f 815/458/483 749/468/493 736/459/484
f 816/461/486 742/472/497 876/462/487
f 817/464/489 744/475/500 745/465/490
f 818/466/491 737/477/502 738/467/492
f 804/415/443 748/414/442 749/468/493
f 947/469/494 877/561/550 743/470/495
f 805/451/476 741/450/475 742/472/497
f 808/460/485 736/459/484 735/473/498
f 809/471/496 743/470/495 744/475/500
f 806/454/479 746/453/478 747/476/501
f 810/474/499 735/473/498 737/477/502
f 807/457/482 739/456/481 740/478/503
f 821/479/13 759/562/419 760/480/504
f 823/482/58 752/500/509 753/483/505
f 763/485/506 764/506/513 824/486/2
f 756/488/422 757/446/185 819/448/48
f 894/490/178 758/496/124 827/491/14
f 829/493/3 751/563/664 750/494/507
f 758/496/124 759/562/419 821/479/13
f 761/497/508 762/504/511 830/498/7
f 828/495/60 750/494/507 752/500/509
f 833/501/54 754/505/512 755/502/510
f 762/504/511 763/485/506 825/487/5
f 755/502/510 756/488/422 826/489/50
f 760/480/504 761/497/508 831/499/9
f 822/484/56 753/483/505 754/505/512
f 764/506/513 751/563/664 829/493/3
f 712/507/514 842/508/529 910/508/103
f 714/510/515 715/534/528 775/511/142
f 708/513/516 768/535/119 767/514/179
f 718/516/518 719/410/440 779/412/131
f 711/518/519 712/507/514 772/509/104
f 843/520/520 713/524/523 773/521/152
f 706/522/521 765/528/135 766/411/130
f 713/524/523 714/510/515 774/512/174
f 716/525/524 717/532/527 777/526/144
f 707/515/517 767/514/179 765/528/135
f 710/529/525 770/533/123 769/530/186
f 717/532/527 718/516/518 778/517/143
f 710/529/525 711/518/519 771/519/184
f 716/525/524 776/527/177 775/511/142
f 709/531/526 769/530/186 768/535/119
f 785/427/455 794/443/471 709/531/526
f 783/424/452 792/437/465 716/525/524
f 793/442/470 788/431/459 711/518/519
f 791/439/467 787/428/456 718/516/518
f 794/443/471 793/442/470 710/529/525
f 790/435/463 786/425/453 707/515/517
f 716/525/524 792/437/465 791/439/467
f 713/524/523 789/433/461 784/422/450
f 780/418/446 790/435/463 706/522/521
f 843/520/520 930/434/462 789/433/461
f 711/518/519 788/431/459 782/419/447
f 718/516/518 787/428/456 781/416/444
f 707/515/517 786/425/453 785/427/455
f 714/510/515 784/422/450 783/424/452
f 712/507/514 782/419/447 921/421/449
f 719/410/440 781/416/444 780/418/446
f 725/538/532 724/441/469 798/553/543
f 798/553/543 1102/580/696 1077/581/697
f 798/553/543 1077/581/697 1081/536/530
f 1046/582/698 1047/565/699 725/538/532
f 1074/537/531 1046/582/698 725/538/532
f 725/538/532 798/553/543 1081/536/530
f 720/539/533 803/544/499 802/540/491
f 731/445/473 797/560/549 796/541/534
f 728/436/464 1057/547/539 1043/542/535
f 721/417/445 800/552/485 803/544/499
f 726/430/458 1048/556/546 1050/545/537
f 860/432/460 1058/564/645 1057/547/539
f 733/444/472 795/557/443 801/548/483
f 722/440/468 802/540/491 799/549/540
f 729/543/536 1043/542/535 1045/550/541
f 727/546/538 1050/545/537 1051/551/542
f 734/429/457 801/548/483 800/552/485
f 723/426/454 799/549/540 798/553/543
f 731/445/473 730/423/451 1045/550/541
f 731/445/473 1045/550/541 1044/583/700
f 1101/584/701 797/560/549 731/445/473
f 1076/585/702 1101/584/701 731/445/473
f 731/445/473 1044/583/700 1073/554/544
f 1080/555/545 1076/585/702 731/445/473
f 725/538/532 1047/565/699 1048/556/546
f 732/438/466 796/541/534 795/557/443
f 1102/580/696 798/553/543 807/457/482
f 807/457/482 812/449/474 1075/586/703
f 807/457/482 1075/586/703 1066/566/704
f 1054/559/548 1102/580/696 807/457/482
f 807/457/482 1066/566/704 1056/558/547
f 803/544/499 810/474/499 818/466/491
f 797/560/549 806/454/479 811/413/441
f 800/552/485 808/460/485 810/474/499
f 795/557/443 804/415/443 815/458/483
f 802/540/491 818/466/491 814/455/480
f 801/548/483 815/458/483 808/460/485
f 799/549/540 814/455/480 807/457/482
f 796/541/534 811/413/441 804/415/443
f 824/486/2 829/493/3 736/459/484
f 738/467/492 822/484/56 833/501/54
f 820/481/11 831/499/9 746/453/478
f 832/503/52 826/489/50 741/450/475
f 830/498/7 825/487/5 748/414/442
f 739/456/481 833/501/54 832/503/52
f 735/473/498 828/495/60 823/482/58
f 831/499/9 830/498/7 747/476/501
f 827/491/14 821/479/13 744/475/500
f 736/459/484 829/493/3 828/495/60
f 972/492/16 827/491/14 743/470/495
f 826/489/50 819/448/48 742/472/497
f 825/487/5 824/486/2 749/468/493
f 737/477/502 823/482/58 822/484/56
f 821/479/13 820/481/11 745/465/490
f 819/448/48 962/447/46 876/462/487
f 850/410/551 918/412/97 903/411/98
f 953/413/553 945/415/604 883/414/554
f 920/416/556 919/418/573 852/417/557
f 922/419/559 921/421/449 859/420/448
f 923/424/561 863/423/584 862/543/562
f 926/425/564 925/427/585 854/426/565
f 927/428/567 920/416/556 867/429/558
f 922/419/559 858/546/560 857/430/569
f 929/433/571 861/436/574 860/432/460
f 931/435/572 851/539/578 852/417/557
f 924/422/563 862/543/562 861/436/574
f 932/439/575 865/438/582 864/445/576
f 931/435/572 926/425/564 853/440/566
f 934/442/579 856/538/583 855/441/580
f 932/439/575 927/428/567 866/444/568
f 928/431/570 857/430/569 856/538/583
f 933/437/577 864/445/576 863/423/584
f 935/443/581 855/441/580 854/426/565
f 962/447/46 893/567/100 892/446/189
f 954/449/586 946/451/606 874/450/587
f 956/452/589 948/454/610 881/453/590
f 957/455/592 949/457/612 872/456/593
f 958/458/595 950/460/607 869/459/596
f 959/461/598 955/463/488 876/462/487
f 960/464/600 956/452/589 880/465/591
f 961/466/602 957/455/592 871/467/594
f 945/415/604 958/458/595 884/468/597
f 947/469/494 951/471/609 878/470/605
f 946/451/606 959/461/598 875/472/599
f 950/460/607 952/474/611 868/473/608
f 951/471/609 960/464/600 879/475/601
f 948/454/610 953/413/553 882/476/555
f 952/474/611 961/466/602 870/477/603
f 949/457/612 954/449/586 873/478/588
f 964/481/21 897/480/622 896/562/176
f 967/482/35 966/484/37 888/483/613
f 968/486/29 901/506/623 900/485/615
f 963/448/45 892/446/189 891/488/105
f 971/491/18 895/496/139 894/490/178
f 974/493/31 973/495/33 885/494/616
f 965/479/20 896/562/176 895/496/139
f 975/498/25 899/504/621 898/497/618
f 973/495/33 967/482/35 887/500/614
f 978/501/39 977/503/41 890/502/619
f 969/487/27 900/485/615 899/504/621
f 970/489/43 891/488/105 890/502/619
f 976/499/23 898/497/618 897/480/622
f 966/484/37 978/501/39 889/505/620
f 974/493/31 886/563/617 901/506/623
f 841/507/624 909/509/109 910/508/103
f 845/510/625 913/512/169 914/511/170
f 904/514/158 905/535/96 837/513/627
f 849/516/629 917/517/99 918/412/97
f 840/518/630 908/519/108 909/509/109
f 843/520/520 911/520/175 912/521/151
f 903/411/98 902/528/173 835/522/632
f 844/524/631 912/521/151 913/512/169
f 847/525/633 915/527/171 916/526/159
f 902/528/173 904/514/158 836/515/628
f 906/530/155 907/533/168 839/529/635
f 848/532/634 916/526/159 917/517/99
f 839/529/635 907/533/168 908/519/108
f 914/511/170 915/527/171 847/525/633
f 905/535/96 906/530/155 838/531/636
f 837/513/627 838/531/636 935/443/581
f 847/525/633 933/437/577 923/424/561
f 840/518/630 928/431/570 934/442/579
f 849/516/629 927/428/567 932/439/575
f 838/531/636 839/529/635 934/442/579
f 836/515/628 926/425/564 931/435/572
f 848/532/634 932/439/575 933/437/577
f 844/524/631 845/510/625 924/422/563
f 835/522/632 931/435/572 919/418/573
f 843/520/520 844/524/631 929/433/571
f 840/518/630 841/507/624 922/419/559
f 850/410/551 920/416/556 927/428/567
f 836/515/628 837/513/627 925/427/585
f 845/510/625 846/534/626 923/424/561
f 841/507/624 842/508/529 921/421/449
f 850/410/551 834/523/552 919/418/573
f 939/553/638 855/441/580 856/538/583
f 856/538/583 1063/565/650 1064/582/705
f 856/538/583 1064/582/705 1090/537/706
f 1071/581/707 1072/580/708 939/553/638
f 856/538/583 1090/537/706 1100/536/637
f 1100/536/637 1071/581/707 939/553/638
f 851/539/578 853/440/566 943/540/602
f 864/445/576 865/438/582 937/541/639
f 861/436/574 862/543/562 1060/542/641
f 852/417/557 851/539/578 944/544/611
f 857/430/569 858/546/560 1052/545/643
f 860/432/460 861/436/574 1059/547/642
f 866/444/568 867/429/558 942/548/595
f 853/440/566 854/426/565 940/549/646
f 862/543/562 863/423/584 1061/550/647
f 858/546/560 859/420/448 1051/551/542
f 867/429/558 852/417/557 941/552/607
f 854/426/565 855/441/580 939/553/638
f 1061/550/647 863/423/584 864/445/576
f 864/445/576 938/560/640 1070/584/709
f 864/445/576 1070/584/709 1069/585/710
f 1062/587/711 1061/550/647 864/445/576
f 1089/554/649 1062/587/711 864/445/576
f 864/445/576 1069/585/710 1099/555/648
f 856/538/583 857/430/569 1049/556/644
f 865/438/582 866/444/568 936/557/604
f 949/457/612 939/553/638 1072/580/708
f 949/457/612 1072/580/708 1079/559/712
f 1103/586/713 954/449/586 949/457/612
f 1106/566/652 1103/586/713 949/457/612
f 949/457/612 1079/559/712 1068/558/651
f 944/544/611 943/540/602 961/466/602
f 938/560/640 937/541/639 953/413/553
f 941/552/607 944/544/611 952/474/611
f 936/557/604 942/548/595 958/458/595
f 943/540/602 940/549/646 957/455/592
f 942/548/595 941/552/607 950/460/607
f 940/549/646 939/553/638 949/457/612
f 937/541/639 936/557/604 945/415/604
f 869/459/596 974/493/31 968/486/29
f 871/467/594 872/456/593 978/501/39
f 881/453/590 976/499/23 964/481/21
f 874/450/587 970/489/43 977/503/41
f 883/414/554 969/487/27 975/498/25
f 872/456/593 873/478/588 977/503/41
f 868/473/608 870/477/603 967/482/35
f 882/476/555 975/498/25 976/499/23
f 879/475/601 965/479/20 971/491/18
f 869/459/596 868/473/608 973/495/33
f 878/470/605 971/491/18 972/492/16
f 875/472/599 963/448/45 970/489/43
f 884/468/597 968/486/29 969/487/27
f 870/477/603 871/467/594 966/484/37
f 880/465/591 964/481/21 965/479/20
f 876/462/487 962/447/46 963/448/45
f 750/494/507 751/563/664 980/563/653
f 752/500/509 750/494/507 979/494/654
f 753/483/505 752/500/509 981/500/655
f 754/505/512 753/483/505 982/483/656
f 755/502/510 754/505/512 983/505/657
f 756/488/422 755/502/510 984/502/658
f 756/488/422 985/488/417 986/446/417
f 757/446/185 986/446/417 1017/567/417
f 758/496/124 894/490/178 1018/490/417
f 758/496/124 987/496/417 988/562/417
f 759/562/419 988/562/417 989/480/659
f 760/480/504 989/480/659 990/497/660
f 761/497/508 990/497/660 991/504/661
f 762/504/511 991/504/661 992/485/662
f 763/485/506 992/485/662 993/506/663
f 764/506/513 993/506/663 980/563/653
f 766/411/130 765/528/135 994/528/29
f 767/514/179 996/514/27 994/528/29
f 768/535/119 997/535/25 996/514/27
f 769/530/186 998/530/23 997/535/25
f 770/533/123 999/533/21 998/530/23
f 771/519/184 1000/519/20 999/533/21
f 772/509/104 1001/509/18 1000/519/20
f 772/509/104 910/508/103 1034/508/16
f 773/521/152 1002/521/45 1035/520/46
f 774/512/174 1003/512/43 1002/521/45
f 775/511/142 1004/511/41 1003/512/43
f 775/511/142 776/527/177 1005/527/39
f 777/526/144 1006/526/37 1005/527/39
f 778/517/143 1007/517/35 1006/526/37
f 778/517/143 779/412/131 1008/412/33
f 766/411/130 995/411/31 1008/412/33
f 885/494/616 1009/494/666 1010/563/665
f 887/500/614 1011/500/667 1009/494/666
f 888/483/613 1012/483/668 1011/500/667
f 889/505/620 1013/505/669 1012/483/668
f 890/502/619 1014/502/670 1013/505/669
f 891/488/105 1015/488/417 1014/502/670
f 892/446/189 1016/446/417 1015/488/417
f 892/446/189 893/567/100 1017/567/417
f 895/496/139 1019/496/417 1018/490/417
f 896/562/176 1020/562/417 1019/496/417
f 896/562/176 897/480/622 1021/480/671
f 897/480/622 898/497/618 1022/497/672
f 898/497/618 899/504/621 1023/504/673
f 899/504/621 900/485/615 1024/485/674
f 900/485/615 901/506/623 1025/506/675
f 901/506/623 886/563/617 1010/563/665
f 903/411/98 1027/411/3 1026/528/2
f 902/528/173 1026/528/2 1028/514/5
f 905/535/96 904/514/158 1028/514/5
f 905/535/96 1029/535/7 1030/530/9
f 907/533/168 906/530/155 1030/530/9
f 907/533/168 1031/533/11 1032/519/13
f 908/519/108 1032/519/13 1033/509/14
f 909/509/109 1033/509/14 1034/508/16
f 911/520/175 1035/520/46 1036/521/48
f 912/521/151 1036/521/48 1037/512/50
f 913/512/169 1037/512/50 1038/511/52
f 914/511/170 1038/511/52 1039/527/54
f 916/526/159 915/527/171 1039/527/54
f 916/526/159 1040/526/56 1041/517/58
f 917/517/99 1041/517/58 1042/412/60
f 903/411/98 918/412/97 1042/412/60
f 956/452/589 1104/588/714 1105/572/715
f 956/452/589 1105/572/715 1067/571/716
f 938/560/640 948/454/610 956/452/589
f 1078/568/676 1070/584/709 938/560/640
f 956/452/589 1067/571/716 1078/568/676
f 1083/569/677 809/471/496 817/464/489
f 797/560/549 1101/584/701 1053/568/717
f 806/454/479 797/560/549 1053/568/717
f 1088/588/718 813/452/477 806/454/479
f 1065/572/680 1088/588/718 806/454/479
f 806/454/479 1053/568/717 1055/571/679
f 1094/573/681 1098/578/687 959/461/598
f 960/464/600 1091/570/719 1092/574/682
f 1092/574/682 1104/588/714 956/452/589
f 1085/569/683 1091/570/719 960/464/600
f 1084/575/684 1085/569/683 951/471/609
f 813/452/477 1088/588/718 1086/576/685
f 1086/576/685 1082/570/678 817/464/489
f 954/449/586 1103/586/713 1095/577/686
f 1095/577/686 1094/573/681 946/451/606
f 1098/578/687 1097/579/690 955/463/488
f 1093/573/688 805/451/476 816/461/486
f 1084/575/684 947/469/494 809/471/496
f 1096/578/689 816/461/486 955/463/488
f 805/451/476 1093/573/688 1087/577/691
f 1087/577/691 1075/586/703 812/449/474
f 1168/1/439 1108/1/439 1157/1/439
f 1192/1/16 1156/1/16 1181/1/16
f 1143/1/3 1167/1/3 1191/1/3
f 1121/1/46 1132/1/46 1109/1/46
f 1144/1/417 1180/1/417 1133/1/417
f 1107/1/720 1112/1/721 1111/1/722
f 1114/1/723 1112/1/724 1110/1/723
f 1108/1/725 1115/1/726 1114/1/727
f 1113/1/728 1118/1/729 1115/1/730
f 1116/1/731 1117/1/732 1109/1/733
f 1111/1/734 1118/1/735 1116/1/735
f 1112/1/736 1115/1/736 1118/1/736
f 1119/1/737 1124/1/738 1123/1/739
f 1122/1/740 1127/1/741 1124/1/741
f 1120/1/742 1127/1/743 1126/1/744
f 1125/1/745 1130/1/746 1127/1/745
f 1128/1/747 1129/1/748 1121/1/749
f 1123/1/750 1130/1/751 1128/1/751
f 1124/1/752 1127/1/752 1130/1/752
f 1131/1/753 1136/1/754 1135/1/755
f 1134/1/756 1139/1/757 1136/1/756
f 1137/1/758 1138/1/759 1132/1/760
f 1141/1/761 1139/1/761 1137/1/761
f 1133/1/762 1142/1/763 1141/1/764
f 1140/1/765 1136/1/766 1142/1/766
f 1136/1/767 1139/1/767 1142/1/767
f 1143/1/768 1148/1/769 1147/1/770
f 1150/1/771 1148/1/772 1146/1/771
f 1144/1/773 1151/1/774 1150/1/775
f 1149/1/776 1154/1/776 1151/1/776
f 1152/1/777 1153/1/778 1145/1/779
f 1147/1/780 1154/1/781 1152/1/781
f 1148/1/782 1151/1/782 1154/1/782
f 1155/1/783 1160/1/784 1159/1/785
f 1158/1/786 1163/1/787 1160/1/786
f 1161/1/788 1162/1/789 1156/1/790
f 1165/1/791 1163/1/792 1161/1/792
f 1157/1/793 1166/1/794 1165/1/795
f 1164/1/796 1160/1/797 1166/1/797
f 1160/1/798 1163/1/798 1166/1/798
f 1167/1/799 1172/1/800 1171/1/801
f 1174/1/802 1172/1/803 1170/1/802
f 1168/1/804 1175/1/805 1174/1/806
f 1173/1/807 1178/1/808 1175/1/809
f 1176/1/810 1177/1/811 1169/1/812
f 1171/1/813 1178/1/814 1176/1/815
f 1172/1/816 1175/1/816 1178/1/816
f 1179/1/817 1184/1/818 1183/1/819
f 1186/1/820 1184/1/821 1182/1/820
f 1180/1/822 1187/1/823 1186/1/824
f 1185/1/825 1190/1/825 1187/1/825
f 1188/1/826 1189/1/827 1181/1/828
f 1183/1/829 1190/1/830 1188/1/830
f 1184/1/831 1187/1/831 1190/1/831
f 1191/1/832 1196/1/833 1195/1/834
f 1194/1/835 1199/1/836 1196/1/837
f 1197/1/838 1198/1/839 1192/1/840
f 1201/1/841 1199/1/841 1197/1/841
f 1193/1/842 1202/1/843 1201/1/844
f 1200/1/845 1196/1/846 1202/1/846
f 1196/1/847 1199/1/847 1202/1/847
f 1107/1/848 1134/1/848 1131/1/848
f 1111/1/849 1138/1/849 1134/1/849
f 1116/1/850 1132/1/850 1138/1/850
f 1119/1/851 1113/1/852 1108/1/852
f 1123/1/853 1117/1/853 1113/1/853
f 1128/1/854 1109/1/854 1117/1/854
f 1143/1/855 1125/1/855 1120/1/855
f 1147/1/856 1129/1/856 1125/1/856
f 1152/1/857 1121/1/857 1129/1/857
f 1133/1/858 1149/1/858 1144/1/858
f 1141/1/859 1153/1/859 1149/1/859
f 1137/1/860 1145/1/860 1153/1/860
f 1131/1/861 1182/1/861 1179/1/861
f 1135/1/433 1186/1/433 1182/1/433
f 1140/1/438 1180/1/438 1186/1/438
f 1191/1/431 1146/1/431 1143/1/431
f 1195/1/432 1150/1/432 1146/1/432
f 1200/1/427 1144/1/427 1150/1/427
f 1181/1/862 1197/1/862 1192/1/862
f 1189/1/863 1201/1/863 1197/1/863
f 1185/1/864 1193/1/864 1201/1/864
f 1179/1/865 1158/1/865 1155/1/865
f 1183/1/866 1162/1/866 1158/1/866
f 1188/1/867 1156/1/867 1162/1/867
f 1167/1/868 1194/1/868 1191/1/868
f 1171/1/869 1198/1/869 1194/1/869
f 1176/1/870 1192/1/870 1198/1/870
f 1157/1/871 1173/1/872 1168/1/872
f 1165/1/873 1177/1/873 1173/1/873
f 1161/1/874 1169/1/874 1177/1/874
f 1155/1/435 1110/1/435 1107/1/435
f 1159/1/430 1114/1/430 1110/1/430
f 1164/1/434 1108/1/434 1114/1/434
f 1120/1/429 1170/1/429 1167/1/429
f 1126/1/437 1174/1/437 1170/1/437
f 1122/1/436 1168/1/436 1174/1/436
f 1179/1/31 1107/1/31 1131/1/31
f 1168/1/439 1119/1/439 1108/1/439
f 1192/1/16 1169/1/16 1156/1/16
f 1143/1/3 1120/1/3 1167/1/3
f 1121/1/46 1145/1/46 1132/1/46
f 1144/1/417 1193/1/417 1180/1/417
f 1107/1/720 1110/1/875 1112/1/721
f 1114/1/723 1115/1/724 1112/1/724
f 1108/1/725 1113/1/876 1115/1/726
f 1113/1/728 1117/1/729 1118/1/729
f 1116/1/731 1118/1/877 1117/1/732
f 1111/1/734 1112/1/734 1118/1/735
f 1119/1/737 1122/1/878 1124/1/738
f 1122/1/740 1126/1/740 1127/1/741
f 1120/1/742 1125/1/879 1127/1/743
f 1125/1/745 1129/1/746 1130/1/746
f 1128/1/747 1130/1/880 1129/1/748
f 1123/1/750 1124/1/881 1130/1/751
f 1131/1/753 1134/1/882 1136/1/754
f 1134/1/756 1138/1/757 1139/1/757
f 1137/1/758 1139/1/883 1138/1/759
f 1141/1/761 1142/1/761 1139/1/761
f 1133/1/762 1140/1/884 1142/1/763
f 1140/1/765 1135/1/765 1136/1/766
f 1143/1/768 1146/1/885 1148/1/769
f 1150/1/771 1151/1/772 1148/1/772
f 1144/1/773 1149/1/886 1151/1/774
f 1149/1/776 1153/1/776 1154/1/776
f 1152/1/777 1154/1/887 1153/1/778
f 1147/1/780 1148/1/780 1154/1/781
f 1155/1/783 1158/1/888 1160/1/784
f 1158/1/786 1162/1/889 1163/1/787
f 1161/1/788 1163/1/890 1162/1/789
f 1165/1/791 1166/1/891 1163/1/792
f 1157/1/793 1164/1/892 1166/1/794
f 1164/1/796 1159/1/796 1160/1/797
f 1167/1/799 1170/1/893 1172/1/800
f 1174/1/802 1175/1/803 1172/1/803
f 1168/1/804 1173/1/894 1175/1/805
f 1173/1/807 1177/1/808 1178/1/808
f 1176/1/810 1178/1/895 1177/1/811
f 1171/1/813 1172/1/813 1178/1/814
f 1179/1/817 1182/1/896 1184/1/818
f 1186/1/820 1187/1/821 1184/1/821
f 1180/1/822 1185/1/897 1187/1/823
f 1185/1/825 1189/1/825 1190/1/825
f 1188/1/826 1190/1/898 1189/1/827
f 1183/1/829 1184/1/829 1190/1/830
f 1191/1/832 1194/1/899 1196/1/833
f 1194/1/835 1198/1/900 1199/1/836
f 1197/1/838 1199/1/901 1198/1/839
f 1201/1/841 1202/1/841 1199/1/841
f 1193/1/842 1200/1/902 1202/1/843
f 1200/1/845 1195/1/845 1196/1/846
f 1107/1/848 1111/1/848 1134/1/848
f 1111/1/849 1116/1/849 1138/1/849
f 1116/1/850 1109/1/850 1132/1/850
f 1119/1/851 1123/1/851 1113/1/852
f 1123/1/853 1128/1/853 1117/1/853
f 1128/1/854 1121/1/854 1109/1/854
f 1143/1/855 1147/1/855 1125/1/855
f 1147/1/856 1152/1/856 1129/1/856
f 1152/1/857 1145/1/857 1121/1/857
f 1133/1/858 1141/1/858 1149/1/858
f 1141/1/859 1137/1/859 1153/1/859
f 1137/1/860 1132/1/860 1145/1/860
f 1131/1/861 1135/1/861 1182/1/861
f 1135/1/433 1140/1/433 1186/1/433
f 1140/1/438 1133/1/438 1180/1/438
f 1191/1/431 1195/1/431 1146/1/431
f 1195/1/432 1200/1/432 1150/1/432
f 1200/1/427 1193/1/427 1144/1/427
f 1181/1/862 1189/1/862 1197/1/862
f 1189/1/863 1185/1/863 1201/1/863
f 1185/1/864 1180/1/864 1193/1/864
f 1179/1/865 1183/1/865 1158/1/865
f 1183/1/866 1188/1/866 1162/1/866
f 1188/1/867 1181/1/867 1156/1/867
f 1167/1/868 1171/1/868 1194/1/868
f 1171/1/869 1176/1/869 1198/1/869
f 1176/1/870 1169/1/870 1192/1/870
f 1157/1/871 1165/1/871 1173/1/872
f 1165/1/873 1161/1/873 1177/1/873
f 1161/1/874 1156/1/874 1169/1/874
f 1155/1/435 1159/1/435 1110/1/435
f 1159/1/430 1164/1/430 1114/1/430
f 1164/1/434 1157/1/434 1108/1/434
f 1120/1/429 1126/1/429 1170/1/429
f 1126/1/437 1122/1/437 1174/1/437
f 1122/1/436 1119/1/436 1168/1/436
f 1179/1/31 1155/1/31 1107/1/31
f 1228/589/903 1374/590/903 1239/591/903
f 1231/592/904 1771/593/905 2005/594/906
f 1593/595/907 1775/596/908 1784/597/909
f 1559/598/910 1512/599/910 1556/600/910
f 1614/601/911 1907/602/911 1825/603/911
f 1695/604/910 1569/605/910 1712/606/910
f 1315/607/3 1390/608/3 1405/609/3
f 1855/610/439 1780/611/439 1778/612/439
f 1203/613/912 1214/614/912 1211/615/912
f 1557/616/31 1262/617/31 1560/618/31
f 1827/619/913 1858/620/914 1614/601/915
f 1575/621/16 1506/622/16 1553/623/16
f 1261/624/31 1591/625/31 1263/626/31
f 1603/627/916 1773/628/916 1588/629/916
f 1507/630/917 2015/631/918 2016/632/919
f 1875/633/16 1948/634/16 1951/635/16
f 1987/636/920 1986/637/921 1983/638/922
f 1848/639/923 2010/640/923 1996/641/923
f 1257/642/924 1212/643/924 1258/644/924
f 1220/645/912 1507/646/912 1345/647/912
f 1208/648/904 1217/649/904 1209/650/904
f 1560/618/31 1329/651/31 1562/652/31
f 1242/653/903 1218/654/903 1243/655/903
f 1240/656/903 1950/657/903 1949/658/903
f 1384/659/925 1357/660/925 1389/661/925
f 1967/662/926 2051/663/926 1395/664/927
f 1540/665/16 1343/666/16 1507/667/16
f 1222/668/912 2015/669/928 1508/670/929
f 1203/671/930 1219/672/930 1206/673/930
f 1214/614/931 1222/668/932 1211/615/932
f 1214/674/933 1219/675/934 1221/676/933
f 1211/677/935 1220/678/936 1203/679/936
f 1224/680/924 1991/681/924 1943/682/924
f 1238/683/937 1856/684/937 1237/685/937
f 1223/686/924 1554/687/938 1985/688/939
f 2007/689/940 2006/690/941 1993/691/942
f 1207/692/943 1255/693/943 1257/694/943
f 1212/643/944 1256/695/944 1258/644/944
f 1212/696/945 1223/697/946 1225/698/945
f 1215/699/947 1224/700/948 1207/701/948
f 1484/702/16 1496/703/16 1488/704/16
f 2013/705/949 2012/706/950 2007/707/951
f 2003/708/952 2002/709/953 1498/710/954
f 1380/711/3 1247/712/3 1246/713/3
f 1205/714/955 1240/715/955 1242/716/955
f 1218/654/956 1241/717/956 1243/655/956
f 1218/718/957 1227/719/958 1229/720/957
f 1213/721/959 1228/722/960 1205/723/960
f 1875/633/961 1413/724/961 1880/725/961
f 1410/726/16 1944/727/16 1770/728/16
f 1801/729/16 1849/730/16 1874/731/16
f 1209/732/962 1231/733/962 1208/734/962
f 1216/735/963 1234/736/963 1217/649/963
f 1217/737/964 1232/738/964 1209/739/964
f 1216/740/965 1231/741/965 1233/742/965
f 1227/743/903 1995/744/903 1229/745/903
f 1878/746/966 1803/747/967 1809/748/967
f 1556/600/910 1536/749/910 1579/750/910
f 1311/751/3 1611/752/3 1248/753/3
f 1578/754/31 1260/755/31 1557/616/31
f 1775/756/16 1235/757/46 1781/758/16
f 1356/759/417 1516/760/417 1520/761/417
f 1390/608/3 1247/712/3 1385/762/3
f 1643/763/968 1342/764/969 1341/765/970
f 1329/651/31 1572/766/31 1562/652/31
f 1833/767/16 1853/768/16 1910/769/16
f 1563/770/910 1515/771/910 1559/598/910
f 1251/772/3 1611/752/3 1608/773/3
f 1379/774/925 1352/775/925 1384/659/925
f 1348/776/417 1537/777/417 1511/778/417
f 1805/779/971 1828/780/971 1830/781/972
f 1621/782/16 1304/783/16 1931/784/46
f 1236/785/973 1781/786/973 1235/787/973
f 1610/788/46 1911/789/16 1238/790/46
f 1625/791/974 1624/792/975 1871/793/976
f 1588/794/16 1777/795/46 1236/796/16
f 1263/626/31 1594/797/31 1330/798/31
f 1958/799/977 1305/800/977 1306/801/977
f 1438/802/31 1587/803/31 1261/624/31
f 1353/804/417 1511/778/417 1516/760/417
f 1213/805/956 1241/717/956 1230/806/956
f 1210/807/955 1240/715/955 1227/808/955
f 1397/809/978 1972/810/979 1973/811/980
f 1249/812/46 1418/813/46 1951/635/16
f 1242/653/903 1213/805/903 1205/814/903
f 1350/815/981 1459/816/981 1455/817/981
f 1251/772/3 1623/818/3 1419/819/3
f 1414/820/46 1249/821/46 1422/822/46
f 1415/823/982 1246/824/983 1252/825/984
f 1451/826/16 1373/827/16 1344/828/16
f 1244/829/46 1418/830/46 1249/821/46
f 1426/831/985 1251/772/986 1419/819/987
f 1245/832/988 1248/833/989 1251/834/990
f 1253/835/991 1246/836/992 1247/837/993
f 1422/838/46 1249/812/46 1374/839/16
f 1414/820/16 1427/840/16 1244/829/16
f 1323/841/994 1248/842/995 1250/843/996
f 1253/844/997 1312/845/997 1322/846/997
f 1607/847/998 1238/848/999 1237/849/3
f 1215/850/1000 1256/695/944 1226/851/1000
f 1204/852/943 1255/693/943 1223/853/943
f 1232/854/904 1849/855/1001 1771/593/905
f 1264/856/16 1434/857/46 1552/858/16
f 1257/642/924 1215/850/924 1207/859/924
f 1504/860/1002 1988/861/1003 1987/862/1004
f 1770/863/1005 1990/864/1005 2006/690/1005
f 1430/865/16 1264/856/46 1439/866/16
f 1339/867/31 1266/868/31 1265/869/31
f 1265/870/3 1268/871/3 1267/872/3
f 1267/873/1006 1438/802/1007 1261/624/1008
f 1783/874/439 1934/875/439 1843/876/439
f 1443/877/16 1264/856/16 1259/878/16
f 1442/879/1009 1260/755/1010 1435/880/1011
f 1339/867/1008 1263/626/1008 1330/798/1008
f 1266/868/1012 1329/651/1012 1262/617/1012
f 1267/873/1013 1263/626/1014 1265/869/1014
f 1266/868/1015 1260/755/1015 1268/881/1015
f 1430/882/16 1443/883/16 1259/884/16
f 1348/776/1016 1455/817/1016 1447/885/1016
f 2056/886/1017 1788/887/1018 1297/888/1017
f 1680/889/3 1314/890/3 1400/891/3
f 1699/892/46 1361/893/46 1664/894/46
f 1884/895/911 1826/896/911 1617/897/911
f 1699/892/46 1526/898/46 1523/899/46
f 1620/900/3 1311/751/3 1316/901/3
f 1532/902/417 1356/759/417 1520/761/417
f 1357/660/925 1406/903/925 1389/661/925
f 1784/597/916 1601/904/916 1593/595/916
f 1269/905/1019 1280/906/1019 1272/907/1019
f 1336/908/46 1566/909/46 1647/910/16
f 1923/911/16 1303/912/46 1617/913/46
f 1334/914/31 1570/915/31 1572/766/31
f 2046/916/977 1293/917/977 1295/918/977
f 1597/919/31 1651/920/31 1333/921/31
f 1640/922/1020 1319/923/1021 1313/924/1022
f 2045/925/1023 2071/926/1024 1862/927/1024
f 2031/928/1025 2038/929/1026 1750/930/1026
f 1344/931/1027 1970/932/1027 1976/933/1027
f 1327/934/1028 1278/935/1028 1270/936/1028
f 2051/663/1029 2028/937/1030 1758/938/1029
f 1283/939/1017 1274/940/1017 1275/941/1017
f 1552/942/1031 2022/943/1032 1554/687/938
f 1308/944/977 1284/945/977 1276/946/977
f 2067/947/1033 2041/948/1033 1953/949/1033
f 1376/950/1034 1375/951/1035 1971/952/1036
f 1541/953/1037 1582/954/1037 1548/955/1037
f 1362/956/1019 1523/957/1019 1286/958/1019
f 1285/959/1038 1269/960/1038 1272/961/1038
f 1288/962/1039 1280/906/1040 1277/963/1039
f 1280/964/1041 1285/965/1042 1272/966/1042
f 1286/967/1043 1277/677/1044 1269/679/1043
f 1786/968/46 1596/969/1045 1728/970/16
f 1290/971/1028 2040/972/1028 1292/973/1028
f 1567/974/1046 1324/975/1028 1325/976/1028
f 2061/977/1047 2048/978/1047 1762/979/1047
f 1325/693/1048 1273/980/1048 1327/981/1048
f 1326/982/1049 1278/935/1049 1328/983/1050
f 1278/984/1051 1289/985/1052 1270/986/1052
f 1290/700/1053 1281/987/1054 1273/988/1053
f 1759/989/46 1763/990/46 1749/991/46
f 2057/992/1055 2062/993/1055 1760/994/1055
f 2053/995/1056 1758/996/1056 1765/997/1057
f 1400/891/3 1315/607/3 1405/609/3
f 1306/998/1058 1271/999/1058 1308/1000/1058
f 1307/1001/1059 1284/945/1059 1309/1002/1059
f 1284/1003/1060 1293/719/1061 1276/1004/1061
f 1294/1005/1062 1279/1006/1063 1271/1007/1062
f 1298/1008/1017 1863/1009/1064 2060/1010/1065
f 1868/1011/937 1304/1012/937 1303/1013/937
f 1861/1014/46 1812/1015/46 1887/1016/46
f 1297/733/1066 1275/1017/1066 1274/1018/1066
f 1300/1019/1067 1282/1020/1067 1283/939/1067
f 1298/1021/1068 1283/1022/1068 1275/1023/1068
f 1282/1024/1069 1297/1025/1069 1274/1026/1069
f 1908/1027/439 1783/874/439 1834/1028/439
f 1769/1029/1070 2066/1030/1071 1771/593/905
f 1367/1031/981 1672/1032/981 1668/1033/981
f 1529/1034/910 1573/1035/910 1569/605/910
f 1792/1036/46 1301/1037/16 1601/1038/16
f 1545/1039/1072 1447/885/1072 1449/1040/1072
f 1667/1041/46 1360/1042/46 1659/1043/46
f 2043/1044/1073 1754/1045/1073 1768/1046/1073
f 1594/797/31 1335/1047/31 1330/798/31
f 1533/1048/910 1563/770/910 1573/1035/910
f 1319/923/3 1620/900/3 1316/901/3
f 1370/1049/925 1401/1050/925 1406/903/925
f 1528/1051/417 1369/1052/417 1532/902/417
f 1623/818/1074 1625/1053/1075 1421/1054/1076
f 1410/726/1077 1807/1055/1078 1411/1056/1077
f 1797/1057/973 1302/1058/973 1301/1059/973
f 1865/1060/46 1844/1061/46 1932/1062/46
f 1735/1063/16 1616/1064/1079 1959/1065/46
f 1598/1066/46 1795/1067/16 1790/1068/16
f 1600/1069/31 1333/921/31 1335/1047/31
f 1604/1070/1080 1440/1071/1081 1605/1072/1082
f 1790/1073/1083 1727/1074/1084 1598/1075/1085
f 1883/1076/1086 1821/1077/1087 1816/1078/1087
f 1279/1079/1059 1307/1001/1059 1309/1002/1059
f 1276/1080/1058 1306/998/1058 1308/1000/1058
f 1983/1081/1088 1982/1082/1089 1977/1083/1090
f 1317/1084/16 1616/1064/1079 1631/1085/16
f 1279/1079/977 1308/944/977 1271/1086/977
f 1368/1087/1016 1663/1088/1016 1672/1032/1016
f 1303/1089/999 1621/1090/998 1617/1091/1091
f 1314/1092/1092 1627/1093/1093 1320/1094/1092
f 1628/1095/46 1310/1096/46 1639/1097/46
f 1305/800/977 1396/1098/977 1294/1099/977
f 1310/1096/16 1631/1100/16 1639/1097/16
f 1739/1101/3 1319/923/3 1632/1102/3
f 1313/1103/1094 1316/1104/1095 1318/834/1096
f 1321/1105/1097 1314/1106/1098 1320/837/1099
f 1394/1107/46 1317/1084/16 1636/1108/16
f 1628/1095/16 1317/1109/16 1310/1096/16
f 1316/1110/1100 1323/841/994 1318/1111/1101
f 1322/846/997 1315/843/997 1321/1112/997
f 1301/1113/1102 1598/1114/1103 1601/1115/1104
f 1281/1116/1049 1326/982/1049 1328/983/1050
f 1270/1117/1048 1325/693/1048 1327/981/1048
f 1788/887/1105 1861/1118/1017 1298/1008/1017
f 2023/1119/1106 2031/928/1107 1524/1120/1108
f 1281/1116/1028 1327/934/1028 1273/1121/1028
f 1656/1122/1109 1332/1123/1110 1342/1124/1111
f 1798/1125/439 1869/1126/439 1794/1127/439
f 1341/1128/1112 1651/920/1113 1643/1129/1114
f 1340/1130/31 1339/867/31 1337/1131/31
f 1342/871/3 1337/1132/3 1341/1133/3
f 1644/1134/1115 1331/1135/1116 1655/1136/1117
f 1365/1137/1118 1668/1033/1119 1660/1138/1119
f 1336/908/46 1655/1139/1117 1331/1140/1116
f 1332/1123/31 1715/1141/31 1570/915/31
f 1339/867/1008 1335/1047/1008 1337/1131/1008
f 1340/1130/1012 1329/651/1012 1338/1142/1012
f 1335/1047/1120 1341/1128/1120 1337/1131/1121
f 1332/1123/1122 1340/1130/1123 1342/1124/1122
f 1644/1143/1124 1336/908/16 1331/1140/16
f 1324/975/1028 1954/1144/1028 1290/971/1028
f 1219/1145/912 1964/1146/912 1975/1147/1125
f 2026/1148/1019 1362/956/1019 1285/1149/1019
f 1356/759/1016 1355/1150/1016 1353/804/1016
f 1358/1151/981 1354/1152/981 1355/1150/981
f 1359/1153/1119 1352/775/1119 1354/1152/1119
f 1467/1154/925 1349/1155/925 1379/774/925
f 1462/1156/1126 1383/1157/1126 1380/711/1126
f 1351/1158/1119 1450/1159/1119 1459/816/1119
f 1346/1160/16 1446/1161/16 1454/1162/16
f 1347/1163/16 1454/1162/16 1458/1164/16
f 1344/828/16 1458/1164/16 1451/826/16
f 1353/804/1016 1350/815/1016 1348/776/1016
f 1355/1150/981 1351/1158/981 1350/815/981
f 1354/1152/1119 1349/1155/1119 1351/1158/1119
f 1357/660/1119 1372/1165/1119 1370/1049/1119
f 1359/1153/981 1371/1166/981 1372/1165/981
f 1358/1151/1016 1369/1052/1016 1371/1166/1016
f 1700/1167/417 1366/1168/417 1528/1051/417
f 1675/1169/1127 1404/1170/1127 1401/1050/1127
f 1360/1042/46 1676/1171/46 1659/1043/46
f 1365/1137/925 1675/1169/925 1401/1050/925
f 1671/1172/46 1363/1173/46 1667/1041/46
f 1664/894/46 1364/1174/46 1671/1172/46
f 1370/1049/1119 1367/1031/1118 1365/1137/1118
f 1372/1165/981 1368/1087/981 1367/1031/981
f 1371/1166/1016 1366/1168/1016 1368/1087/1016
f 1462/1156/3 1246/713/3 1423/1175/3
f 1230/806/903 1969/1176/1128 1375/1177/903
f 1396/1098/977 2050/1178/977 1296/1179/977
f 1463/1180/16 1378/1181/16 1470/1182/16
f 1470/1182/16 1377/1183/16 1474/1184/16
f 1474/1185/16 1376/1186/16 1478/1187/16
f 1471/1188/1129 1382/1189/1129 1383/1157/1129
f 1376/1186/16 1466/1190/16 1478/1187/16
f 1475/1191/1130 1381/1192/1130 1382/1193/1130
f 1479/1194/1127 1379/774/1127 1381/1192/1127
f 1380/711/1126 1388/1195/1126 1385/762/1126
f 1383/1157/1129 1387/1196/1129 1388/1195/1129
f 1382/1193/1130 1386/1197/1130 1387/1198/1130
f 1381/1192/1127 1384/659/1127 1386/1197/1127
f 1385/762/1126 1393/1199/1126 1390/608/1126
f 1388/1195/1129 1392/1200/1129 1393/1199/1129
f 1387/1198/1130 1391/1201/1130 1392/1202/1130
f 1386/1197/1127 1389/661/1127 1391/1201/1127
f 1676/1171/46 1399/1203/46 1683/1204/46
f 1399/1203/46 1687/1205/46 1683/1204/46
f 1398/1206/46 1691/1207/46 1687/1208/46
f 1684/1209/1130 1403/1210/1130 1404/1170/1130
f 1397/809/46 1679/1211/46 1691/1207/46
f 1688/1212/1129 1402/1213/1129 1403/1214/1129
f 1695/604/1131 1531/1215/1131 1529/1034/1131
f 1692/1216/1126 1400/891/1126 1402/1213/1126
f 1401/1050/1127 1409/1217/1127 1406/903/1127
f 1404/1170/1130 1408/1218/1130 1409/1217/1130
f 1403/1214/1129 1407/1219/1129 1408/1220/1129
f 1402/1213/1126 1405/609/1126 1407/1219/1126
f 1406/903/1127 1391/1201/1127 1389/661/1127
f 1409/1217/1130 1392/1202/1130 1391/1201/1130
f 1408/1220/1129 1393/1199/1129 1392/1200/1129
f 1407/1219/1126 1390/608/1126 1393/1199/1126
f 1431/1221/1132 1268/1222/1133 1442/1223/1134
f 1549/1224/1135 1449/1225/1136 1448/1226/1136
f 1540/665/1137 1448/1226/1137 1446/1161/1137
f 1413/724/1138 1877/1227/1138 1880/725/1138
f 1889/1228/1139 1736/1229/1139 1738/1230/1139
f 1801/729/1140 1881/1231/1140 1806/1232/1140
f 1881/1231/1141 1809/1233/1142 1806/1232/1142
f 1810/1234/1143 1603/627/1144 1605/1235/1145
f 1813/1236/1146 1730/1237/1147 1819/1238/1146
f 1807/1055/1148 1605/1239/1145 1411/1056/1149
f 1426/831/1150 1417/1240/1151 1415/1241/1152
f 1417/1240/1153 1429/1242/1154 1416/1243/1155
f 1416/1244/1156 1427/840/1157 1414/820/1158
f 1607/1245/1159 1899/1246/1160 1871/793/1161
f 1421/1054/1162 1413/1247/1162 1420/1248/1163
f 1420/1249/1164 1412/1250/1164 1418/813/1164
f 1423/1251/1165 1417/1252/1166 1425/1253/1167
f 1425/1253/1168 1416/1254/1169 1424/1255/1170
f 1424/1256/1171 1414/820/1172 1422/822/1173
f 1419/819/1174 1428/1257/1175 1426/831/1176
f 1421/1258/1177 1429/1259/1178 1428/1257/1179
f 1420/1260/1180 1427/840/1181 1429/1261/1182
f 1442/1223/1183 1433/1262/1184 1431/1221/1185
f 1444/1263/1186 1432/1264/1187 1433/1262/1188
f 1445/1265/1189 1430/882/1190 1432/1266/1189
f 1872/1267/439 1828/780/439 1803/747/439
f 1440/1071/1191 1411/1268/1192 1605/1072/1193
f 1441/1269/1194 1410/726/1194 1411/1056/1194
f 1544/1270/1195 1579/750/1195 1536/749/1195
f 1548/955/1196 1585/1271/1196 1544/1272/1196
f 1431/1273/1197 1440/1071/1198 1438/802/1199
f 1433/1274/1200 1441/1275/1201 1440/1071/1202
f 1441/1269/1203 1430/865/1204 1439/866/1205
f 1435/880/1206 1444/1276/1207 1442/879/1208
f 1444/1276/1209 1436/1277/1210 1445/1278/1211
f 1445/1279/1212 1434/857/1213 1443/877/1214
f 1459/816/1215 1452/1280/1215 1461/1281/1215
f 1461/1281/1216 1453/1282/1216 1460/1283/1216
f 1460/1284/1217 1451/826/1217 1458/1164/1217
f 1455/817/1218 1461/1285/1218 1457/1286/1219
f 1457/1286/1220 1460/1287/1221 1456/1288/1220
f 1456/1289/1222 1458/1164/1222 1454/1162/1222
f 1447/885/1223 1457/1290/1223 1449/1291/1224
f 1449/1291/1225 1456/1292/1225 1448/1293/1225
f 1448/1226/1226 1454/1162/1226 1446/1161/1226
f 1576/1294/1227 1436/1295/1227 1581/1296/1227
f 1581/1296/1228 1437/1297/1229 1584/1298/1228
f 1584/1299/1230 1435/880/1231 1578/754/1230
f 1470/1182/1232 1465/1300/1232 1463/1180/1232
f 1472/1301/1233 1464/1302/1233 1465/1300/1233
f 1473/1303/1234 1462/1156/1234 1464/1304/1235
f 1474/1184/1236 1472/1301/1236 1470/1182/1236
f 1476/1305/1237 1473/1306/1237 1472/1301/1238
f 1477/1307/1239 1471/1188/1239 1473/1308/1240
f 1478/1187/1241 1476/1309/1241 1474/1185/1241
f 1480/1310/1242 1477/1311/1242 1476/1309/1242
f 1481/1312/1243 1475/1191/1243 1477/1313/1243
f 1478/1187/1244 1468/1314/1245 1480/1310/1246
f 1480/1310/1247 1469/1315/1248 1481/1316/1249
f 1481/1312/1250 1467/1154/1251 1479/1194/1252
f 1463/1180/1253 1424/1317/1253 1422/838/1253
f 1465/1300/1254 1425/1318/1254 1424/1317/1254
f 1464/1319/1255 1423/1175/1255 1425/1320/1255
f 1467/1154/1256 1452/1321/1257 1450/1159/1258
f 1469/1322/1259 1453/1323/1260 1452/1321/1261
f 1453/1324/1262 1466/1190/1263 1451/826/1264
f 1232/854/904 2011/1325/904 1850/1326/1265
f 1484/702/1266 1487/1327/1266 1485/1328/1266
f 1485/1328/1267 1987/1329/920 1983/1330/922
f 1553/1331/1268 2016/632/1269 1986/637/1268
f 1482/1332/1270 1493/1333/1270 1492/1334/1270
f 1493/1333/1271 1977/1335/1272 2003/1336/1273
f 1221/1337/912 1978/1338/1125 1981/1339/912
f 1488/704/1274 1495/1340/1274 1489/1341/1274
f 1495/1340/1275 1993/1342/942 1489/1341/1276
f 1500/1343/1277 1998/1344/1278 1997/1345/1279
f 1496/703/1280 1491/1346/1280 1497/1347/1280
f 1497/1347/1281 1997/1348/1282 2013/1349/1283
f 1229/745/903 1998/1344/903 1498/710/903
f 1488/704/1284 1505/1350/1284 1503/1351/1284
f 1489/1341/1002 1504/1352/1002 1505/1350/1002
f 1256/695/924 1992/1353/924 1991/681/924
f 1496/703/1285 1495/1340/1285 1494/1354/1285
f 1497/1347/1286 2007/1355/951 1495/1340/1287
f 1233/1356/904 2008/1357/904 2011/1325/904
f 1492/1334/1288 1501/1358/1289 1499/1359/1289
f 1493/1333/1290 1500/1360/1277 1501/1358/1277
f 1241/717/903 2002/709/1291 2001/1361/1291
f 1484/702/1292 1483/1362/1292 1482/1332/1292
f 1483/1362/1293 1983/1330/1088 1977/1335/1090
f 1977/1363/1272 1976/933/1294 2003/1364/1273
f 1490/1365/1289 1501/1358/1289 1491/1346/1289
f 1491/1346/1295 1500/1366/1277 1997/1367/1279
f 1997/1368/1282 1996/641/1296 2013/1369/1283
f 1486/1370/1284 1505/1350/1284 1487/1327/1284
f 1487/1327/1297 1504/1371/1002 1987/1372/1004
f 1225/1373/924 1988/861/924 1502/1374/924
f 1344/1375/1298 1965/1376/1299 1345/647/1300
f 1524/1377/1301 2020/1378/1302 1525/1379/1303
f 1525/1379/1304 2030/1380/1019 1288/962/1019
f 1511/778/1305 1518/1381/1305 1516/760/1305
f 1513/1382/1306 1517/1383/1306 1518/1381/1306
f 1514/1384/1131 1515/771/1131 1517/1385/1131
f 1516/760/1305 1522/1386/1305 1520/761/1305
f 1518/1381/1306 1521/1387/1306 1522/1386/1306
f 1517/1385/1131 1519/1388/1131 1521/1389/1131
f 1703/1390/46 1524/1391/46 1527/1392/46
f 1707/1393/46 1527/1392/46 1526/898/46
f 1704/1394/1306 1530/1395/1306 1531/1215/1306
f 1708/1396/1305 1528/1051/1305 1530/1397/1305
f 1569/605/1307 1720/1398/1307 1712/606/1307
f 1711/1399/46 1524/1391/46 1696/1400/46
f 1529/1034/1131 1535/1401/1131 1533/1048/1131
f 1531/1215/1306 1534/1402/1306 1535/1401/1306
f 1530/1397/1305 1532/902/1305 1534/1403/1305
f 1533/1048/1131 1521/1389/1131 1519/1388/1131
f 1535/1401/1306 1522/1404/1306 1521/1389/1306
f 1534/1403/1305 1520/761/1305 1522/1386/1305
f 1549/1224/1308 1542/1405/1308 1551/1406/1308
f 1551/1406/1309 1543/1407/1309 1550/1408/1309
f 1550/1408/1310 1541/953/1310 1548/955/1310
f 1545/1409/1311 1551/1406/1311 1547/1410/1311
f 1547/1410/1312 1550/1408/1312 1546/1411/1313
f 1546/1411/1314 1548/955/1314 1544/1272/1314
f 1537/777/1315 1547/1412/1316 1539/1413/1316
f 1539/1413/1317 1546/1414/1317 1538/1415/1318
f 1538/1416/1319 1544/1270/1319 1536/749/1319
f 1537/777/1305 1513/1382/1305 1511/778/1305
f 1539/1417/1306 1514/1418/1306 1513/1382/1306
f 1538/1419/1131 1512/599/1131 1514/1384/1131
f 1540/665/16 1510/1420/16 1542/1405/16
f 1542/1405/16 1509/1421/16 1543/1407/16
f 1543/1407/16 1506/622/16 1541/953/16
f 1993/1422/1320 1992/1353/1321 1502/1374/1322
f 1566/1423/1323 1567/1424/1324 2024/1425/1325
f 2036/1426/1326 1567/974/1327 1289/1427/1028
f 1562/652/1328 1561/1428/1328 1560/618/1328
f 1564/1429/1307 1559/598/1307 1561/1430/1307
f 1560/618/1328 1558/1431/1328 1557/616/1328
f 1561/1430/1307 1556/600/1307 1558/1432/1307
f 1563/770/1307 1574/1433/1307 1573/1035/1307
f 1564/1434/1328 1572/766/1328 1574/1435/1328
f 1723/1436/1329 1732/1437/46 1596/969/1045
f 1571/1438/1328 1715/1141/1330 1720/1439/1330
f 1719/1440/46 1565/1441/46 1711/1399/46
f 1716/1442/46 1568/1443/46 1719/1444/46
f 1573/1035/1307 1571/1445/1307 1569/605/1307
f 1574/1435/1328 1570/915/1328 1571/1438/1328
f 1581/1296/1331 1577/1446/1331 1576/1294/1332
f 1583/1447/1333 1575/621/1333 1577/1448/1333
f 1584/1298/1334 1583/1449/1334 1581/1296/1335
f 1586/1450/1336 1582/954/1336 1583/1451/1337
f 1578/754/1338 1586/1452/1338 1584/1299/1339
f 1580/1453/1340 1585/1454/1340 1586/1455/1340
f 1557/616/1328 1580/1456/1328 1578/754/1328
f 1558/1432/1307 1579/750/1307 1580/1457/1307
f 1576/1294/16 1555/1458/16 1552/858/16
f 1577/1459/16 1553/623/16 1555/1460/16
f 1255/1461/924 1552/942/924 1554/687/938
f 1731/1462/1341 1597/919/1342 1599/1463/1343
f 1735/1063/16 1744/1464/46 1616/1064/1079
f 1603/627/1344 1606/1465/1344 1605/1466/1344
f 1606/1465/1345 1604/1467/1080 1605/1466/1082
f 1591/625/1346 1589/1468/1347 1592/1469/1348
f 1592/1469/1349 1588/1470/1350 1590/1471/1351
f 1591/625/1352 1595/1472/1353 1594/797/1354
f 1592/1469/1355 1593/595/1356 1595/1472/1357
f 1732/1437/46 1728/1473/16 1596/969/1045
f 1727/1074/1358 1599/1463/1359 1598/1075/1360
f 1601/1115/1350 1599/1463/1349 1602/1474/1361
f 1602/1474/1347 1597/919/1346 1600/1069/1354
f 1601/904/1357 1595/1472/1357 1593/595/1356
f 1602/1474/1354 1594/797/1354 1595/1472/1353
f 1604/1070/1362 1589/1468/1354 1587/803/1354
f 1606/1475/1363 1588/629/1357 1589/1468/1357
f 1590/1471/1103 1236/1476/1102 1235/1477/31
f 1617/897/1364 1743/1478/1365 1736/1229/1365
f 1623/818/1074 1626/1479/1366 1625/1480/1075
f 1626/1479/1367 1624/1481/975 1625/1480/974
f 1613/1482/1368 1612/1483/1368 1611/752/1368
f 1615/1484/1364 1610/1485/1364 1612/1486/1364
f 1608/773/1369 1612/1483/1370 1609/1487/1371
f 1609/1487/1372 1610/1488/1373 1607/847/1374
f 1614/601/1375 1622/1489/1376 1621/1490/1377
f 1615/1491/1378 1620/900/1379 1622/1492/1380
f 1619/1493/1368 1739/1101/1368 1743/1494/1368
f 1744/1464/46 1740/1495/16 1616/1064/1079
f 1617/1091/1373 1622/1492/1372 1619/1493/1381
f 1619/1493/1370 1620/900/1382 1618/1496/1368
f 1608/773/1369 1626/1497/1383 1623/818/1368
f 1609/1498/1384 1624/792/1385 1626/1499/1386
f 1607/1500/16 1237/1501/16 1856/1502/46
f 1819/1238/1387 1729/1503/1388 1822/1504/1389
f 1822/1505/1390 1727/1074/1391 1815/1506/1392
f 1639/1097/1393 1630/1507/1394 1628/1095/1395
f 1641/1508/1396 1629/1509/1397 1630/1507/1398
f 1629/1510/1399 1640/922/1400 1627/1511/1401
f 1628/1095/1402 1638/1512/1403 1636/1513/1404
f 1630/1507/1405 1637/1514/1406 1638/1512/1407
f 1629/1515/1408 1635/1516/1409 1637/1517/1410
f 1639/1097/1411 1633/1518/1412 1641/1508/1413
f 1641/1508/1414 1634/1519/1415 1642/1520/1416
f 1642/1521/1417 1632/1102/1418 1640/922/1419
f 1644/1134/1420 1657/1522/1421 1646/1523/1422
f 1646/1523/1423 1658/1524/1424 1645/1524/1425
f 1645/1525/1426 1656/1526/1427 1643/763/1428
f 1652/1527/1429 1646/1528/1430 1654/1529/1431
f 1654/1529/1432 1645/1530/1433 1653/1531/1434
f 1653/1532/1435 1643/1129/1436 1651/920/1437
f 1647/910/1438 1657/1533/1439 1655/1139/1440
f 1657/1533/1441 1650/1534/1442 1658/1535/1443
f 1658/1536/1444 1648/1537/1445 1656/1122/1446
f 1663/1088/1447 1674/1538/1448 1672/1032/1449
f 1665/1539/1450 1673/1540/1451 1674/1538/1452
f 1666/1541/1453 1671/1172/1454 1673/1542/1455
f 1672/1032/1456 1670/1543/1457 1668/1033/1458
f 1674/1544/1459 1669/1545/1460 1670/1543/1461
f 1673/1542/1462 1667/1041/1463 1669/1546/1464
f 1668/1033/1465 1662/1547/1465 1660/1138/1465
f 1670/1548/1466 1661/1549/1466 1662/1547/1466
f 1669/1546/1467 1659/1043/1467 1661/1550/1467
f 1683/1204/1468 1678/1551/1468 1676/1171/1469
f 1685/1552/1470 1677/1553/1470 1678/1551/1470
f 1686/1554/1471 1675/1169/1471 1677/1555/1472
f 1683/1204/1473 1689/1556/1473 1685/1552/1473
f 1685/1552/1474 1690/1557/1474 1686/1558/1474
f 1686/1554/1475 1688/1559/1475 1684/1209/1475
f 1687/1208/1476 1693/1560/1476 1689/1561/1476
f 1689/1561/1477 1694/1562/1477 1690/1563/1477
f 1690/1564/1478 1692/1216/1478 1688/1212/1478
f 1691/1207/1479 1681/1565/1479 1693/1560/1480
f 1693/1560/1481 1682/1566/1481 1694/1567/1481
f 1694/1568/1482 1680/889/1482 1692/1216/1482
f 1679/1211/1483 1638/1569/1483 1681/1565/1483
f 1681/1565/1484 1637/1570/1485 1682/1571/1484
f 1682/1572/1486 1635/1573/1486 1680/889/1486
f 1675/1169/1487 1662/1574/1488 1677/1555/1487
f 1677/1555/1489 1661/1575/1489 1678/1576/1489
f 1661/1550/1490 1676/1171/1490 1678/1551/1490
f 1696/1400/1491 1705/1577/1491 1698/1578/1492
f 1698/1578/1493 1706/1579/1493 1697/1580/1494
f 1697/1581/1495 1704/1394/1495 1695/604/1495
f 1703/1390/1496 1709/1582/1496 1705/1577/1496
f 1705/1577/1497 1710/1583/1497 1706/1584/1497
f 1706/1585/1498 1708/1586/1498 1704/1394/1499
f 1707/1393/1500 1701/1587/1500 1709/1582/1500
f 1709/1582/1501 1702/1588/1501 1710/1589/1501
f 1710/1590/1502 1700/1167/1502 1708/1396/1502
f 1700/1167/1503 1665/1539/1503 1663/1088/1503
f 1702/1591/1504 1666/1592/1504 1665/1539/1504
f 1701/1587/1505 1664/894/1505 1666/1541/1505
f 1715/1141/1506 1722/1593/1506 1720/1439/1506
f 1717/1594/1507 1721/1595/1507 1722/1593/1507
f 1718/1596/1508 1719/1444/1508 1721/1597/1508
f 1720/1398/1509 1714/1598/1509 1712/606/1509
f 1722/1599/1510 1713/1600/1511 1714/1598/1511
f 1721/1601/1512 1711/1399/1512 1713/1602/1512
f 1712/606/1513 1697/1581/1513 1695/604/1513
f 1714/1603/1514 1698/1604/1515 1697/1581/1515
f 1713/1602/1516 1696/1400/1517 1698/1578/1517
f 1716/1442/1518 1649/1605/1518 1647/910/1518
f 1718/1596/1519 1650/1606/1519 1649/1605/1519
f 1717/1607/1520 1648/1537/1520 1650/1608/1520
f 1731/1462/1521 1726/1609/1522 1724/1610/1523
f 1733/1611/1524 1725/1612/1525 1726/1609/1526
f 1725/1613/1527 1732/1437/1528 1723/1436/1529
f 1731/1462/1530 1729/1614/1531 1733/1615/1532
f 1733/1615/1533 1730/1616/1534 1734/1617/1535
f 1734/1618/1536 1728/1473/1537 1732/1437/1538
f 1723/1436/1539 1654/1529/1539 1725/1613/1539
f 1725/1613/1540 1653/1619/1540 1726/1620/1540
f 1726/1621/1541 1651/920/1541 1724/1610/1541
f 1892/1622/1542 1738/1623/1542 1737/1624/1542
f 1895/1625/1543 1902/1626/1543 1824/1627/1543
f 1886/1628/1544 1737/1624/1544 1735/1063/1544
f 1743/1478/1545 1738/1629/1546 1736/1229/1545
f 1745/1630/1547 1737/1631/1548 1738/1629/1547
f 1737/1624/1549 1744/1464/1550 1735/1063/1550
f 1743/1494/1551 1741/1632/1551 1745/1633/1551
f 1745/1633/1552 1742/1634/1553 1746/1635/1554
f 1746/1636/1555 1740/1495/1556 1744/1464/1556
f 1893/1637/1557 1812/1015/1557 1818/1638/1557
f 1821/1077/1558 1893/1639/1559 1818/1640/1558
f 1839/1641/439 1883/1076/439 1816/1078/439
f 1740/1642/1560 1633/1643/1560 1631/1085/1560
f 1742/1644/1561 1634/1645/1561 1633/1643/1561
f 1741/1646/1562 1632/1102/1562 1634/1647/1562
f 1794/1648/16 1922/1649/16 1838/1650/16
f 2037/1651/1073 1768/1652/1073 1752/1653/1073
f 1752/1654/1563 1749/991/1564 1750/1655/1564
f 2027/1656/1565 2032/1657/1566 1748/1658/1565
f 1748/1659/1567 1757/1660/1568 1758/1661/1568
f 2040/972/1028 1767/1662/1028 1326/982/1028
f 1754/1663/1569 1759/989/1570 1753/1664/1569
f 2047/1665/1057 1765/1666/1057 1756/1667/1057
f 1756/1668/1571 1761/1669/1572 1762/1670/1572
f 2041/948/1573 2058/1671/1573 1754/1672/1574
f 1768/1673/1575 1753/1664/1576 1766/1674/1575
f 2060/1010/1017 2057/992/1017 1299/1675/1017
f 1762/1676/1577 1759/989/1577 1760/1677/1577
f 2050/1178/977 1764/1678/977 1307/1001/977
f 1765/1679/1578 1757/1660/1578 1763/990/1578
f 2030/1380/1019 2027/1656/1019 1287/1680/1019
f 1748/1681/1579 1749/991/1579 1747/1682/1579
f 1764/1678/977 2046/916/977 1295/918/977
f 1765/1683/1578 1755/1684/1578 1756/1685/1578
f 1767/1662/1028 2036/1426/1326 1291/1686/1028
f 1768/1687/1575 1751/1688/1576 1752/1689/1576
f 1361/1690/1580 1966/1691/1581 1967/662/1582
f 1787/1692/1583 1788/1693/1584 2068/1694/1585
f 1849/1695/1586 1850/1696/1587 2070/1697/1588
f 1838/1650/16 1791/1698/16 1796/1699/16
f 1776/1700/1589 1784/597/1590 1775/596/1591
f 1780/611/1592 1779/1701/1592 1778/612/1592
f 1782/1702/1593 1777/1703/1593 1779/1701/1593
f 1775/756/16 1782/1704/16 1776/1705/16
f 1834/1028/1594 1785/1706/1595 1776/1707/1596
f 1773/1708/46 1779/1709/46 1777/795/46
f 1782/1704/16 1833/767/16 1835/1710/16
f 1784/597/1590 1793/1711/1597 1792/1712/1597
f 1797/1057/1598 1796/1713/1598 1795/1714/1598
f 1799/1715/1599 1794/1127/1599 1796/1713/1599
f 1785/1706/1595 1843/876/1600 1845/1716/1600
f 1799/1717/46 1792/1036/46 1793/1718/46
f 1791/1719/1601 1839/1641/1602 1816/1078/1603
f 1796/1699/16 1790/1068/16 1795/1067/16
f 1806/1232/1604 1802/1720/1604 1801/729/1604
f 1808/1721/1605 1800/1722/1605 1802/1720/1605
f 1809/1233/1606 1808/1721/1607 1806/1232/1606
f 1811/1723/1608 1807/1055/1608 1808/1721/1608
f 1803/747/1609 1811/1724/1609 1809/748/1609
f 1805/1725/1610 1810/1234/1610 1811/1726/1610
f 1801/729/16 1772/1727/16 1769/1728/16
f 1802/1720/16 1770/728/16 1772/1727/16
f 1804/1729/1611 1774/1730/1611 1773/628/1611
f 1774/1731/46 1829/1732/46 1778/1733/46
f 1822/1505/1612 1817/1734/1613 1823/1735/1614
f 1823/1736/1615 1816/1078/1616 1821/1077/1617
f 1819/1238/1618 1823/1737/1619 1820/1738/1620
f 1820/1739/1621 1821/1077/1622 1818/1640/1622
f 1813/1236/1623 1820/1740/1623 1814/1741/1624
f 1814/1741/1625 1818/1638/1625 1812/1015/1626
f 1815/1506/1627 1791/1742/1628 1817/1743/1629
f 1844/1061/46 1799/1717/46 1793/1718/46
f 1786/968/46 1814/1741/46 1789/1744/46
f 1789/1744/46 1812/1015/46 1787/1745/46
f 1224/680/924 1946/1746/924 1254/1747/924
f 1901/1748/1630 1829/1732/1630 1832/1749/1630
f 1907/602/1631 1914/1750/1631 1825/603/1632
f 1831/1751/1633 1901/1752/1634 1832/1753/1633
f 1913/1754/1635 1834/1028/1635 1837/1755/1635
f 1919/1756/1636 1926/1757/1637 1826/896/1636
f 1916/1758/1638 1837/1759/1639 1836/1760/1639
f 1925/1761/1635 1839/1641/1635 1842/1762/1635
f 1931/784/1640 1938/1763/1640 1827/1764/1640
f 1928/1765/1638 1842/1766/1639 1841/1767/1639
f 1844/1061/1630 1937/1768/1630 1932/1062/1630
f 1847/1769/1633 1940/1770/1634 1937/1768/1634
f 1828/780/1641 1831/1751/1641 1830/1753/1641
f 1831/1751/1642 1832/1771/1642 1830/1753/1642
f 1832/1771/1643 1829/1753/1643 1830/1753/1643
f 1833/767/1644 1836/1760/1644 1835/1710/1644
f 1836/1760/1645 1837/1772/1645 1835/1710/1645
f 1837/1772/1646 1834/1759/1646 1835/1710/1646
f 1838/1650/1647 1841/1767/1647 1840/1773/1647
f 1841/1767/1648 1842/1774/1648 1840/1773/1648
f 1842/1774/1649 1839/1766/1649 1840/1773/1649
f 1843/876/1650 1846/1775/1650 1845/1716/1650
f 1846/1775/1651 1847/1776/1651 1845/1716/1651
f 1847/1776/1652 1844/1777/1652 1845/1716/1652
f 1905/1778/1653 1899/1779/1653 1824/1627/1653
f 1902/1626/1654 1905/1778/1654 1824/1627/1654
f 1898/1780/1655 1831/1751/1655 1828/780/1655
f 1917/1781/1656 1911/1782/1656 1825/603/1656
f 1914/1750/1657 1917/1781/1657 1825/603/1657
f 1910/769/1658 1836/1760/1658 1833/767/1658
f 1846/1775/1655 1934/875/1655 1940/1783/1655
f 1938/1763/1659 1941/1784/1659 1827/1764/1659
f 1941/1784/1660 1935/1785/1660 1827/1764/1660
f 1929/1786/1661 1923/1787/1661 1826/896/1661
f 1926/1757/1662 1929/1786/1662 1826/896/1662
f 1922/1649/1658 1841/1767/1658 1838/1650/1658
f 1896/1788/46 1778/1733/46 1829/1732/46
f 1861/1118/1663 2072/1789/1664 1863/1009/1064
f 1855/610/1665 1854/1790/1665 1853/1791/1665
f 1857/1792/1666 1852/1793/1666 1854/1790/1666
f 1868/1011/1667 1867/1794/1667 1866/1795/1667
f 1870/1796/1668 1865/1797/1668 1867/1794/1668
f 1881/1231/1669 1876/1798/1669 1882/1799/1669
f 1882/1799/1670 1875/633/1670 1880/725/1670
f 1878/1800/1671 1882/1799/1671 1879/1801/1672
f 1879/1801/1673 1880/725/1673 1877/1227/1673
f 1872/1267/1674 1879/1802/1674 1873/1803/1674
f 1873/1803/1675 1877/1804/1675 1871/793/1675
f 1848/1805/16 1876/1798/16 1851/1806/16
f 1851/1806/16 1874/731/16 1849/730/16
f 1889/1228/1676 1885/1807/1676 1884/895/1677
f 1891/1808/1678 1883/1076/1678 1885/1807/1679
f 1892/1622/1680 1891/1809/1680 1889/1810/1680
f 1894/1811/1681 1890/1812/1681 1891/1813/1681
f 1886/1628/1682 1894/1814/1682 1892/1622/1682
f 1888/1815/1683 1893/1637/1683 1894/1814/1683
f 1862/1816/46 1888/1815/46 1886/1628/46
f 1864/1817/46 1887/1016/46 1888/1815/46
f 1901/1748/1684 1897/1818/1685 1896/1788/1684
f 1903/1819/1686 1895/1625/1687 1897/1818/1686
f 1901/1752/1688 1906/1820/1689 1903/1821/1689
f 1903/1822/1690 1905/1778/1690 1902/1626/1690
f 1904/1823/1691 1900/1824/1691 1906/1825/1691
f 1906/1826/1692 1899/1779/1693 1905/1778/1693
f 1913/1754/1694 1909/1827/1694 1908/1027/1694
f 1915/1828/1695 1907/602/1696 1909/1827/1695
f 1916/1758/1697 1915/1829/1697 1913/1830/1697
f 1918/1831/1698 1914/1750/1699 1915/1832/1698
f 1916/1758/1700 1912/1833/1700 1918/1834/1700
f 1918/1835/1701 1911/1782/1701 1917/1781/1701
f 1925/1761/1702 1921/1836/1702 1920/1837/1703
f 1927/1838/1704 1919/1756/1705 1921/1836/1706
f 1928/1765/1707 1927/1839/1707 1925/1840/1707
f 1930/1841/1708 1926/1757/1709 1927/1842/1708
f 1928/1765/1710 1924/1843/1710 1930/1844/1711
f 1930/1845/1712 1923/1787/1713 1929/1786/1714
f 1937/1768/1715 1933/1846/1715 1932/1062/1715
f 1939/1847/1716 1931/784/1717 1933/1846/1716
f 1937/1768/1718 1942/1848/1718 1939/1847/1719
f 1939/1847/1720 1941/1784/1721 1938/1763/1721
f 1940/1783/1722 1936/1849/1722 1942/1850/1722
f 1942/1851/1723 1935/1785/1724 1941/1784/1724
f 1855/1852/46 1897/1818/46 1857/1853/46
f 1857/1853/46 1895/1625/46 1856/1502/46
f 1871/793/1725 1900/1854/1726 1873/1803/1727
f 1873/1803/1728 1898/1780/1729 1872/1267/1730
f 1911/789/16 1854/1855/16 1852/1856/16
f 1912/1857/16 1853/768/16 1854/1855/16
f 1858/620/1731 1909/1827/1732 1907/602/1732
f 1860/1858/1733 1908/1027/1734 1909/1827/1734
f 1923/911/16 1870/1859/16 1868/1860/16
f 1924/1861/16 1869/1862/16 1870/1859/16
f 1920/1837/1735 1885/1807/1735 1883/1076/1735
f 1921/1836/1736 1884/895/1736 1885/1807/1736
f 1865/1060/46 1933/1846/46 1867/1863/46
f 1867/1863/46 1931/784/46 1866/1864/46
f 1858/620/1731 1936/1865/1737 1860/1858/1738
f 1860/1858/1733 1934/875/1739 1859/1866/1734
f 1723/1436/1329 1596/969/1045 1336/908/46
f 1947/1867/1740 1945/1868/1741 1946/1869/1742
f 1952/1870/1743 1950/1871/1744 1951/1872/1745
f 1957/1873/1746 1955/1874/1747 1956/1875/1748
f 1962/1876/1749 1960/1877/1750 1961/1878/1751
f 1979/1879/1752 1977/1880/1272 1978/1338/1753
f 1984/1881/1754 1982/1882/1089 1983/1883/1088
f 1989/1884/1755 1987/1885/920 1988/861/1756
f 1994/1886/1757 1992/1353/1321 1993/1887/1320
f 1999/1888/1758 1997/1889/1282 1998/1344/1759
f 2004/1890/1760 2002/1891/953 2003/1892/952
f 2009/1893/1761 2007/1894/940 2008/1357/1762
f 2014/1895/1763 2012/706/950 2013/1896/949
f 2029/1897/1764 2027/1656/1765 2028/1898/1766
f 2034/1899/1767 2032/1900/1768 2033/1901/1769
f 2039/1902/1770 2037/1903/1771 2038/1904/1772
f 2044/1905/1773 2042/1906/1774 2043/1044/1775
f 2049/1907/1776 2047/1908/1777 2048/1909/1778
f 2054/1910/1779 2052/1911/1780 2053/995/1781
f 2059/1912/1782 2057/1913/1783 2058/1914/1784
f 2064/1915/1785 2062/1916/1786 2063/1917/1787
f 1975/1147/1788 1965/1376/1789 1979/1918/1788
f 1965/1376/1790 1976/933/1791 1979/1918/1791
f 2001/1361/1792 1971/1919/1792 1969/1176/1792
f 1971/1920/1793 2000/1921/1793 1970/932/1793
f 1943/682/1794 1994/1922/1795 1947/1867/1794
f 1947/1867/1796 1990/864/1796 1944/1923/1796
f 1949/658/1797 1999/1924/1798 1995/744/1798
f 1952/1870/1799 1996/641/1799 1999/1925/1799
f 1980/1926/1800 2017/1927/1801 1984/1881/1800
f 2017/1928/1802 1981/1339/1802 1984/1929/1802
f 1986/637/1803 2022/1930/1804 2021/1931/1805
f 2022/1932/1032 1985/688/939 1554/687/938
f 2026/1148/1806 1968/1933/1806 1966/1934/1806
f 1968/1933/1807 2025/1935/1808 1967/662/1807
f 2050/1178/1809 1974/1936/1809 2054/1937/1809
f 1974/1938/1810 2051/663/1811 2054/1939/1811
f 2036/1426/1812 2024/1940/1325 1567/974/1324
f 2024/1941/1813 2035/1942/1814 2023/1119/1813
f 2030/1380/1815 2020/1943/1815 2034/1944/1815
f 2020/1945/1816 2031/928/1816 2034/1946/1816
f 1954/1144/1817 2044/1947/1817 2040/972/1817
f 1957/1873/1818 2041/948/1819 2044/1947/1819
f 1958/799/1820 2049/1948/1821 1962/1876/1820
f 1962/1949/1822 2045/925/1822 1959/1950/1822
f 2006/690/1823 2066/1951/1824 2065/1952/1825
f 2066/1953/1071 2005/594/906 1771/593/905
f 2056/886/1826 2068/1954/1585 1788/887/1584
f 2068/1955/1827 2055/1956/1828 2067/947/1829
f 2011/1325/1830 2070/1697/1588 1850/1326/1587
f 2070/1697/1831 2010/640/1832 2069/1957/1831
f 2060/1010/1833 2072/1789/1834 2064/1958/1833
f 2072/1789/1835 2061/977/1836 2064/1958/1836
f 1439/866/46 1264/856/16 1946/1959/16
f 1245/1960/1837 1415/1241/1838 1252/1961/1839
f 1250/1962/3 1252/1961/1839 1253/1963/3
f 1323/1964/3 1253/1963/3 1322/1965/3
f 1320/1966/1840 1640/922/1841 1313/924/1842
f 1318/1967/3 1320/1966/1840 1313/924/1842
f 1322/1965/3 1318/1967/3 1323/1964/3
f 1239/591/903 1240/656/903 1228/589/903
f 1228/589/903 1375/1177/903 1374/590/903
f 2005/594/904 1233/1356/904 1231/592/904
f 1593/595/907 1590/1968/1843 1775/596/908
f 1559/598/910 1515/771/910 1512/599/910
f 1825/603/911 1610/1485/911 1614/601/911
f 1614/601/911 1858/620/911 1907/602/911
f 1695/604/910 1529/1034/910 1569/605/910
f 1315/607/3 1312/1969/3 1390/608/3
f 1855/610/439 1853/1791/439 1780/611/439
f 1203/613/912 1206/1970/912 1214/614/912
f 1557/616/31 1260/755/31 1262/617/31
f 1614/601/915 1621/1490/1844 1827/619/913
f 1827/619/913 1935/1971/1845 1858/620/914
f 1575/621/16 1541/953/16 1506/622/16
f 1261/624/31 1587/803/31 1591/625/31
f 1603/627/916 1804/1729/916 1773/628/916
f 2016/632/919 1506/1972/1846 1509/1973/1847
f 1509/1973/1847 1510/1974/16 1507/630/917
f 1507/630/917 1508/1975/1848 2015/631/918
f 2015/631/918 2017/1976/1849 2016/632/919
f 2016/632/919 1509/1973/1847 1507/630/917
f 1951/635/16 1412/1250/16 1875/633/16
f 1875/633/16 1848/1805/16 1948/634/16
f 1986/637/921 1980/1926/1850 1983/638/922
f 1996/641/923 1948/1977/923 1848/639/923
f 1848/639/923 2069/1957/923 2010/640/923
f 1257/642/924 1204/1978/924 1212/643/924
f 1345/647/912 1219/1145/912 1220/645/912
f 1220/645/912 1508/670/929 1507/646/912
f 1507/646/912 1343/1979/1125 1345/647/912
f 1208/648/904 1216/735/904 1217/649/904
f 1560/618/31 1262/617/31 1329/651/31
f 1242/653/903 1210/1980/903 1218/654/903
f 1949/658/903 1227/743/903 1240/656/903
f 1240/656/903 1239/591/903 1950/657/903
f 1384/659/925 1352/775/925 1357/660/925
f 1395/664/927 1360/1981/926 1967/662/926
f 1967/662/926 2025/1935/926 2051/663/926
f 2051/663/926 1972/1982/1851 1395/664/927
f 1540/665/16 1446/1161/16 1343/666/16
f 1508/670/929 1220/645/912 1222/668/912
f 1222/668/912 1981/1339/912 2015/669/928
f 1203/671/930 1220/1983/930 1219/672/930
f 1214/614/931 1221/1337/931 1222/668/932
f 1214/674/933 1206/1984/934 1219/675/934
f 1211/677/935 1222/676/935 1220/678/936
f 1224/680/924 1226/851/924 1991/681/924
f 1238/683/937 1852/1793/937 1856/684/937
f 1985/688/924 1225/1373/924 1223/686/924
f 2006/690/941 1990/864/1852 1993/691/942
f 1207/692/943 1224/1985/1853 1255/693/943
f 1212/643/944 1225/1373/944 1256/695/944
f 1212/696/945 1204/1986/946 1223/697/946
f 1215/699/947 1226/1987/947 1224/700/948
f 1503/1351/16 1486/1370/16 1484/702/16
f 1484/702/16 1482/1332/16 1492/1334/16
f 1499/1359/16 1490/1365/16 1496/703/16
f 1484/702/16 1492/1334/16 1499/1359/16
f 1488/704/16 1503/1351/16 1484/702/16
f 1496/703/16 1494/1354/16 1488/704/16
f 1484/702/16 1499/1359/16 1496/703/16
f 2012/706/950 2008/1357/1854 2007/707/951
f 1498/710/954 1500/1343/1277 2003/708/952
f 1380/711/3 1385/762/3 1247/712/3
f 1205/714/955 1228/1988/955 1240/715/955
f 1218/654/956 1229/745/956 1241/717/956
f 1218/718/957 1210/1989/958 1227/719/958
f 1213/721/959 1230/1990/959 1228/722/960
f 1875/633/961 1412/1250/961 1413/724/961
f 1770/728/16 1800/1722/16 1410/726/16
f 1410/726/16 1945/1991/16 1944/727/16
f 1801/729/16 1769/1728/16 1849/730/16
f 1209/732/962 1232/1992/962 1231/733/962
f 1216/735/963 1233/1356/963 1234/736/963
f 1217/737/964 1234/1025/964 1232/738/964
f 1216/740/965 1208/1993/965 1231/741/965
f 1227/743/903 1949/658/903 1995/744/903
f 1878/746/966 1872/1267/966 1803/747/967
f 1556/600/910 1512/599/910 1536/749/910
f 1311/751/3 1613/1482/3 1611/752/3
f 1578/754/31 1435/880/31 1260/755/31
f 1775/756/16 1590/1994/46 1235/757/46
f 1356/759/417 1353/804/417 1516/760/417
f 1390/608/3 1312/1969/3 1247/712/3
f 1643/763/968 1656/1526/1855 1342/764/969
f 1329/651/31 1334/914/31 1572/766/31
f 1833/767/16 1780/1995/16 1853/768/16
f 1563/770/910 1519/1388/910 1515/771/910
f 1251/772/3 1248/753/3 1611/752/3
f 1379/774/925 1349/1155/925 1352/775/925
f 1348/776/417 1447/885/417 1537/777/417
f 1830/781/972 1774/1631/972 1805/779/971
f 1805/779/971 1803/747/971 1828/780/971
f 1304/783/16 1866/1864/46 1931/784/46
f 1931/784/46 1827/1764/46 1621/782/16
f 1236/785/973 1777/1703/973 1781/786/973
f 1610/788/46 1825/1996/16 1911/789/16
f 1911/789/16 1852/1856/16 1238/790/46
f 1871/793/976 1877/1804/976 1625/791/974
f 1588/794/16 1773/1708/46 1777/795/46
f 1263/626/31 1591/625/31 1594/797/31
f 1306/801/977 1293/917/977 1958/799/977
f 1958/799/977 1961/1997/977 1305/800/977
f 1438/802/31 1604/1070/31 1587/803/31
f 1353/804/417 1348/776/417 1511/778/417
f 1213/805/956 1243/655/956 1241/717/956
f 1210/807/955 1242/716/955 1240/715/955
f 1396/1998/1856 1394/1107/1857 1397/809/978
f 1397/809/978 1398/1999/1858 1399/1206/1859
f 1399/1206/1859 1395/1206/1860 1972/810/979
f 1972/810/979 1974/2000/1861 1973/811/980
f 1973/811/980 1396/1998/1856 1397/809/978
f 1397/809/978 1399/1206/1859 1972/810/979
f 1418/813/46 1412/1250/16 1951/635/16
f 1951/635/16 1950/2001/16 1239/2002/16
f 1951/635/16 1239/2002/16 1249/812/46
f 1242/653/903 1243/655/903 1213/805/903
f 1350/815/981 1351/1158/981 1459/816/981
f 1251/772/3 1608/773/3 1623/818/3
f 1414/820/46 1244/829/46 1249/821/46
f 1415/823/982 1423/1251/1862 1246/824/983
f 1451/826/16 1466/1190/16 1373/827/16
f 1244/829/46 1427/840/46 1418/830/46
f 1426/831/985 1245/1960/1863 1251/772/986
f 1245/832/988 1250/1707/1864 1248/833/989
f 1253/835/991 1252/2003/1865 1246/836/992
f 1374/839/16 1463/1180/16 1422/838/46
f 1249/812/46 1239/2002/16 1374/839/16
f 1323/841/994 1311/2004/1866 1248/842/995
f 1253/844/997 1247/2005/997 1312/845/997
f 1607/847/998 1610/1488/1091 1238/848/999
f 1215/850/1000 1258/644/944 1256/695/944
f 1204/852/943 1257/694/943 1255/693/943
f 1771/593/905 1231/592/904 1232/854/904
f 1232/854/904 1850/1326/1265 1849/855/1001
f 1849/855/1001 1769/1029/904 1771/593/905
f 1434/857/46 1576/1294/16 1552/858/16
f 1552/858/16 1254/2006/16 1264/856/16
f 1257/642/924 1258/644/924 1215/850/924
f 1504/860/1002 1502/1374/1322 1988/861/1003
f 2006/690/1005 2065/1952/1867 1770/863/1005
f 1770/863/1005 1944/1923/1005 1990/864/1005
f 1430/865/16 1259/878/46 1264/856/46
f 1339/867/31 1338/1142/31 1266/868/31
f 1265/870/3 1266/2007/3 1268/871/3
f 1267/873/1006 1431/1273/1868 1438/802/1007
f 1783/874/439 1859/1866/439 1934/875/439
f 1443/877/16 1434/857/46 1264/856/16
f 1442/879/1009 1268/881/1869 1260/755/1010
f 1339/867/1008 1265/869/1008 1263/626/1008
f 1266/868/1012 1338/1142/1012 1329/651/1012
f 1267/873/1013 1261/624/1013 1263/626/1014
f 1266/868/1015 1262/617/1015 1260/755/1015
f 1348/776/1016 1350/815/1016 1455/817/1016
f 1297/888/1017 1299/1675/1017 2056/886/1017
f 1680/889/3 1635/1573/3 1314/890/3
f 1699/892/46 1523/899/46 1361/893/46
f 1617/897/911 1736/1229/911 1884/895/911
f 1884/895/911 1919/1756/911 1826/896/911
f 1699/892/46 1707/1393/46 1526/898/46
f 1620/900/3 1613/1482/3 1311/751/3
f 1532/902/417 1369/1052/417 1356/759/417
f 1357/660/925 1370/1049/925 1406/903/925
f 1784/597/916 1792/1712/916 1601/904/916
f 1269/905/1019 1277/963/1019 1280/906/1019
f 1336/908/46 1324/2008/46 1566/909/46
f 1566/909/46 1716/1442/46 1647/910/16
f 1617/913/46 1826/2009/16 1923/911/16
f 1923/911/16 1868/1860/16 1303/912/46
f 1334/914/31 1332/1123/31 1570/915/31
f 2046/916/977 1958/799/977 1293/917/977
f 1597/919/31 1724/1610/31 1651/920/31
f 1640/922/1020 1632/1102/1870 1319/923/1021
f 1862/927/1024 1959/1950/1023 2045/925/1023
f 2045/925/1023 2061/977/1023 2071/926/1024
f 1750/930/1026 2032/2010/1026 2031/928/1025
f 2031/928/1025 2035/1942/1026 2038/929/1026
f 2038/929/1026 1752/2011/1026 1750/930/1026
f 1976/933/1027 1963/2012/1027 1344/931/1027
f 1344/931/1027 1373/2013/1027 1970/932/1027
f 1970/932/1027 2000/1921/1027 1976/933/1027
f 1327/934/1028 1328/983/1028 1278/935/1028
f 1758/938/1029 2052/2014/1871 2051/663/1029
f 2051/663/1029 2025/1935/1029 2028/937/1030
f 2028/937/1030 1748/2015/1030 1758/938/1029
f 1283/939/1017 1282/1020/1017 1274/940/1017
f 1552/942/1031 1555/2016/16 1553/2017/1872
f 1553/2017/1872 2021/2018/1873 2022/943/1032
f 1552/942/1031 1553/2017/1872 2022/943/1032
f 1308/944/977 1309/1002/977 1284/945/977
f 1953/949/1033 1786/2019/1874 2067/947/1033
f 2067/947/1033 2055/1956/1033 2041/948/1033
f 1970/932/1875 1373/2013/1876 1376/950/1034
f 1376/950/1034 1377/2020/1877 1378/2021/1878
f 1378/2021/1878 1374/2022/1879 1375/951/1035
f 1375/951/1035 1969/2023/1880 1971/952/1036
f 1971/952/1036 1970/932/1875 1376/950/1034
f 1376/950/1034 1378/2021/1878 1375/951/1035
f 1541/953/1037 1575/621/1037 1582/954/1037
f 1286/958/1019 1285/1149/1019 1362/956/1019
f 1362/956/1019 1361/2024/1881 1523/957/1019
f 1523/957/1019 1525/1379/1304 1286/958/1019
f 1285/959/1038 1286/683/1038 1269/960/1038
f 1288/962/1039 1287/1680/1040 1280/906/1040
f 1280/964/1041 1287/2025/1041 1285/965/1042
f 1286/967/1043 1288/1990/1044 1277/677/1044
f 1728/970/16 1813/1236/46 1786/968/46
f 1786/968/46 1953/2026/46 1956/2027/46
f 1786/968/46 1956/2027/46 1596/969/1045
f 1290/971/1028 1954/1144/1028 2040/972/1028
f 1325/976/1028 1289/1427/1028 1567/974/1327
f 1567/974/1046 1566/2028/1326 1324/975/1028
f 1762/979/1047 2062/1916/1882 2061/977/1047
f 2061/977/1047 2045/925/1047 2048/978/1047
f 2048/978/1047 1756/2029/1883 1762/979/1047
f 1325/693/1048 1290/1985/1048 1273/980/1048
f 1326/982/1049 1291/1686/1049 1278/935/1049
f 1278/984/1051 1291/2030/1051 1289/985/1052
f 1290/700/1053 1292/1987/1054 1281/987/1054
f 1749/991/46 1751/1688/46 1766/1674/46
f 1766/1674/46 1753/1664/46 1759/989/46
f 1759/989/46 1761/1669/46 1755/1684/46
f 1763/990/46 1757/1660/46 1747/1682/46
f 1759/989/46 1755/1684/46 1763/990/46
f 1749/991/46 1766/1674/46 1759/989/46
f 1763/990/46 1747/1682/46 1749/991/46
f 1760/994/1055 2058/2031/1884 2057/992/1055
f 2057/992/1055 2063/1917/1885 2062/993/1055
f 2062/993/1055 1762/2032/1055 1760/994/1055
f 1765/997/1057 1764/1678/1057 2053/995/1056
f 2053/995/1056 2052/2033/1056 1758/996/1056
f 1400/891/3 1314/890/3 1315/607/3
f 1306/998/1058 1294/2034/1058 1271/999/1058
f 1307/1001/1059 1295/918/1059 1284/945/1059
f 1284/1003/1060 1295/720/1060 1293/719/1061
f 1294/1005/1062 1296/2035/1063 1279/1006/1063
f 2060/1010/1017 1300/1019/1017 1298/1008/1017
f 1868/1011/937 1866/1795/937 1304/1012/937
f 1861/1014/46 1787/1745/46 1812/1015/46
f 1297/733/1066 1298/1992/1066 1275/1017/1066
f 1300/1019/1067 1299/1675/1067 1282/1020/1067
f 1298/1021/1068 1300/2036/1068 1283/1022/1068
f 1282/1024/1069 1299/2037/1069 1297/1025/1069
f 1908/1027/439 1859/1866/439 1783/874/439
f 1769/1029/1070 1772/2038/16 1770/2039/1886
f 1770/2039/1886 2065/2040/1887 2066/1030/1071
f 1769/1029/1070 1770/2039/1886 2066/1030/1071
f 1367/1031/981 1368/1087/981 1672/1032/981
f 1529/1034/910 1533/1048/910 1573/1035/910
f 1792/1036/46 1797/2041/46 1301/1037/16
f 1545/1039/1072 1537/777/1072 1447/885/1072
f 1667/1041/46 1363/1173/46 1360/1042/46
f 1768/1046/1073 1767/1662/1073 2043/1044/1073
f 2043/1044/1073 2042/2042/1073 1754/1045/1073
f 1594/797/31 1600/1069/31 1335/1047/31
f 1533/1048/910 1519/1388/910 1563/770/910
f 1319/923/3 1618/1496/3 1620/900/3
f 1370/1049/925 1365/1137/925 1401/1050/925
f 1528/1051/417 1366/1168/417 1369/1052/417
f 1421/1054/1076 1419/819/1076 1623/818/1074
f 1410/726/1077 1800/1722/1078 1807/1055/1078
f 1797/1057/973 1795/1714/973 1302/1058/973
f 1865/1060/46 1798/2043/46 1844/1061/46
f 1616/1064/1079 1960/2044/46 1959/1065/46
f 1959/1065/46 1862/1816/46 1886/1628/46
f 1959/1065/46 1886/1628/46 1735/1063/16
f 1598/1066/46 1302/2045/46 1795/1067/16
f 1600/1069/31 1597/919/31 1333/921/31
f 1604/1070/1080 1438/802/1081 1440/1071/1081
f 1790/1073/1083 1815/1506/1888 1727/1074/1084
f 1883/1076/1086 1890/1812/1086 1821/1077/1087
f 1279/1079/1059 1296/1179/1059 1307/1001/1059
f 1276/1080/1058 1293/2046/1058 1306/998/1058
f 1982/1082/1089 1978/1338/1889 1977/1083/1090
f 1317/1084/16 1305/2047/46 1961/2048/46
f 1961/2048/46 1960/2044/46 1616/1064/1079
f 1317/1084/16 1961/2048/46 1616/1064/1079
f 1616/1064/1079 1740/1642/16 1631/1085/16
f 1279/1079/977 1309/1002/977 1308/944/977
f 1368/1087/1016 1366/1168/1016 1663/1088/1016
f 1303/1089/999 1304/2049/3 1621/1090/998
f 1314/1092/1092 1635/1516/1890 1627/1093/1093
f 1294/1099/977 1306/801/977 1305/800/977
f 1305/800/977 1394/2050/977 1396/1098/977
f 1310/1096/16 1317/1109/16 1631/1100/16
f 1739/1101/3 1618/1496/3 1319/923/3
f 1313/1103/1094 1319/2051/1891 1316/1104/1095
f 1321/1105/1097 1315/2052/1892 1314/1106/1098
f 1636/1108/16 1679/1211/46 1394/1107/46
f 1394/1107/46 1305/2047/46 1317/1084/16
f 1628/1095/16 1636/1513/16 1317/1109/16
f 1316/1110/1100 1311/2004/1866 1323/841/994
f 1322/846/997 1312/845/997 1315/843/997
f 1301/1113/1102 1302/2053/31 1598/1114/1103
f 1281/1116/1049 1292/973/1049 1326/982/1049
f 1270/1117/1048 1289/853/1048 1325/693/1048
f 1298/1008/1017 1297/888/1017 1788/887/1018
f 1788/887/1105 1787/2054/1017 1861/1118/1017
f 1861/1118/1017 1863/1009/1064 1298/1008/1017
f 1524/1120/1108 1565/2055/1106 2023/1119/1106
f 2023/1119/1106 2035/1942/1107 2031/928/1107
f 2031/928/1107 2018/2056/1108 1524/1120/1108
f 1281/1116/1028 1328/983/1028 1327/934/1028
f 1656/1122/1109 1648/1537/1893 1332/1123/1110
f 1798/1125/439 1865/1797/439 1869/1126/439
f 1341/1128/1112 1333/921/1008 1651/920/1113
f 1340/1130/31 1338/1142/31 1339/867/31
f 1342/871/3 1340/2007/3 1337/1132/3
f 1365/1137/1118 1367/1031/1118 1668/1033/1119
f 1336/908/46 1647/910/16 1655/1139/1117
f 1332/1123/31 1648/1537/31 1715/1141/31
f 1339/867/1008 1330/798/1008 1335/1047/1008
f 1340/1130/1012 1334/914/1012 1329/651/1012
f 1335/1047/1120 1333/921/1120 1341/1128/1120
f 1332/1123/1122 1334/914/1123 1340/1130/1123
f 1644/1143/1124 1652/1527/1124 1336/908/16
f 1290/971/1028 1325/976/1028 1324/975/1028
f 1324/975/1028 1955/2057/1028 1954/1144/1028
f 1975/1147/1125 1221/1337/912 1219/1145/912
f 1219/1145/912 1345/647/912 1964/1146/912
f 1285/1149/1019 1287/1680/1019 2026/1148/1019
f 2026/1148/1019 1966/1934/1894 1362/956/1019
f 1356/759/1016 1358/1151/1016 1355/1150/1016
f 1358/1151/981 1359/1153/981 1354/1152/981
f 1359/1153/1119 1357/660/1119 1352/775/1119
f 1467/1154/925 1450/1159/925 1349/1155/925
f 1462/1156/1126 1471/1188/1126 1383/1157/1126
f 1351/1158/1119 1349/1155/1119 1450/1159/1119
f 1346/1160/16 1343/666/16 1446/1161/16
f 1347/1163/16 1346/1160/16 1454/1162/16
f 1344/828/16 1347/1163/16 1458/1164/16
f 1353/804/1016 1355/1150/1016 1350/815/1016
f 1355/1150/981 1354/1152/981 1351/1158/981
f 1354/1152/1119 1352/775/1119 1349/1155/1119
f 1357/660/1119 1359/1153/1119 1372/1165/1119
f 1359/1153/981 1358/1151/981 1371/1166/981
f 1358/1151/1016 1356/759/1016 1369/1052/1016
f 1700/1167/417 1663/1088/417 1366/1168/417
f 1675/1169/1127 1684/1209/1127 1404/1170/1127
f 1360/1042/46 1395/2058/46 1676/1171/46
f 1365/1137/925 1660/1138/925 1675/1169/925
f 1671/1172/46 1364/1174/46 1363/1173/46
f 1664/894/46 1361/893/46 1364/1174/46
f 1370/1049/1119 1372/1165/1119 1367/1031/1118
f 1372/1165/981 1371/1166/981 1368/1087/981
f 1371/1166/1016 1369/1052/1016 1366/1168/1016
f 1462/1156/3 1380/711/3 1246/713/3
f 1375/1177/903 1228/589/903 1230/806/903
f 1230/806/903 2001/1361/1291 1969/1176/1128
f 1296/1179/977 1294/1099/977 1396/1098/977
f 1396/1098/977 1973/2059/1895 2050/1178/977
f 1463/1180/16 1374/839/16 1378/1181/16
f 1470/1182/16 1378/1181/16 1377/1183/16
f 1474/1185/16 1377/2060/16 1376/1186/16
f 1471/1188/1129 1475/2061/1129 1382/1189/1129
f 1376/1186/16 1373/827/16 1466/1190/16
f 1475/1191/1130 1479/1194/1130 1381/1192/1130
f 1479/1194/1127 1467/1154/1127 1379/774/1127
f 1380/711/1126 1383/1157/1126 1388/1195/1126
f 1383/1157/1129 1382/1189/1129 1387/1196/1129
f 1382/1193/1130 1381/1192/1130 1386/1197/1130
f 1381/1192/1127 1379/774/1127 1384/659/1127
f 1385/762/1126 1388/1195/1126 1393/1199/1126
f 1388/1195/1129 1387/1196/1129 1392/1200/1129
f 1387/1198/1130 1386/1197/1130 1391/1201/1130
f 1386/1197/1127 1384/659/1127 1389/661/1127
f 1676/1171/46 1395/2058/46 1399/1203/46
f 1399/1203/46 1398/2062/46 1687/1205/46
f 1398/1206/46 1397/809/46 1691/1207/46
f 1684/1209/1130 1688/1559/1130 1403/1210/1130
f 1397/809/46 1394/1107/46 1679/1211/46
f 1688/1212/1129 1692/1216/1129 1402/1213/1129
f 1695/604/1131 1704/1394/1131 1531/1215/1131
f 1692/1216/1126 1680/889/1126 1400/891/1126
f 1401/1050/1127 1404/1170/1127 1409/1217/1127
f 1404/1170/1130 1403/1210/1130 1408/1218/1130
f 1403/1214/1129 1402/1213/1129 1407/1219/1129
f 1402/1213/1126 1400/891/1126 1405/609/1126
f 1406/903/1127 1409/1217/1127 1391/1201/1127
f 1409/1217/1130 1408/1218/1130 1392/1202/1130
f 1408/1220/1129 1407/1219/1129 1393/1199/1129
f 1407/1219/1126 1405/609/1126 1390/608/1126
f 1431/1221/1132 1267/2063/1896 1268/1222/1133
f 1549/1224/1135 1545/1409/1135 1449/1225/1136
f 1540/665/1137 1549/1224/1137 1448/1226/1137
f 1413/724/1138 1625/2064/1138 1877/1227/1138
f 1889/1228/1139 1884/895/1139 1736/1229/1139
f 1801/729/1140 1874/731/1140 1881/1231/1140
f 1881/1231/1141 1878/1800/1141 1809/1233/1142
f 1810/1234/1143 1804/1729/1897 1603/627/1144
f 1813/1236/1146 1728/970/1898 1730/1237/1147
f 1807/1055/1148 1810/2065/1143 1605/1239/1145
f 1426/831/1150 1428/2066/1899 1417/1240/1151
f 1417/1240/1153 1428/2066/1900 1429/1242/1154
f 1416/1244/1156 1429/1261/1901 1427/840/1157
f 1871/793/1161 1624/792/1902 1607/1245/1159
f 1607/1245/1159 1824/2067/1903 1899/1246/1160
f 1421/1054/1162 1625/1053/1163 1413/1247/1162
f 1420/1249/1164 1413/724/1164 1412/1250/1164
f 1423/1251/1165 1415/823/1904 1417/1252/1166
f 1425/1253/1168 1417/1252/1905 1416/1254/1169
f 1424/1256/1171 1416/1244/1906 1414/820/1172
f 1419/819/1174 1421/1258/1907 1428/1257/1175
f 1421/1258/1177 1420/2068/1908 1429/1259/1178
f 1420/1260/1180 1418/830/1909 1427/840/1181
f 1442/1223/1183 1444/1263/1910 1433/1262/1184
f 1444/1263/1186 1445/1264/1187 1432/1264/1187
f 1445/1265/1189 1443/883/1911 1430/882/1190
f 1872/1267/439 1898/1780/439 1828/780/439
f 1440/1071/1191 1441/2069/1193 1411/1268/1192
f 1441/1269/1194 1439/866/1194 1410/726/1194
f 1544/1270/1195 1585/1454/1195 1579/750/1195
f 1548/955/1196 1582/954/1196 1585/1271/1196
f 1431/1273/1197 1433/1274/1912 1440/1071/1198
f 1433/1274/1200 1432/1275/1913 1441/1275/1201
f 1441/1269/1203 1432/2070/1914 1430/865/1204
f 1435/880/1206 1437/2071/1915 1444/1276/1207
f 1444/1276/1209 1437/2071/1916 1436/1277/1210
f 1445/1279/1212 1436/1295/1917 1434/857/1213
f 1459/816/1215 1450/1159/1215 1452/1280/1215
f 1461/1281/1216 1452/1280/1216 1453/1282/1216
f 1460/1284/1217 1453/1324/1217 1451/826/1217
f 1455/817/1218 1459/816/1218 1461/1285/1218
f 1457/1286/1220 1461/1285/1918 1460/1287/1221
f 1456/1289/1222 1460/1284/1222 1458/1164/1222
f 1447/885/1223 1455/817/1223 1457/1290/1223
f 1449/1291/1225 1457/1290/1225 1456/1292/1225
f 1448/1226/1226 1456/1289/1226 1454/1162/1226
f 1576/1294/1227 1434/857/1227 1436/1295/1227
f 1581/1296/1228 1436/1295/1229 1437/1297/1229
f 1584/1299/1230 1437/2072/1231 1435/880/1231
f 1470/1182/1232 1472/1301/1232 1465/1300/1232
f 1472/1301/1233 1473/2073/1233 1464/1302/1233
f 1473/1303/1234 1471/1188/1234 1462/1156/1234
f 1474/1184/1236 1476/1305/1236 1472/1301/1236
f 1476/1305/1237 1477/2074/1919 1473/1306/1237
f 1477/1307/1239 1475/2061/1920 1471/1188/1239
f 1478/1187/1241 1480/1310/1241 1476/1309/1241
f 1480/1310/1242 1481/2075/1242 1477/1311/1242
f 1481/1312/1243 1479/1194/1921 1475/1191/1243
f 1478/1187/1244 1466/1190/1922 1468/1314/1245
f 1480/1310/1247 1468/1314/1923 1469/1315/1248
f 1481/1312/1250 1469/1322/1924 1467/1154/1251
f 1463/1180/1253 1465/1300/1253 1424/1317/1253
f 1465/1300/1254 1464/2076/1254 1425/1318/1254
f 1464/1319/1255 1462/1156/1255 1423/1175/1255
f 1467/1154/1256 1469/1322/1925 1452/1321/1257
f 1469/1322/1259 1468/2077/1926 1453/1323/1260
f 1453/1324/1262 1468/1314/1927 1466/1190/1263
f 1232/854/904 1234/736/904 2011/1325/904
f 1484/702/1266 1486/1370/1266 1487/1327/1266
f 1485/1328/1267 1487/1327/1928 1987/1329/920
f 1986/637/1268 2021/1931/1268 1553/1331/1268
f 1553/1331/1268 1506/1972/1929 2016/632/1269
f 2016/632/1269 1980/1926/1268 1986/637/1268
f 1482/1332/1270 1483/1362/1270 1493/1333/1270
f 1493/1333/1271 1483/1362/1930 1977/1335/1272
f 1981/1339/912 1222/668/912 1221/1337/912
f 1221/1337/912 1975/1147/1125 1978/1338/1125
f 1978/1338/1125 1982/1082/912 1981/1339/912
f 1488/704/1274 1494/1354/1274 1495/1340/1274
f 1495/1340/1275 2007/1355/940 1993/1342/942
f 1500/1343/1277 1498/710/954 1998/1344/1278
f 1496/703/1280 1490/1365/1280 1491/1346/1280
f 1497/1347/1281 1491/1346/1931 1997/1348/1282
f 1498/710/903 1241/717/903 1229/745/903
f 1229/745/903 1995/744/903 1998/1344/903
f 1488/704/1284 1489/1341/1284 1505/1350/1284
f 1489/1341/1002 1993/2078/1297 1504/1352/1002
f 1991/681/924 1226/851/924 1256/695/924
f 1256/695/924 1502/1374/924 1992/1353/924
f 1496/703/1285 1497/1347/1285 1495/1340/1285
f 1497/1347/1286 2013/1349/949 2007/1355/951
f 2011/1325/904 1234/736/904 1233/1356/904
f 1233/1356/904 2005/594/904 2008/1357/904
f 2008/1357/904 2012/706/1001 2011/1325/904
f 1492/1334/1288 1493/1333/1288 1501/1358/1289
f 1493/1333/1290 2003/2079/1290 1500/1360/1277
f 2001/1361/1291 1230/806/903 1241/717/903
f 1241/717/903 1498/710/903 2002/709/1291
f 1484/702/1292 1485/1328/1292 1483/1362/1292
f 1483/1362/1293 1485/1328/1293 1983/1330/1088
f 1976/933/1294 2000/1921/1932 2003/1364/1273
f 1490/1365/1289 1499/1359/1289 1501/1358/1289
f 1491/1346/1295 1501/1358/1277 1500/1366/1277
f 1996/641/1296 2010/640/1933 2013/1369/1283
f 1486/1370/1284 1503/1351/1284 1505/1350/1284
f 1487/1327/1297 1505/1350/1002 1504/1371/1002
f 1502/1374/924 1256/695/924 1225/1373/924
f 1225/1373/924 1985/688/924 1988/861/924
f 1345/647/1300 1343/1979/1934 1346/2080/1935
f 1346/2080/1935 1347/1375/16 1344/1375/1298
f 1344/1375/1298 1963/2081/1936 1965/1376/1299
f 1965/1376/1299 1964/2082/1937 1345/647/1300
f 1345/647/1300 1346/2080/1935 1344/1375/1298
f 1525/1379/1303 1523/957/1938 1526/2083/1939
f 1526/2083/1939 1527/1377/46 1524/1377/1301
f 1524/1377/1301 2018/2084/1940 2020/1378/1302
f 2020/1378/1302 2019/2085/1941 1525/1379/1303
f 1525/1379/1303 1526/2083/1939 1524/1377/1301
f 1288/962/1019 1286/958/1019 1525/1379/1304
f 1525/1379/1304 2019/2085/1942 2030/1380/1019
f 1511/778/1305 1513/1382/1305 1518/1381/1305
f 1513/1382/1306 1514/1418/1306 1517/1383/1306
f 1514/1384/1131 1512/599/1131 1515/771/1131
f 1516/760/1305 1518/1381/1305 1522/1386/1305
f 1518/1381/1306 1517/1383/1306 1521/1387/1306
f 1517/1385/1131 1515/771/1131 1519/1388/1131
f 1703/1390/46 1696/1400/46 1524/1391/46
f 1707/1393/46 1703/1390/46 1527/1392/46
f 1704/1394/1306 1708/1586/1306 1530/1395/1306
f 1708/1396/1305 1700/1167/1305 1528/1051/1305
f 1569/605/1307 1571/1445/1307 1720/1398/1307
f 1711/1399/46 1565/1441/46 1524/1391/46
f 1529/1034/1131 1531/1215/1131 1535/1401/1131
f 1531/1215/1306 1530/1395/1306 1534/1402/1306
f 1530/1397/1305 1528/1051/1305 1532/902/1305
f 1533/1048/1131 1535/1401/1131 1521/1389/1131
f 1535/1401/1306 1534/1402/1306 1522/1404/1306
f 1534/1403/1305 1532/902/1305 1520/761/1305
f 1549/1224/1308 1540/665/1308 1542/1405/1308
f 1551/1406/1309 1542/1405/1309 1543/1407/1309
f 1550/1408/1310 1543/1407/1310 1541/953/1310
f 1545/1409/1311 1549/1224/1943 1551/1406/1311
f 1547/1410/1312 1551/1406/1312 1550/1408/1312
f 1546/1411/1314 1550/1408/1314 1548/955/1314
f 1537/777/1315 1545/1039/1315 1547/1412/1316
f 1539/1413/1317 1547/1412/1317 1546/1414/1317
f 1538/1416/1319 1546/2086/1944 1544/1270/1319
f 1537/777/1305 1539/1417/1305 1513/1382/1305
f 1539/1417/1306 1538/2087/1306 1514/1418/1306
f 1538/1419/1131 1536/749/1131 1512/599/1131
f 1540/665/16 1507/667/16 1510/1420/16
f 1542/1405/16 1510/1420/16 1509/1421/16
f 1543/1407/16 1509/1421/16 1506/622/16
f 1502/1374/1322 1504/860/1002 1993/1422/1320
f 2023/1119/1945 1565/2055/1946 1568/2088/1947
f 2024/1425/1948 2023/1119/1945 1568/2088/1947
f 2024/1425/1948 1568/2088/1947 1566/1423/1323
f 1289/1427/1028 1291/1686/1028 2036/1426/1326
f 1562/652/1328 1564/1434/1328 1561/1428/1328
f 1564/1429/1307 1563/770/1307 1559/598/1307
f 1560/618/1328 1561/1428/1328 1558/1431/1328
f 1561/1430/1307 1559/598/1307 1556/600/1307
f 1563/770/1307 1564/1429/1307 1574/1433/1307
f 1564/1434/1328 1562/652/1328 1572/766/1328
f 1571/1438/1328 1570/915/1328 1715/1141/1330
f 1719/1440/46 1568/2089/46 1565/1441/46
f 1716/1442/46 1566/909/46 1568/1443/46
f 1573/1035/1307 1574/1433/1307 1571/1445/1307
f 1574/1435/1328 1572/766/1328 1570/915/1328
f 1581/1296/1331 1583/2090/1331 1577/1446/1331
f 1583/1447/1333 1582/954/1949 1575/621/1333
f 1584/1298/1334 1586/2091/1334 1583/1449/1334
f 1586/1450/1336 1585/1271/1336 1582/954/1336
f 1578/754/1338 1580/2092/1338 1586/1452/1338
f 1580/1453/1340 1579/750/1340 1585/1454/1340
f 1557/616/1328 1558/1431/1328 1580/1456/1328
f 1558/1432/1307 1556/600/1307 1579/750/1307
f 1576/1294/16 1577/2093/16 1555/1458/16
f 1577/1459/16 1575/621/16 1553/623/16
f 1554/687/938 1223/686/924 1255/1461/924
f 1255/1461/924 1254/1747/924 1552/942/924
f 1731/1462/1341 1724/1610/1950 1597/919/1342
f 1591/625/1346 1587/803/1354 1589/1468/1347
f 1592/1469/1349 1589/1468/1361 1588/1470/1350
f 1591/625/1352 1592/1469/1951 1595/1472/1353
f 1592/1469/1355 1590/1968/1952 1593/595/1356
f 1727/1074/1358 1731/1462/1953 1599/1463/1359
f 1601/1115/1350 1598/1114/1351 1599/1463/1349
f 1602/1474/1347 1599/1463/1348 1597/919/1346
f 1601/904/1357 1602/1474/1357 1595/1472/1357
f 1602/1474/1354 1600/1069/1354 1594/797/1354
f 1604/1070/1362 1606/1475/1362 1589/1468/1354
f 1606/1475/1363 1603/627/1363 1588/629/1357
f 1590/1471/1103 1588/1470/1104 1236/1476/1102
f 1617/897/1364 1619/2094/1364 1743/1478/1365
f 1613/1482/1368 1615/1491/1378 1612/1483/1368
f 1615/1484/1364 1614/601/1375 1610/1485/1364
f 1608/773/1369 1611/752/1368 1612/1483/1370
f 1609/1487/1372 1612/1483/1381 1610/1488/1373
f 1614/601/1375 1615/1484/1364 1622/1489/1376
f 1615/1491/1378 1613/1482/1368 1620/900/1379
f 1619/1493/1368 1618/1496/1368 1739/1101/1368
f 1617/1091/1373 1621/1090/1374 1622/1492/1372
f 1619/1493/1370 1622/1492/1954 1620/900/1382
f 1608/773/1369 1609/1487/1371 1626/1497/1383
f 1609/1498/1384 1607/1245/1955 1624/792/1385
f 1856/1502/46 1895/1625/46 1824/1627/46
f 1856/1502/46 1824/1627/46 1607/1500/16
f 1819/1238/1387 1730/1237/1956 1729/1503/1388
f 1822/1505/1390 1729/2095/1957 1727/1074/1391
f 1639/1097/1393 1641/1508/1958 1630/1507/1394
f 1641/1508/1396 1642/2096/1959 1629/1509/1397
f 1629/1510/1399 1642/2097/1960 1640/922/1400
f 1628/1095/1402 1630/1507/1961 1638/1512/1403
f 1630/1507/1405 1629/2098/1962 1637/1514/1406
f 1629/1515/1408 1627/1093/1963 1635/1516/1409
f 1639/1097/1411 1631/1100/1964 1633/1518/1412
f 1641/1508/1414 1633/1518/1965 1634/1519/1415
f 1642/1521/1417 1634/2099/1966 1632/1102/1418
f 1644/1134/1420 1655/1136/1420 1657/1522/1421
f 1646/1523/1423 1657/1522/1967 1658/1524/1424
f 1645/1525/1426 1658/2100/1968 1656/1526/1427
f 1652/1527/1429 1644/1143/1969 1646/1528/1430
f 1654/1529/1432 1646/1528/1970 1645/1530/1433
f 1653/1532/1435 1645/2101/1971 1643/1129/1436
f 1647/910/1438 1649/1605/1972 1657/1533/1439
f 1657/1533/1441 1649/1605/1973 1650/1534/1442
f 1658/1536/1444 1650/2102/1974 1648/1537/1445
f 1663/1088/1447 1665/1539/1975 1674/1538/1448
f 1665/1539/1450 1666/2103/1976 1673/1540/1451
f 1666/1541/1453 1664/894/1977 1671/1172/1454
f 1672/1032/1456 1674/1544/1978 1670/1543/1457
f 1674/1544/1459 1673/2104/1979 1669/1545/1460
f 1673/1542/1462 1671/1172/1980 1667/1041/1463
f 1668/1033/1465 1670/1548/1465 1662/1547/1465
f 1670/1548/1466 1669/2105/1466 1661/1549/1466
f 1669/1546/1467 1667/1041/1467 1659/1043/1467
f 1683/1204/1468 1685/1552/1468 1678/1551/1468
f 1685/1552/1470 1686/2106/1981 1677/1553/1470
f 1686/1554/1471 1684/1209/1471 1675/1169/1471
f 1683/1204/1473 1687/1205/1473 1689/1556/1473
f 1685/1552/1474 1689/1556/1474 1690/1557/1474
f 1686/1554/1475 1690/2107/1982 1688/1559/1475
f 1687/1208/1476 1691/1207/1476 1693/1560/1476
f 1689/1561/1477 1693/1560/1477 1694/1562/1477
f 1690/1564/1478 1694/1568/1478 1692/1216/1478
f 1691/1207/1479 1679/1211/1479 1681/1565/1479
f 1693/1560/1481 1681/1565/1481 1682/1566/1481
f 1694/1568/1482 1682/2108/1482 1680/889/1482
f 1679/1211/1483 1636/1108/1483 1638/1569/1483
f 1681/1565/1484 1638/1569/1485 1637/1570/1485
f 1682/1572/1486 1637/2109/1486 1635/1573/1486
f 1675/1169/1487 1660/1138/1488 1662/1574/1488
f 1677/1555/1489 1662/1574/1489 1661/1575/1489
f 1661/1550/1490 1659/1043/1490 1676/1171/1490
f 1696/1400/1491 1703/1390/1491 1705/1577/1491
f 1698/1578/1493 1705/1577/1493 1706/1579/1493
f 1697/1581/1495 1706/2110/1495 1704/1394/1495
f 1703/1390/1496 1707/1393/1496 1709/1582/1496
f 1705/1577/1497 1709/1582/1983 1710/1583/1497
f 1706/1585/1498 1710/2111/1984 1708/1586/1498
f 1707/1393/1500 1699/892/1500 1701/1587/1500
f 1709/1582/1501 1701/1587/1501 1702/1588/1501
f 1710/1590/1502 1702/2112/1502 1700/1167/1502
f 1700/1167/1503 1702/1591/1503 1665/1539/1503
f 1702/1591/1504 1701/2113/1504 1666/1592/1504
f 1701/1587/1505 1699/892/1505 1664/894/1505
f 1715/1141/1506 1717/1594/1506 1722/1593/1506
f 1717/1594/1507 1718/2114/1507 1721/1595/1507
f 1718/1596/1508 1716/1442/1508 1719/1444/1508
f 1720/1398/1509 1722/1599/1509 1714/1598/1509
f 1722/1599/1510 1721/2115/1510 1713/1600/1511
f 1721/1601/1512 1719/1440/1985 1711/1399/1512
f 1712/606/1513 1714/1603/1513 1697/1581/1513
f 1714/1603/1514 1713/2116/1514 1698/1604/1515
f 1713/1602/1516 1711/1399/1516 1696/1400/1517
f 1716/1442/1518 1718/1596/1518 1649/1605/1518
f 1718/1596/1519 1717/2117/1519 1650/1606/1519
f 1717/1607/1520 1715/1141/1520 1648/1537/1520
f 1731/1462/1521 1733/1611/1986 1726/1609/1522
f 1733/1611/1524 1734/2118/1987 1725/1612/1525
f 1725/1613/1527 1734/1618/1988 1732/1437/1528
f 1731/1462/1530 1727/1074/1989 1729/1614/1531
f 1733/1615/1533 1729/1614/1990 1730/1616/1534
f 1734/1618/1536 1730/2119/1991 1728/1473/1537
f 1723/1436/1539 1652/1527/1539 1654/1529/1539
f 1725/1613/1540 1654/1529/1540 1653/1619/1540
f 1726/1621/1541 1653/1532/1541 1651/920/1541
f 1892/1622/1542 1889/1810/1542 1738/1623/1542
f 1886/1628/1544 1892/1622/1544 1737/1624/1544
f 1743/1478/1545 1745/1630/1546 1738/1629/1546
f 1745/1630/1547 1746/1631/1548 1737/1631/1548
f 1737/1624/1549 1746/1636/1992 1744/1464/1550
f 1743/1494/1551 1739/1101/1551 1741/1632/1551
f 1745/1633/1552 1741/1632/1552 1742/1634/1553
f 1746/1636/1555 1742/2120/1993 1740/1495/1556
f 1893/1637/1557 1887/1016/1557 1812/1015/1557
f 1821/1077/1558 1890/1812/1559 1893/1639/1559
f 1839/1641/439 1920/1837/439 1883/1076/439
f 1740/1642/1560 1742/1644/1560 1633/1643/1560
f 1742/1644/1561 1741/2121/1561 1634/1645/1561
f 1741/1646/1562 1739/1101/1562 1632/1102/1562
f 1794/1648/16 1869/1862/16 1922/1649/16
f 1752/1653/1073 2038/2122/1073 2037/1651/1073
f 2037/1651/1073 1767/1662/1073 1768/1652/1073
f 1752/1654/1563 1751/1688/1563 1749/991/1564
f 1748/1658/1565 2028/1898/1994 2027/1656/1565
f 2027/1656/1565 2033/1901/1565 2032/1657/1566
f 2032/1657/1566 1750/2123/1566 1748/1658/1565
f 1748/1659/1567 1747/1682/1567 1757/1660/1568
f 1326/982/1028 1292/973/1028 2040/972/1028
f 2040/972/1028 2043/1044/1028 1767/1662/1028
f 1754/1663/1569 1760/2124/1570 1759/989/1570
f 1756/1667/1057 2048/2125/1057 2047/1665/1057
f 2047/1665/1057 1764/1678/1057 1765/1666/1057
f 1756/1668/1571 1755/1684/1571 1761/1669/1572
f 1754/1672/1574 2042/1906/1995 2041/948/1573
f 2041/948/1573 2055/1956/1573 2058/1671/1573
f 2058/1671/1573 1760/2126/1573 1754/1672/1574
f 1768/1673/1575 1754/2127/1576 1753/1664/1576
f 1299/1675/1017 1300/1019/1017 2060/1010/1017
f 2060/1010/1017 2063/1917/1996 2057/992/1017
f 2057/992/1017 2056/886/1017 1299/1675/1017
f 1762/1676/1577 1761/1669/1577 1759/989/1577
f 1307/1001/977 1296/1179/977 2050/1178/977
f 2050/1178/977 2053/995/977 1764/1678/977
f 1765/1679/1578 1758/2128/1578 1757/1660/1578
f 1287/1680/1019 1288/962/1019 2030/1380/1019
f 2030/1380/1019 2033/1901/1019 2027/1656/1019
f 2027/1656/1019 2026/1148/1019 1287/1680/1019
f 1748/1681/1579 1750/2129/1579 1749/991/1579
f 1295/918/977 1307/1001/977 1764/1678/977
f 1764/1678/977 2047/1665/977 2046/916/977
f 1765/1683/1578 1763/990/1578 1755/1684/1578
f 1291/1686/1028 1326/982/1028 1767/1662/1028
f 1767/1662/1028 2037/1651/1326 2036/1426/1326
f 1768/1687/1575 1766/1674/1575 1751/1688/1576
f 1967/662/1582 1360/1981/1997 1363/2130/1998
f 1363/2130/1998 1364/2131/46 1361/1690/1580
f 1361/1690/1580 1362/2132/1999 1966/1691/1581
f 1966/1691/1581 1968/1933/2000 1967/662/1582
f 1967/662/1582 1363/2130/1998 1361/1690/1580
f 2067/947/2001 1786/2019/2002 1789/2133/2003
f 2068/1694/2004 2067/947/2001 1789/2133/2003
f 2068/1694/2004 1789/2133/2003 1787/1692/1583
f 2069/1957/2005 1848/639/2006 1851/2134/2007
f 2070/1697/2008 2069/1957/2005 1851/2134/2007
f 2070/1697/2008 1851/2134/2007 1849/1695/1586
f 1796/1699/16 1794/1648/16 1838/1650/16
f 1838/1650/16 1840/1773/16 1791/1698/16
f 1776/1700/1589 1785/2135/2009 1784/597/1590
f 1780/611/1592 1782/1702/1592 1779/1701/1592
f 1782/1702/1593 1781/786/2010 1777/1703/1593
f 1775/756/16 1781/758/16 1782/1704/16
f 1776/1707/1596 1835/2136/2011 1834/1028/1594
f 1834/1028/1594 1783/874/1600 1785/1706/1595
f 1773/1708/46 1774/1731/46 1779/1709/46
f 1835/1710/16 1776/1705/16 1782/1704/16
f 1782/1704/16 1780/1995/16 1833/767/16
f 1784/597/1590 1785/2135/2009 1793/1711/1597
f 1797/1057/1598 1799/1715/1598 1796/1713/1598
f 1799/1715/1599 1798/1125/1599 1794/1127/1599
f 1845/1716/1600 1793/2137/1600 1785/1706/1595
f 1785/1706/1595 1783/874/1600 1843/876/1600
f 1799/1717/46 1797/2041/46 1792/1036/46
f 1816/1078/1603 1817/2138/2012 1791/1719/1601
f 1791/1719/1601 1840/2139/1602 1839/1641/1602
f 1796/1699/16 1791/1698/16 1790/1068/16
f 1806/1232/1604 1808/1721/1604 1802/1720/1604
f 1808/1721/1605 1807/1055/1605 1800/1722/1605
f 1809/1233/1606 1811/1723/2013 1808/1721/1607
f 1811/1723/1608 1810/2065/2014 1807/1055/1608
f 1803/747/1609 1805/2140/1609 1811/1724/1609
f 1805/1725/1610 1804/1729/1610 1810/1234/1610
f 1801/729/16 1802/1720/16 1772/1727/16
f 1802/1720/16 1800/1722/16 1770/728/16
f 1804/1729/1611 1805/2141/1611 1774/1730/1611
f 1778/1733/46 1779/1709/46 1774/1731/46
f 1774/1731/46 1830/2142/46 1829/1732/46
f 1822/1505/1612 1815/1506/2015 1817/1734/1613
f 1823/1736/1615 1817/2143/2016 1816/1078/1616
f 1819/1238/1618 1822/1504/2017 1823/1737/1619
f 1820/1739/1621 1823/2144/2018 1821/1077/1622
f 1813/1236/1623 1819/1238/1623 1820/1740/1623
f 1814/1741/1625 1820/1740/1625 1818/1638/1625
f 1815/1506/1627 1790/1073/2019 1791/1742/1628
f 1793/1718/46 1845/2145/46 1844/1061/46
f 1844/1061/46 1798/2043/46 1799/1717/46
f 1786/968/46 1813/1236/46 1814/1741/46
f 1789/1744/46 1814/1741/46 1812/1015/46
f 1254/1747/924 1255/1461/924 1224/680/924
f 1224/680/924 1943/682/924 1946/1746/924
f 1901/1748/1630 1896/1788/1630 1829/1732/1630
f 1831/1751/1633 1904/1823/1634 1901/1752/1634
f 1913/1754/1635 1908/1027/1635 1834/1028/1635
f 1916/1758/1638 1913/1830/1638 1837/1759/1639
f 1925/1761/1635 1920/1837/1635 1839/1641/1635
f 1928/1765/1638 1925/1840/1638 1842/1766/1639
f 1844/1061/1630 1847/1769/1630 1937/1768/1630
f 1847/1769/1633 1846/2146/1633 1940/1770/1634
f 1898/1780/1655 1904/1823/1655 1831/1751/1655
f 1910/769/1658 1916/1758/1658 1836/1760/1658
f 1846/1775/1655 1843/876/1655 1934/875/1655
f 1922/1649/1658 1928/1765/1658 1841/1767/1658
f 1896/1788/46 1855/1852/46 1778/1733/46
f 1861/1118/1663 1864/2147/46 1862/2148/2020
f 1862/2148/2020 2071/2149/2021 2072/1789/1664
f 1861/1118/1663 1862/2148/2020 2072/1789/1664
f 1855/610/1665 1857/1792/1665 1854/1790/1665
f 1857/1792/1666 1856/684/1666 1852/1793/1666
f 1868/1011/1667 1870/1796/1667 1867/1794/1667
f 1870/1796/1668 1869/1126/1668 1865/1797/1668
f 1881/1231/1669 1874/731/1669 1876/1798/1669
f 1882/1799/1670 1876/1798/1670 1875/633/1670
f 1878/1800/1671 1881/1231/1671 1882/1799/1671
f 1879/1801/1673 1882/1799/1673 1880/725/1673
f 1872/1267/1674 1878/746/1674 1879/1802/1674
f 1873/1803/1675 1879/1802/1675 1877/1804/1675
f 1848/1805/16 1875/633/16 1876/1798/16
f 1851/1806/16 1876/1798/16 1874/731/16
f 1889/1228/1676 1891/1808/1676 1885/1807/1676
f 1891/1808/1678 1890/1812/1678 1883/1076/1678
f 1892/1622/1680 1894/2150/1680 1891/1809/1680
f 1894/1811/1681 1893/1639/1681 1890/1812/1681
f 1886/1628/1682 1888/1815/1682 1894/1814/1682
f 1888/1815/1683 1887/1016/1683 1893/1637/1683
f 1862/1816/46 1864/1817/46 1888/1815/46
f 1864/1817/46 1861/1014/46 1887/1016/46
f 1901/1748/1684 1903/1819/1685 1897/1818/1685
f 1903/1819/1686 1902/1626/1687 1895/1625/1687
f 1901/1752/1688 1904/1823/2022 1906/1820/1689
f 1903/1822/1690 1906/2151/1690 1905/1778/1690
f 1904/1823/1691 1898/1780/1691 1900/1824/1691
f 1906/1826/1692 1900/2152/2023 1899/1779/1693
f 1913/1754/1694 1915/1828/1694 1909/1827/1694
f 1915/1828/1695 1914/1750/2024 1907/602/1696
f 1916/1758/1697 1918/2153/1697 1915/1829/1697
f 1918/1831/1698 1917/1781/2025 1914/1750/1699
f 1916/1758/1700 1910/769/1700 1912/1833/1700
f 1918/1835/1701 1912/2154/1701 1911/1782/1701
f 1925/1761/1702 1927/1838/1702 1921/1836/1702
f 1927/1838/1704 1926/1757/2026 1919/1756/1705
f 1928/1765/1707 1930/2155/2027 1927/1839/1707
f 1930/1841/1708 1929/1786/2028 1926/1757/1709
f 1928/1765/1710 1922/1649/1710 1924/1843/1710
f 1930/1845/1712 1924/2156/1712 1923/1787/1713
f 1937/1768/1715 1939/1847/1715 1933/1846/1715
f 1939/1847/1716 1938/1763/1717 1931/784/1717
f 1937/1768/1718 1940/1770/1718 1942/1848/1718
f 1939/1847/1720 1942/1848/1720 1941/1784/1721
f 1940/1783/1722 1934/875/1722 1936/1849/1722
f 1942/1851/1723 1936/2157/1723 1935/1785/1724
f 1855/1852/46 1896/1788/46 1897/1818/46
f 1857/1853/46 1897/1818/46 1895/1625/46
f 1871/793/1725 1899/1246/2029 1900/1854/1726
f 1873/1803/1728 1900/1854/2030 1898/1780/1729
f 1911/789/16 1912/1857/16 1854/1855/16
f 1912/1857/16 1910/769/16 1853/768/16
f 1858/620/1731 1860/1858/1738 1909/1827/1732
f 1860/1858/1733 1859/1866/1734 1908/1027/1734
f 1923/911/16 1924/1861/16 1870/1859/16
f 1924/1861/16 1922/1649/16 1869/1862/16
f 1920/1837/1735 1921/1836/1735 1885/1807/1735
f 1921/1836/1736 1919/1756/1736 1884/895/1736
f 1865/1060/46 1932/1062/46 1933/1846/46
f 1867/1863/46 1933/1846/46 1931/784/46
f 1858/620/1731 1935/1971/2031 1936/1865/1737
f 1860/1858/1733 1936/1865/2032 1934/875/1739
f 1596/969/1045 1956/2027/46 1955/2158/46
f 1955/2158/46 1324/2008/46 1336/908/46
f 1596/969/1045 1955/2158/46 1336/908/46
f 1336/908/46 1652/1527/16 1723/1436/1329
f 1946/1869/1742 1943/682/2033 1947/1867/1740
f 1947/1867/1740 1944/2159/2034 1945/1868/1741
f 1951/1872/1745 1948/1977/2035 1952/1870/1743
f 1952/1870/1743 1949/2160/2036 1950/1871/1744
f 1956/1875/1748 1953/949/2037 1957/1873/1746
f 1957/1873/1746 1954/2161/2038 1955/1874/1747
f 1961/1878/1751 1958/799/2039 1962/1876/1749
f 1962/1876/1749 1959/2162/2040 1960/1877/1750
f 1978/1338/1753 1975/1147/2041 1979/1879/1752
f 1979/1879/1752 1976/2163/1294 1977/1880/1272
f 1983/1883/1088 1980/1926/2042 1984/1881/1754
f 1984/1881/1754 1981/2164/2043 1982/1882/1089
f 1988/861/1756 1985/688/2044 1989/1884/1755
f 1989/1884/1755 1986/2165/921 1987/1885/920
f 1993/1887/1320 1990/864/2045 1994/1886/1757
f 1994/1886/1757 1991/2166/2046 1992/1353/1321
f 1998/1344/1759 1995/744/2047 1999/1888/1758
f 1999/1888/1758 1996/2167/1296 1997/1889/1282
f 2003/1892/952 2000/1921/2048 2004/1890/1760
f 2004/1890/1760 2001/2168/2049 2002/1891/953
f 2008/1357/1762 2005/594/2050 2009/1893/1761
f 2009/1893/1761 2006/2169/941 2007/1894/940
f 2013/1896/949 2010/640/2051 2014/1895/1763
f 2014/1895/1763 2011/2170/2052 2012/706/950
f 2028/1898/1766 2025/1935/2053 2029/1897/1764
f 2029/1897/1764 2026/2171/2054 2027/1656/1765
f 2033/1901/1769 2030/1380/2055 2034/1899/1767
f 2034/1899/1767 2031/2172/2056 2032/1900/1768
f 2038/1904/1772 2035/1942/2057 2039/1902/1770
f 2039/1902/1770 2036/2173/2058 2037/1903/1771
f 2043/1044/1775 2040/972/2059 2044/1905/1773
f 2044/1905/1773 2041/2174/2060 2042/1906/1774
f 2048/1909/1778 2045/925/2061 2049/1907/1776
f 2049/1907/1776 2046/2175/2062 2047/1908/1777
f 2053/995/1781 2050/1178/2063 2054/1910/1779
f 2054/1910/1779 2051/2176/2064 2052/1911/1780
f 2058/1914/1784 2055/1956/2065 2059/1912/1782
f 2059/1912/1782 2056/2177/2066 2057/1913/1783
f 2063/1917/1787 2060/1010/2067 2064/1915/1785
f 2064/1915/1785 2061/2178/2068 2062/1916/1786
f 1975/1147/1788 1964/1146/1789 1965/1376/1789
f 1965/1376/1790 1963/2012/1790 1976/933/1791
f 2001/1361/1792 2004/2179/1792 1971/1919/1792
f 1971/1920/1793 2004/1890/1793 2000/1921/1793
f 1943/682/1794 1991/681/1795 1994/1922/1795
f 1947/1867/1796 1994/1922/1796 1990/864/1796
f 1949/658/1797 1952/2180/1797 1999/1924/1798
f 1952/1870/1799 1948/1977/1799 1996/641/1799
f 1980/1926/1800 2016/632/1801 2017/1927/1801
f 2017/1928/1802 2015/669/1802 1981/1339/1802
f 1986/637/1803 1989/2181/1803 2022/1930/1804
f 2022/1932/2069 1989/2182/2070 1985/688/2070
f 2026/1148/1806 2029/2183/1806 1968/1933/1806
f 1968/1933/1807 2029/2183/1808 2025/1935/1808
f 2050/1178/1809 1973/2059/1809 1974/1936/1809
f 1974/1938/1810 1972/1982/1810 2051/663/1811
f 2036/1426/1812 2039/2184/2071 2024/1940/1325
f 2024/1941/1813 2039/2185/2072 2035/1942/1814
f 2030/1380/1815 2019/2085/1815 2020/1943/1815
f 2020/1945/1816 2018/2056/1816 2031/928/1816
f 1954/1144/1817 1957/1873/1817 2044/1947/1817
f 1957/1873/1818 1953/949/1818 2041/948/1819
f 1958/799/1820 2046/916/1821 2049/1948/1821
f 1962/1949/1822 2049/1907/1822 2045/925/1822
f 2006/690/1823 2009/2186/2073 2066/1951/1824
f 2066/1953/2074 2009/2187/2075 2005/594/2075
f 2056/886/1826 2059/2188/2076 2068/1954/1585
f 2068/1955/1827 2059/2189/2077 2055/1956/1828
f 2011/1325/1830 2014/2190/2078 2070/1697/1588
f 2070/1697/1831 2014/2190/2079 2010/640/1832
f 2060/1010/1065 1863/1009/1064 2072/1789/1664
f 2072/1789/1835 2071/926/1835 2061/977/1836
f 1945/1991/16 1410/726/16 1439/866/46
f 1264/856/16 1254/2006/16 1946/1959/16
f 1946/1959/16 1945/1991/16 1439/866/46
f 1245/1960/1837 1426/831/2080 1415/1241/1838
f 1250/1962/3 1245/1960/1837 1252/1961/1839
f 1323/1964/3 1250/1962/3 1253/1963/3
f 1320/1966/1840 1627/1511/2081 1640/922/1841
f 1318/1967/3 1321/2191/3 1320/1966/1840
f 1322/1965/3 1321/2191/3 1318/1967/3
f 2131/2192/2082 2129/2193/2083 2132/2194/2084
f 2166/2195/2085 2125/2196/2086 2123/2197/2087
f 2148/2198/2088 2178/2199/2089 2180/2200/2090
f 2162/2201/2091 2117/2202/2092 2160/2203/2093
f 2156/2204/2094 2174/2205/2095 2154/2206/2096
f 2150/2207/2097 2176/2208/2098 2178/2199/2089
f 2144/2209/2099 2182/2210/2100 2184/2211/2101
f 2140/2212/2102 2190/2213/2103 2138/2214/2104
f 2135/2215/2105 2129/2216/2083 2191/2217/2106
f 2172/2218/2107 2130/2219/2108 2131/2220/2082
f 2136/2221/2109 2130/2222/2108 2133/2223/2110
f 2169/2224/2111 2132/2225/2084 2171/2226/2112
f 2161/2227/2113 2118/2228/2114 2120/2229/2115
f 2171/2226/2112 2129/2216/2083 2134/2230/2116
f 2155/2231/2117 2173/2232/2118 2114/2233/2119
f 2165/2234/2120 2126/2235/2121 2167/2236/2122
f 2157/2237/2123 2114/2238/2119 2116/2239/2124
f 2149/2240/2125 2175/2241/2126 2151/2242/2127
f 2143/2243/2128 2181/2244/2129 2145/2245/2130
f 2139/2246/2131 2189/2247/2132 2187/2248/2133
f 2141/2249/2134 2187/2248/2133 2185/2250/2135
f 2127/2251/2136 2132/2194/2084 2128/2252/2137
f 2125/2253/2086 2128/2254/2137 2126/2255/2121
f 2123/2256/2087 2126/2255/2121 2124/2257/2138
f 2121/2258/2139 2124/2257/2138 2122/2259/2140
f 2121/2258/2139 2120/2260/2115 2119/2261/2141
f 2119/2261/2141 2118/2262/2114 2117/2263/2092
f 2117/2264/2092 2116/2265/2124 2115/2266/2142
f 2115/2266/2142 2114/2267/2119 2113/2268/2143
f 2113/2268/2143 2173/2269/2118 2174/2270/2095
f 2176/2271/2098 2173/2269/2118 2175/2272/2126
f 2178/2273/2089 2175/2272/2126 2177/2274/2144
f 2180/2275/2090 2177/2276/2144 2179/2277/2145
f 2182/2278/2100 2179/2277/2145 2181/2279/2129
f 2184/2280/2101 2181/2279/2129 2183/2281/2146
f 2184/2280/2101 2185/2282/2135 2186/2283/2147
f 2186/2283/2147 2187/2284/2133 2188/2285/2148
f 2188/2286/2148 2189/2287/2132 2190/2288/2103
f 2190/2288/2103 2191/2289/2106 2192/2290/2149
f 2192/2290/2149 2129/2193/2083 2130/2291/2108
f 2164/2292/2150 2123/2197/2087 2121/2293/2139
f 2170/2294/2151 2131/2220/2082 2127/2295/2136
f 2137/2296/2152 2191/2217/2106 2189/2247/2132
f 2143/2243/2128 2185/2250/2135 2183/2297/2146
f 2147/2298/2153 2177/2299/2144 2149/2240/2125
f 2159/2300/2154 2116/2239/2124 2118/2228/2114
f 2145/2245/2130 2179/2301/2145 2147/2298/2153
f 2163/2302/2155 2124/2303/2138 2165/2234/2120
f 2151/2242/2127 2173/2304/2118 2153/2305/2156
f 2163/2302/2155 2120/2229/2115 2122/2306/2140
f 2167/2236/2122 2128/2307/2137 2169/2224/2111
f 2138/2214/2104 2192/2308/2149 2136/2309/2109
f 2144/2209/2099 2186/2310/2147 2142/2311/2157
f 2142/2311/2157 2188/2312/2148 2140/2212/2102
f 2160/2203/2093 2115/2313/2142 2158/2314/2158
f 2146/2315/2159 2180/2200/2090 2182/2210/2100
f 2152/2316/2160 2174/2205/2095 2176/2208/2098
f 2164/2292/2150 2119/2317/2141 2162/2201/2091
f 2168/2318/2161 2127/2295/2136 2125/2196/2086
f 2158/2314/2158 2113/2319/2143 2156/2204/2094
f 2291/2320/2082 2289/2321/2083 2292/2322/2084
f 2326/2323/2085 2285/2324/2086 2283/2325/2087
f 2308/2326/2088 2338/2327/2089 2340/2328/2090
f 2322/2329/2091 2277/2330/2092 2320/2331/2093
f 2316/2332/2094 2334/2333/2095 2314/2334/2096
f 2310/2335/2097 2336/2336/2098 2338/2327/2089
f 2304/2337/2099 2342/2338/2100 2344/2339/2101
f 2300/2340/2102 2350/2341/2103 2298/2342/2104
f 2295/2343/2105 2289/2344/2083 2351/2345/2162
f 2332/2346/2107 2290/2347/2108 2291/2348/2082
f 2296/2349/2109 2290/2350/2108 2293/2351/2110
f 2329/2352/2111 2292/2353/2084 2331/2354/2112
f 2321/2355/2113 2278/2356/2114 2280/2357/2163
f 2331/2354/2112 2289/2344/2083 2294/2358/2116
f 2315/2359/2117 2333/2360/2118 2274/2361/2164
f 2325/2362/2120 2286/2363/2121 2327/2364/2122
f 2317/2365/2123 2274/2366/2164 2276/2367/2124
f 2309/2368/2125 2335/2369/2165 2311/2370/2127
f 2303/2371/2128 2341/2372/2129 2305/2373/2130
f 2299/2374/2131 2349/2375/2132 2347/2376/2133
f 2301/2377/2134 2347/2376/2133 2345/2378/2135
f 2287/2379/2136 2292/2322/2084 2288/2380/2137
f 2285/2381/2086 2288/2382/2137 2286/2383/2121
f 2283/2384/2087 2286/2383/2121 2284/2385/2138
f 2281/2386/2139 2284/2385/2138 2282/2387/2140
f 2281/2386/2139 2280/2388/2163 2279/2389/2141
f 2279/2389/2141 2278/2390/2114 2277/2391/2092
f 2277/2392/2092 2276/2393/2124 2275/2394/2142
f 2275/2394/2142 2274/2395/2164 2273/2396/2143
f 2273/2396/2143 2333/2397/2118 2334/2398/2095
f 2336/2399/2098 2333/2397/2118 2335/2400/2165
f 2338/2401/2089 2335/2400/2165 2337/2402/2144
f 2340/2403/2090 2337/2404/2144 2339/2405/2145
f 2342/2406/2100 2339/2405/2145 2341/2407/2129
f 2344/2408/2101 2341/2407/2129 2343/2409/2146
f 2344/2408/2101 2345/2410/2135 2346/2411/2147
f 2346/2411/2147 2347/2412/2133 2348/2413/2148
f 2348/2414/2148 2349/2415/2132 2350/2416/2103
f 2350/2416/2103 2351/2417/2162 2352/2418/2149
f 2352/2418/2149 2289/2321/2083 2290/2419/2108
f 2324/2420/2150 2283/2325/2087 2281/2421/2139
f 2330/2422/2151 2291/2348/2082 2287/2423/2136
f 2297/2424/2152 2351/2345/2162 2349/2375/2132
f 2303/2371/2128 2345/2378/2135 2343/2425/2146
f 2307/2426/2153 2337/2427/2144 2309/2368/2125
f 2319/2428/2166 2276/2367/2124 2278/2356/2114
f 2305/2373/2130 2339/2429/2145 2307/2426/2153
f 2323/2430/2155 2284/2431/2138 2325/2362/2120
f 2311/2370/2127 2333/2432/2118 2313/2433/2156
f 2323/2430/2155 2280/2357/2163 2282/2434/2140
f 2327/2364/2122 2288/2435/2137 2329/2352/2111
f 2298/2342/2104 2352/2436/2149 2296/2437/2109
f 2304/2337/2099 2346/2438/2147 2302/2439/2157
f 2302/2439/2157 2348/2440/2148 2300/2340/2102
f 2320/2331/2093 2275/2441/2142 2318/2442/2158
f 2306/2443/2159 2340/2328/2090 2342/2338/2100
f 2312/2444/2160 2334/2333/2095 2336/2336/2098
f 2324/2420/2150 2279/2445/2141 2322/2329/2091
f 2328/2446/2161 2287/2423/2136 2285/2324/2086
f 2318/2442/2158 2273/2447/2143 2316/2332/2094
f 2451/2448/2082 2449/2449/2083 2452/2450/2084
f 2486/2451/2085 2445/2452/2086 2443/2453/2087
f 2468/2454/2088 2498/2455/2089 2500/2456/2090
f 2482/2457/2091 2437/2458/2092 2480/2459/2093
f 2476/2460/2094 2494/2461/2095 2474/2462/2096
f 2470/2463/2097 2496/2464/2098 2498/2455/2089
f 2464/2465/2099 2502/2466/2100 2504/2467/2101
f 2460/2468/2102 2510/2469/2103 2458/2470/2104
f 2455/2471/2105 2449/2472/2083 2511/2473/2167
f 2492/2474/2107 2450/2475/2108 2451/2476/2082
f 2456/2477/2109 2450/2478/2108 2453/2479/2110
f 2489/2480/2111 2452/2481/2084 2491/2482/2112
f 2481/2483/2113 2438/2484/2114 2440/2485/2163
f 2491/2482/2112 2449/2472/2083 2454/2486/2116
f 2475/2487/2117 2493/2488/2118 2434/2489/2168
f 2485/2490/2120 2446/2491/2121 2487/2492/2122
f 2477/2493/2123 2434/2494/2168 2436/2495/2124
f 2469/2496/2125 2495/2497/2169 2471/2498/2127
f 2463/2499/2128 2501/2500/2129 2465/2501/2130
f 2459/2502/2131 2509/2503/2132 2507/2504/2133
f 2461/2505/2134 2507/2504/2133 2505/2506/2135
f 2447/2507/2136 2452/2450/2084 2448/2508/2137
f 2445/2509/2086 2448/2510/2137 2446/2511/2121
f 2443/2512/2087 2446/2511/2121 2444/2513/2138
f 2441/2514/2139 2444/2513/2138 2442/2515/2140
f 2441/2514/2139 2440/2516/2163 2439/2517/2141
f 2439/2517/2141 2438/2518/2114 2437/2519/2092
f 2437/2520/2092 2436/2521/2124 2435/2522/2142
f 2435/2522/2142 2434/2523/2168 2433/2524/2143
f 2433/2524/2143 2493/2525/2118 2494/2526/2095
f 2496/2527/2098 2493/2525/2118 2495/2528/2169
f 2498/2529/2089 2495/2528/2169 2497/2530/2144
f 2500/2531/2090 2497/2532/2144 2499/2533/2145
f 2502/2534/2100 2499/2533/2145 2501/2535/2129
f 2504/2536/2101 2501/2535/2129 2503/2537/2146
f 2504/2536/2101 2505/2538/2135 2506/2539/2147
f 2506/2539/2147 2507/2540/2133 2508/2541/2148
f 2508/2542/2148 2509/2543/2132 2510/2544/2103
f 2510/2544/2103 2511/2545/2167 2512/2546/2149
f 2512/2546/2149 2449/2449/2083 2450/2547/2108
f 2484/2548/2150 2443/2453/2087 2441/2549/2139
f 2490/2550/2151 2451/2476/2082 2447/2551/2136
f 2457/2552/2152 2511/2473/2167 2509/2503/2132
f 2463/2499/2128 2505/2506/2135 2503/2553/2146
f 2467/2554/2153 2497/2555/2144 2469/2496/2125
f 2479/2556/2166 2436/2495/2124 2438/2484/2114
f 2465/2501/2130 2499/2557/2145 2467/2554/2153
f 2483/2558/2155 2444/2559/2138 2485/2490/2120
f 2471/2498/2127 2493/2560/2118 2473/2561/2156
f 2483/2558/2155 2440/2485/2163 2442/2562/2140
f 2487/2492/2122 2448/2563/2137 2489/2480/2111
f 2458/2470/2104 2512/2564/2149 2456/2565/2109
f 2464/2465/2099 2506/2566/2147 2462/2567/2157
f 2462/2567/2157 2508/2568/2148 2460/2468/2102
f 2480/2459/2093 2435/2569/2142 2478/2570/2158
f 2466/2571/2159 2500/2456/2090 2502/2466/2100
f 2472/2572/2160 2494/2461/2095 2496/2464/2098
f 2484/2548/2150 2439/2573/2141 2482/2457/2091
f 2488/2574/2161 2447/2551/2136 2445/2452/2086
f 2478/2570/2158 2433/2575/2143 2476/2460/2094
f 2611/2576/2082 2609/2577/2083 2612/2578/2084
f 2646/2579/2085 2605/2580/2086 2603/2581/2087
f 2628/2582/2088 2658/2583/2089 2660/2584/2090
f 2642/2585/2091 2597/2586/2092 2640/2587/2093
f 2636/2588/2094 2654/2589/2095 2634/2590/2096
f 2630/2591/2097 2656/2592/2098 2658/2583/2089
f 2624/2593/2099 2662/2594/2100 2664/2595/2101
f 2620/2596/2102 2670/2597/2103 2618/2598/2104
f 2615/2599/2105 2609/2600/2083 2671/2601/2162
f 2652/2602/2107 2610/2603/2108 2611/2604/2082
f 2616/2605/2109 2610/2606/2108 2613/2607/2110
f 2649/2608/2111 2612/2609/2084 2651/2610/2112
f 2641/2611/2113 2598/2612/2114 2600/2613/2163
f 2651/2610/2112 2609/2600/2083 2614/2614/2116
f 2635/2615/2117 2653/2616/2118 2594/2360/2164
f 2645/2617/2120 2606/2618/2121 2647/2619/2122
f 2637/2620/2123 2594/2621/2164 2596/2622/2124
f 2629/2623/2125 2655/2624/2165 2631/2625/2127
f 2623/2626/2128 2661/2627/2129 2625/2628/2130
f 2619/2629/2131 2669/2630/2132 2667/2631/2133
f 2621/2632/2134 2667/2631/2133 2665/2633/2135
f 2607/2634/2136 2612/2578/2084 2608/2635/2137
f 2605/2636/2086 2608/2637/2137 2606/2638/2121
f 2603/2639/2087 2606/2638/2121 2604/2640/2138
f 2601/2641/2139 2604/2640/2138 2602/2642/2140
f 2601/2641/2139 2600/2643/2163 2599/2644/2141
f 2599/2644/2141 2598/2645/2114 2597/2646/2092
f 2597/2647/2092 2596/2648/2124 2595/2649/2142
f 2595/2649/2142 2594/2650/2164 2593/2651/2143
f 2593/2651/2143 2653/2652/2118 2654/2653/2095
f 2656/2654/2098 2653/2652/2118 2655/2655/2165
f 2658/2656/2089 2655/2655/2165 2657/2657/2144
f 2660/2658/2090 2657/2659/2144 2659/2660/2145
f 2662/2661/2100 2659/2660/2145 2661/2662/2129
f 2664/2663/2101 2661/2662/2129 2663/2664/2146
f 2664/2663/2101 2665/2665/2135 2666/2666/2147
f 2666/2666/2147 2667/2667/2133 2668/2668/2148
f 2668/2669/2148 2669/2670/2132 2670/2671/2103
f 2670/2671/2103 2671/2672/2162 2672/2673/2149
f 2672/2673/2149 2609/2577/2083 2610/2674/2108
f 2644/2675/2150 2603/2581/2087 2601/2676/2139
f 2650/2677/2151 2611/2604/2082 2607/2678/2136
f 2617/2679/2152 2671/2601/2162 2669/2630/2132
f 2623/2626/2128 2665/2633/2135 2663/2680/2146
f 2627/2681/2153 2657/2682/2144 2629/2623/2125
f 2639/2683/2166 2596/2622/2124 2598/2612/2114
f 2625/2628/2130 2659/2684/2145 2627/2681/2153
f 2643/2685/2155 2604/2686/2138 2645/2617/2120
f 2631/2625/2127 2653/2687/2118 2633/2688/2156
f 2643/2685/2155 2600/2613/2163 2602/2689/2140
f 2647/2619/2122 2608/2690/2137 2649/2608/2111
f 2618/2598/2104 2672/2691/2149 2616/2692/2109
f 2624/2593/2099 2666/2693/2147 2622/2694/2157
f 2622/2694/2157 2668/2695/2148 2620/2596/2102
f 2640/2587/2093 2595/2696/2142 2638/2697/2158
f 2626/2698/2159 2660/2584/2090 2662/2594/2100
f 2632/2699/2160 2654/2589/2095 2656/2592/2098
f 2644/2675/2150 2599/2700/2141 2642/2585/2091
f 2648/2701/2161 2607/2678/2136 2605/2580/2086
f 2638/2697/2158 2593/2702/2143 2636/2588/2094
f 2771/2703/2082 2769/2704/2083 2772/2705/2084
f 2806/2706/2085 2765/2707/2086 2763/2708/2087
f 2788/2709/2088 2818/2710/2089 2820/2711/2090
f 2802/2712/2091 2757/2713/2092 2800/2714/2093
f 2796/2715/2094 2814/2716/2095 2794/2717/2096
f 2790/2718/2097 2816/2719/2098 2818/2710/2089
f 2784/2720/2099 2822/2721/2100 2824/2722/2101
f 2780/2723/2102 2830/2724/2103 2778/2725/2104
f 2775/2726/2105 2769/2333/2083 2831/2727/2162
f 2812/2728/2107 2770/2729/2108 2771/2730/2082
f 2776/2731/2109 2770/2732/2108 2773/2489/2110
f 2809/2733/2111 2772/2734/2084 2811/2735/2112
f 2801/2736/2113 2758/2737/2114 2760/2738/2163
f 2811/2735/2112 2769/2333/2083 2774/2739/2116
f 2795/2740/2117 2813/2741/2118 2754/2742/2164
f 2805/2743/2120 2766/2744/2121 2807/2745/2170
f 2797/2746/2123 2754/2747/2164 2756/2748/2124
f 2789/2749/2125 2815/2750/2165 2791/2751/2127
f 2783/2752/2128 2821/2753/2129 2785/2754/2130
f 2779/2755/2131 2829/2756/2132 2827/2757/2133
f 2781/2758/2134 2827/2757/2133 2825/2759/2135
f 2767/2760/2136 2772/2705/2084 2768/2761/2137
f 2765/2762/2086 2768/2763/2137 2766/2764/2121
f 2763/2765/2087 2766/2764/2121 2764/2766/2138
f 2761/2767/2139 2764/2766/2138 2762/2768/2140
f 2761/2767/2139 2760/2769/2163 2759/2770/2141
f 2759/2770/2141 2758/2771/2114 2757/2772/2092
f 2757/2773/2092 2756/2774/2124 2755/2775/2142
f 2755/2775/2142 2754/2776/2164 2753/2777/2143
f 2753/2777/2143 2813/2778/2118 2814/2779/2095
f 2816/2780/2098 2813/2778/2118 2815/2781/2165
f 2818/2782/2089 2815/2781/2165 2817/2783/2144
f 2820/2784/2090 2817/2785/2144 2819/2786/2145
f 2822/2787/2100 2819/2786/2145 2821/2788/2129
f 2824/2789/2101 2821/2788/2129 2823/2790/2146
f 2824/2789/2101 2825/2791/2135 2826/2792/2147
f 2826/2792/2147 2827/2793/2133 2828/2794/2148
f 2828/2795/2148 2829/2796/2132 2830/2797/2103
f 2830/2797/2103 2831/2798/2162 2832/2799/2149
f 2832/2799/2149 2769/2704/2083 2770/2800/2108
f 2804/2801/2150 2763/2708/2087 2761/2802/2139
f 2810/2803/2151 2771/2730/2082 2767/2804/2136
f 2777/2805/2152 2831/2727/2162 2829/2756/2132
f 2783/2752/2128 2825/2759/2135 2823/2806/2146
f 2787/2807/2153 2817/2808/2144 2789/2749/2125
f 2799/2809/2166 2756/2748/2124 2758/2737/2114
f 2785/2754/2130 2819/2810/2145 2787/2807/2153
f 2803/2811/2155 2764/2812/2138 2805/2743/2120
f 2791/2751/2127 2813/2813/2118 2793/2814/2156
f 2803/2811/2155 2760/2738/2163 2762/2815/2140
f 2807/2745/2170 2768/2816/2137 2809/2733/2111
f 2778/2725/2104 2832/2817/2149 2776/2818/2109
f 2784/2720/2099 2826/2819/2147 2782/2820/2157
f 2782/2820/2157 2828/2821/2148 2780/2723/2102
f 2800/2714/2093 2755/2822/2142 2798/2823/2158
f 2786/2824/2159 2820/2711/2090 2822/2721/2100
f 2792/2825/2160 2814/2716/2095 2816/2719/2098
f 2804/2801/2150 2759/2826/2141 2802/2712/2091
f 2808/2827/2161 2767/2804/2136 2765/2707/2086
f 2798/2823/2158 2753/2828/2143 2796/2715/2094
f 2931/2829/2082 2929/2830/2083 2932/2831/2084
f 2966/2832/2085 2925/2833/2086 2923/2834/2087
f 2948/2835/2088 2978/2836/2089 2980/2837/2090
f 2962/2838/2091 2917/2839/2092 2960/2840/2093
f 2956/2841/2094 2974/2842/2095 2954/2843/2096
f 2950/2844/2097 2976/2845/2098 2978/2836/2089
f 2944/2846/2099 2982/2847/2100 2984/2848/2101
f 2940/2849/2102 2990/2850/2103 2938/2851/2104
f 2935/2852/2105 2929/2853/2083 2991/2854/2162
f 2972/2855/2107 2930/2856/2108 2931/2857/2082
f 2936/2858/2109 2930/2859/2108 2933/2860/2110
f 2969/2861/2111 2932/2862/2084 2971/2863/2112
f 2961/2864/2113 2918/2865/2114 2920/2866/2163
f 2971/2863/2112 2929/2853/2083 2934/2867/2116
f 2955/2868/2117 2973/2869/2118 2914/2479/2164
f 2965/2870/2120 2926/2871/2121 2967/2872/2122
f 2957/2873/2123 2914/2874/2164 2916/2875/2124
f 2949/2876/2125 2975/2877/2165 2951/2878/2127
f 2943/2879/2128 2981/2880/2129 2945/2881/2130
f 2939/2882/2131 2989/2883/2132 2987/2884/2133
f 2941/2885/2134 2987/2884/2133 2985/2886/2135
f 2927/2887/2136 2932/2831/2084 2928/2888/2137
f 2925/2889/2086 2928/2890/2137 2926/2891/2121
f 2923/2892/2087 2926/2891/2121 2924/2893/2138
f 2921/2894/2139 2924/2893/2138 2922/2895/2140
f 2921/2894/2139 2920/2896/2163 2919/2897/2141
f 2919/2897/2141 2918/2898/2114 2917/2899/2092
f 2917/2900/2092 2916/2901/2124 2915/2902/2142
f 2915/2902/2142 2914/2903/2164 2913/2904/2143
f 2913/2904/2143 2973/2905/2118 2974/2906/2095
f 2976/2907/2098 2973/2905/2118 2975/2908/2165
f 2978/2909/2089 2975/2908/2165 2977/2910/2144
f 2980/2911/2090 2977/2912/2144 2979/2913/2145
f 2982/2914/2100 2979/2913/2145 2981/2915/2129
f 2984/2916/2101 2981/2915/2129 2983/2917/2146
f 2984/2916/2101 2985/2918/2135 2986/2919/2147
f 2986/2919/2147 2987/2920/2133 2988/2921/2148
f 2988/2922/2148 2989/2923/2132 2990/2924/2103
f 2990/2924/2103 2991/2925/2162 2992/2926/2149
f 2992/2926/2149 2929/2830/2083 2930/2927/2108
f 2964/2928/2150 2923/2834/2087 2921/2929/2139
f 2970/2930/2151 2931/2857/2082 2927/2931/2136
f 2937/2932/2152 2991/2854/2162 2989/2883/2132
f 2943/2879/2128 2985/2886/2135 2983/2933/2146
f 2947/2934/2153 2977/2935/2144 2949/2876/2125
f 2959/2936/2166 2916/2875/2124 2918/2865/2114
f 2945/2881/2130 2979/2937/2145 2947/2934/2153
f 2963/2938/2155 2924/2939/2138 2965/2870/2120
f 2951/2878/2127 2973/2344/2118 2953/2940/2156
f 2963/2938/2155 2920/2866/2163 2922/2941/2140
f 2967/2872/2122 2928/2942/2137 2969/2861/2111
f 2938/2851/2104 2992/2943/2149 2936/2944/2109
f 2944/2846/2099 2986/2945/2147 2942/2946/2157
f 2942/2946/2157 2988/2947/2148 2940/2849/2102
f 2960/2840/2093 2915/2948/2142 2958/2949/2158
f 2946/2950/2159 2980/2837/2090 2982/2847/2100
f 2952/2951/2160 2974/2842/2095 2976/2845/2098
f 2964/2928/2150 2919/2952/2141 2962/2838/2091
f 2968/2953/2161 2927/2931/2136 2925/2833/2086
f 2958/2949/2158 2913/2954/2143 2956/2841/2094
f 3091/2955/2082 3089/2956/2083 3092/2957/2084
f 3126/2958/2085 3085/2959/2086 3083/2960/2087
f 3108/2961/2088 3138/2962/2089 3140/2963/2090
f 3122/2964/2091 3077/2965/2092 3120/2966/2093
f 3116/2967/2094 3134/2968/2095 3114/2969/2096
f 3110/2970/2097 3136/2971/2098 3138/2962/2089
f 3104/2972/2099 3142/2973/2100 3144/2974/2101
f 3100/2975/2102 3150/2976/2103 3098/2977/2104
f 3095/2978/2105 3089/2979/2083 3151/2980/2162
f 3132/2981/2107 3090/2982/2108 3091/2983/2082
f 3096/2984/2109 3090/2985/2108 3093/2742/2110
f 3129/2986/2111 3092/2987/2084 3131/2988/2112
f 3121/2989/2113 3078/2990/2114 3080/2991/2163
f 3131/2988/2112 3089/2979/2083 3094/2992/2116
f 3115/2993/2117 3133/2361/2118 3074/2860/2164
f 3125/2994/2120 3086/2995/2121 3127/2996/2122
f 3117/2997/2123 3074/2998/2164 3076/2999/2124
f 3109/3000/2125 3135/3001/2165 3111/3002/2127
f 3103/3003/2128 3141/3004/2129 3105/3005/2130
f 3099/3006/2131 3149/3007/2132 3147/3008/2133
f 3101/3009/2134 3147/3008/2133 3145/3010/2135
f 3087/3011/2136 3092/2957/2084 3088/3012/2137
f 3085/3013/2086 3088/3014/2137 3086/3015/2121
f 3083/3016/2087 3086/3015/2121 3084/3017/2138
f 3081/3018/2139 3084/3017/2138 3082/3019/2140
f 3081/3018/2139 3080/3020/2163 3079/3021/2141
f 3079/3021/2141 3078/3022/2114 3077/3023/2092
f 3077/3024/2092 3076/3025/2124 3075/3026/2142
f 3075/3026/2142 3074/3027/2164 3073/3028/2143
f 3073/3028/2143 3133/3029/2118 3134/3030/2095
f 3136/3031/2098 3133/3029/2118 3135/3032/2165
f 3138/3033/2089 3135/3032/2165 3137/3034/2144
f 3140/3035/2090 3137/3036/2144 3139/3037/2145
f 3142/3038/2100 3139/3037/2145 3141/3039/2129
f 3144/3040/2101 3141/3039/2129 3143/3041/2146
f 3144/3040/2101 3145/3042/2135 3146/3043/2147
f 3146/3043/2147 3147/3044/2133 3148/3045/2148
f 3148/3046/2148 3149/3047/2132 3150/3048/2103
f 3150/3048/2103 3151/3049/2162 3152/3050/2149
f 3152/3050/2149 3089/2956/2083 3090/3051/2108
f 3124/3052/2150 3083/2960/2087 3081/3053/2139
f 3130/3054/2151 3091/2983/2082 3087/3055/2136
f 3097/3056/2152 3151/2980/2162 3149/3007/2132
f 3103/3003/2128 3145/3010/2135 3143/3057/2146
f 3107/3058/2153 3137/3059/2144 3109/3000/2125
f 3119/3060/2166 3076/2999/2124 3078/2990/2114
f 3105/3005/2130 3139/3061/2145 3107/3058/2153
f 3123/3062/2155 3084/3063/2138 3125/2994/2120
f 3111/3002/2127 3133/2856/2118 3113/3064/2156
f 3123/3062/2155 3080/2991/2163 3082/3065/2140
f 3127/2996/2122 3088/3066/2137 3129/2986/2111
f 3098/2977/2104 3152/3067/2149 3096/3068/2109
f 3104/2972/2099 3146/3069/2147 3102/3070/2157
f 3102/3070/2157 3148/3071/2148 3100/2975/2102
f 3120/2966/2093 3075/3072/2142 3118/3073/2158
f 3106/3074/2159 3140/2963/2090 3142/2973/2100
f 3112/3075/2160 3134/2968/2095 3136/2971/2098
f 3124/3052/2150 3079/3076/2141 3122/2964/2091
f 3128/3077/2161 3087/3055/2136 3085/2959/2086
f 3118/3073/2158 3073/3078/2143 3116/2967/2094
f 3251/3079/2082 3249/3080/2083 3252/3081/2171
f 3286/3082/2172 3245/3083/2086 3243/3084/2087
f 3268/3085/2088 3298/3086/2089 3300/3087/2090
f 3282/3088/2173 3237/3089/2092 3280/3090/2093
f 3276/3091/2094 3294/3092/2095 3274/3093/2096
f 3270/3094/2097 3296/3095/2098 3298/3086/2089
f 3264/3096/2099 3302/3097/2100 3304/3098/2101
f 3260/3099/2102 3310/3100/2103 3258/3101/2104
f 3255/3102/2105 3249/3103/2083 3311/3104/2162
f 3292/3105/2107 3250/3106/2108 3251/3107/2082
f 3256/3108/2109 3250/3109/2108 3253/3110/2110
f 3289/3111/2111 3252/3112/2171 3291/3113/2112
f 3281/3114/2113 3238/3115/2114 3240/3116/2163
f 3291/3113/2112 3249/3103/2083 3254/3117/2116
f 3275/3118/2117 3293/3119/2118 3234/3120/2164
f 3285/3121/2120 3246/3122/2121 3287/3123/2174
f 3277/3124/2123 3234/3125/2164 3236/3126/2124
f 3269/3127/2125 3295/3128/2165 3271/3129/2127
f 3263/3130/2128 3301/3131/2129 3265/3132/2130
f 3259/3133/2131 3309/3134/2132 3307/3135/2133
f 3261/3136/2134 3307/3135/2133 3305/3137/2135
f 3247/3138/2136 3252/3081/2171 3248/3139/2137
f 3245/3140/2086 3248/3141/2137 3246/3142/2121
f 3243/3143/2087 3246/3142/2121 3244/3144/2138
f 3241/3145/2139 3244/3144/2138 3242/3146/2140
f 3241/3145/2139 3240/3147/2163 3239/3148/2141
f 3239/3148/2141 3238/3149/2114 3237/3150/2092
f 3237/3151/2092 3236/3152/2124 3235/3153/2142
f 3235/3153/2142 3234/3154/2164 3233/3155/2143
f 3233/3155/2143 3293/3156/2118 3294/3157/2095
f 3296/3158/2098 3293/3156/2118 3295/3159/2165
f 3298/3160/2089 3295/3159/2165 3297/3161/2144
f 3300/3162/2090 3297/3163/2144 3299/3164/2145
f 3302/3165/2100 3299/3164/2145 3301/3166/2129
f 3304/3167/2101 3301/3166/2129 3303/3168/2146
f 3304/3167/2101 3305/3169/2135 3306/3170/2147
f 3306/3170/2147 3307/3171/2133 3308/3172/2148
f 3308/3173/2148 3309/3174/2132 3310/3175/2103
f 3310/3175/2103 3311/3176/2162 3312/3177/2149
f 3312/3177/2149 3249/3080/2083 3250/3178/2108
f 3284/3179/2150 3243/3084/2087 3241/3180/2139
f 3290/3181/2151 3251/3107/2082 3247/3182/2136
f 3257/3183/2152 3311/3104/2162 3309/3134/2132
f 3263/3130/2128 3305/3137/2135 3303/3184/2146
f 3267/3185/2153 3297/3186/2144 3269/3127/2125
f 3279/3187/2166 3236/3126/2124 3238/3115/2114
f 3265/3132/2130 3299/3188/2145 3267/3185/2153
f 3283/3189/2155 3244/3190/2138 3285/3121/2120
f 3271/3129/2127 3293/3191/2118 3273/3192/2156
f 3283/3189/2155 3240/3116/2163 3242/3193/2140
f 3287/3123/2174 3248/3194/2137 3289/3111/2111
f 3258/3101/2104 3312/3195/2149 3256/3196/2109
f 3264/3096/2099 3306/3197/2147 3262/3198/2175
f 3262/3198/2175 3308/3199/2148 3260/3099/2102
f 3280/3090/2093 3235/3200/2142 3278/3201/2158
f 3266/3202/2176 3300/3087/2090 3302/3097/2100
f 3272/3203/2160 3294/3092/2095 3296/3095/2098
f 3284/3179/2150 3239/3204/2141 3282/3088/2173
f 3288/3205/2161 3247/3182/2136 3245/3083/2086
f 3278/3201/2158 3233/3206/2143 3276/3091/2094
f 2171/3207/2112 2213/3208/31 2215/3209/2177
f 2216/3210/2178 2139/3211/2131 2217/3212/2179
f 2217/3213/2179 2141/3214/2134 2218/3215/2180
f 2218/3215/2180 2143/3216/2128 2219/3217/16
f 2143/3216/2128 2220/3218/2181 2219/3217/16
f 2145/3219/2130 2221/3220/2182 2220/3218/2181
f 2147/3221/2153 2222/3222/2183 2221/3220/2182
f 2149/3223/2125 2223/3224/2184 2222/3225/2183
f 2151/3226/2127 2224/3227/3 2223/3224/2184
f 2224/3227/3 2155/3228/2117 2225/3229/2185
f 2225/3229/2185 2157/3230/2123 2226/3231/2186
f 2226/3231/2186 2159/3232/2154 2227/3233/2187
f 2227/3234/2187 2161/3235/2113 2228/3236/2188
f 2228/3236/2188 2163/3237/2155 2229/3238/46
f 2163/3237/2155 2230/3239/2189 2229/3238/46
f 2165/3240/2120 2231/3241/2190 2230/3239/2189
f 2167/3242/2122 2232/3243/2191 2231/3241/2190
f 2169/3244/2111 2215/3209/2177 2232/3245/2191
f 2213/3208/31 2135/3246/2105 2214/3247/2192
f 2214/3247/2192 2137/3248/2152 2216/3210/2178
f 2110/3249/2193 2193/3250/2177 2212/3251/2191
f 2108/3252/2194 2212/3253/2191 2211/3254/2190
f 2106/3255/2195 2211/3254/2190 2210/3256/2189
f 2104/3257/46 2210/3256/2189 2209/3258/46
f 2208/3259/2188 2104/3257/46 2209/3258/46
f 2207/3260/2187 2102/3261/2196 2208/3259/2188
f 2206/3262/2186 2100/3263/2197 2207/3264/2187
f 2205/3265/2185 2098/3266/2198 2206/3262/2186
f 2204/3267/3 2096/3268/2199 2205/3265/2185
f 2092/3269/2200 2204/3267/3 2203/3270/2184
f 2090/3271/2201 2203/3270/2184 2202/3272/2183
f 2088/3273/2202 2202/3274/2183 2201/3275/2182
f 2086/3276/2203 2201/3275/2182 2200/3277/2181
f 2084/3278/16 2200/3277/2181 2199/3279/16
f 2198/3280/2180 2084/3278/16 2199/3279/16
f 2197/3281/2179 2082/3282/2204 2198/3280/2180
f 2196/3283/2178 2080/3284/2205 2197/3285/2179
f 2195/3286/2192 2078/3287/2206 2196/3283/2178
f 2194/3288/31 2076/3289/2207 2195/3286/2192
f 2112/3290/2208 2194/3288/31 2193/3250/2177
f 2193/3250/2177 2133/3291/2110 2172/3292/2107
f 2133/3291/2110 2195/3286/2192 2136/3293/2109
f 2136/3293/2109 2196/3283/2178 2138/3294/2104
f 2138/3294/2104 2197/3285/2179 2140/3295/2102
f 2140/3296/2102 2198/3280/2180 2142/3297/2157
f 2142/3297/2157 2199/3279/16 2144/3298/2099
f 2199/3279/16 2146/3299/2159 2144/3298/2099
f 2200/3277/2181 2148/3300/2088 2146/3299/2159
f 2201/3275/2182 2150/3301/2097 2148/3300/2088
f 2202/3272/2183 2152/3302/2160 2150/3303/2097
f 2203/3270/2184 2154/3304/2096 2152/3302/2160
f 2154/3304/2096 2205/3265/2185 2156/3305/2094
f 2156/3305/2094 2206/3262/2186 2158/3306/2158
f 2158/3306/2158 2207/3264/2187 2160/3307/2093
f 2160/3308/2093 2208/3259/2188 2162/3309/2091
f 2162/3309/2091 2209/3258/46 2164/3310/2150
f 2209/3258/46 2166/3311/2085 2164/3310/2150
f 2210/3256/2189 2168/3312/2161 2166/3311/2085
f 2211/3254/2190 2170/3313/2151 2168/3312/2161
f 2212/3251/2191 2172/3292/2107 2170/3314/2151
f 2075/3315/2192 2216/3210/2178 2077/3316/2178
f 2073/3317/31 2214/3247/2192 2075/3315/2192
f 2232/3245/2191 2111/3318/2177 2109/3319/2191
f 2231/3241/2190 2109/3319/2191 2107/3318/2190
f 2230/3239/2189 2107/3318/2190 2105/3317/2189
f 2229/3238/46 2105/3317/2189 2103/3315/46
f 2101/3316/2188 2229/3238/46 2103/3315/46
f 2099/3320/2187 2228/3236/2188 2101/3316/2188
f 2097/3321/2186 2227/3233/2187 2099/3322/2187
f 2095/3323/2185 2226/3231/2186 2097/3321/2186
f 2093/3324/3 2225/3229/2185 2095/3323/2185
f 2223/3224/2184 2093/3324/3 2091/3325/2184
f 2222/3225/2183 2091/3325/2184 2089/3326/2183
f 2221/3220/2182 2089/3327/2183 2087/3328/2182
f 2220/3218/2181 2087/3328/2182 2085/3329/2181
f 2219/3217/16 2085/3329/2181 2083/3330/16
f 2081/3331/2180 2219/3217/16 2083/3330/16
f 2079/3332/2179 2218/3215/2180 2081/3331/2180
f 2077/3316/2178 2217/3212/2179 2079/3320/2179
f 2215/3209/2177 2073/3317/31 2111/3318/2177
f 2331/3333/2112 2373/3334/31 2375/3335/2177
f 2376/3336/2178 2299/3337/2131 2377/3338/2179
f 2377/3339/2179 2301/3340/2134 2378/3341/2180
f 2378/3341/2180 2303/3342/2128 2379/3343/16
f 2303/3342/2128 2380/3344/2181 2379/3343/16
f 2305/3345/2130 2381/3346/2182 2380/3344/2181
f 2307/3347/2153 2382/3348/2183 2381/3346/2182
f 2309/3349/2125 2383/3350/2184 2382/3351/2183
f 2311/3352/2127 2384/3353/3 2383/3350/2184
f 2384/3353/3 2315/3354/2117 2385/3355/2185
f 2385/3355/2185 2317/3356/2123 2386/3357/2186
f 2386/3357/2186 2319/3358/2166 2387/3359/2187
f 2387/3360/2187 2321/3361/2113 2388/3362/2188
f 2388/3362/2188 2323/3363/2155 2389/3364/46
f 2323/3363/2155 2390/3365/2189 2389/3364/46
f 2325/3366/2120 2391/3367/2190 2390/3365/2189
f 2327/3368/2122 2392/3369/2191 2391/3367/2190
f 2329/3370/2111 2375/3335/2177 2392/3371/2191
f 2373/3334/31 2295/3372/2105 2374/3373/2192
f 2374/3373/2192 2297/3374/2152 2376/3336/2178
f 2270/3375/2193 2353/3376/2177 2372/3377/2191
f 2268/3378/2194 2372/3379/2191 2371/3380/2190
f 2266/3381/2195 2371/3380/2190 2370/3382/2189
f 2264/3383/46 2370/3382/2189 2369/3384/46
f 2368/3385/2188 2264/3383/46 2369/3384/46
f 2367/3386/2187 2262/3387/2196 2368/3385/2188
f 2366/3388/2186 2260/3389/2197 2367/3390/2187
f 2365/3391/2185 2258/3392/2198 2366/3388/2186
f 2364/3393/3 2256/3394/2199 2365/3391/2185
f 2252/3395/2200 2364/3393/3 2363/3396/2184
f 2250/3397/2201 2363/3396/2184 2362/3398/2183
f 2248/3399/2202 2362/3400/2183 2361/3401/2182
f 2246/3402/2203 2361/3401/2182 2360/3403/2181
f 2244/3404/16 2360/3403/2181 2359/3405/16
f 2358/3406/2180 2244/3404/16 2359/3405/16
f 2357/3407/2179 2242/3408/2204 2358/3406/2180
f 2356/3409/2178 2240/3410/2205 2357/3411/2179
f 2355/3412/2192 2238/3413/2206 2356/3409/2178
f 2354/3414/31 2236/3415/2207 2355/3412/2192
f 2272/3416/2208 2354/3414/31 2353/3376/2177
f 2353/3376/2177 2293/3417/2110 2332/3418/2107
f 2293/3417/2110 2355/3412/2192 2296/3419/2109
f 2296/3419/2109 2356/3409/2178 2298/3420/2104
f 2298/3420/2104 2357/3411/2179 2300/3421/2102
f 2300/3422/2102 2358/3406/2180 2302/3423/2157
f 2302/3423/2157 2359/3405/16 2304/3424/2099
f 2359/3405/16 2306/3425/2159 2304/3424/2099
f 2360/3403/2181 2308/3426/2088 2306/3425/2159
f 2361/3401/2182 2310/3427/2097 2308/3426/2088
f 2362/3398/2183 2312/3428/2160 2310/3429/2097
f 2363/3396/2184 2314/3430/2096 2312/3428/2160
f 2314/3430/2096 2365/3391/2185 2316/3431/2094
f 2316/3431/2094 2366/3388/2186 2318/3432/2158
f 2318/3432/2158 2367/3390/2187 2320/3433/2093
f 2320/3434/2093 2368/3385/2188 2322/3435/2091
f 2322/3435/2091 2369/3384/46 2324/3436/2150
f 2369/3384/46 2326/3437/2085 2324/3436/2150
f 2370/3382/2189 2328/3438/2161 2326/3437/2085
f 2371/3380/2190 2330/3439/2151 2328/3438/2161
f 2372/3377/2191 2332/3418/2107 2330/3440/2151
f 2235/3441/2209 2376/3336/2178 2237/3442/2210
f 2233/3443/31 2374/3373/2192 2235/3441/2209
f 2392/3371/2191 2271/3444/2211 2269/3445/2212
f 2391/3367/2190 2269/3446/2212 2267/3447/2213
f 2390/3365/2189 2267/3447/2213 2265/3448/2214
f 2389/3364/46 2265/3448/2214 2263/3449/46
f 2261/3450/2215 2389/3364/46 2263/3449/46
f 2259/3451/2216 2388/3362/2188 2261/3450/2215
f 2257/3452/2217 2387/3359/2187 2259/3453/2216
f 2255/3454/2218 2386/3357/2186 2257/3452/2217
f 2253/3455/3 2385/3355/2185 2255/3454/2218
f 2383/3350/2184 2253/3455/3 2251/3456/2219
f 2382/3351/2183 2251/3456/2219 2249/3457/2220
f 2381/3346/2182 2249/3458/2220 2247/3459/2221
f 2380/3344/2181 2247/3459/2221 2245/3460/2222
f 2379/3343/16 2245/3460/2222 2243/3461/16
f 2241/3462/2223 2379/3343/16 2243/3461/16
f 2239/3463/2224 2378/3341/2180 2241/3462/2223
f 2237/3442/2210 2377/3338/2179 2239/3464/2224
f 2375/3335/2177 2233/3443/31 2271/3444/2211
f 2491/3465/2112 2533/3466/31 2535/3467/2177
f 2536/3468/2178 2459/3469/2131 2537/3470/2179
f 2537/3471/2179 2461/3472/2134 2538/3473/2180
f 2538/3473/2180 2463/3474/2128 2539/3475/16
f 2463/3474/2128 2540/3476/2181 2539/3475/16
f 2465/3477/2130 2541/3478/2182 2540/3476/2181
f 2467/3479/2153 2542/3480/2183 2541/3478/2182
f 2469/3481/2125 2543/3482/2184 2542/3483/2183
f 2471/3484/2127 2544/3485/3 2543/3482/2184
f 2544/3485/3 2475/3486/2117 2545/3487/2185
f 2545/3487/2185 2477/3488/2123 2546/3489/2186
f 2546/3489/2186 2479/3490/2166 2547/3491/2187
f 2547/3492/2187 2481/3493/2113 2548/3494/2188
f 2548/3494/2188 2483/3495/2155 2549/3496/46
f 2483/3495/2155 2550/3497/2189 2549/3496/46
f 2485/3498/2120 2551/3499/2190 2550/3497/2189
f 2487/3500/2122 2552/3501/2191 2551/3499/2190
f 2489/3502/2111 2535/3467/2177 2552/3503/2191
f 2533/3466/31 2455/3504/2105 2534/3505/2192
f 2534/3505/2192 2457/3506/2152 2536/3468/2178
f 2430/3507/2193 2513/3508/2177 2532/3509/2191
f 2428/3510/2194 2532/3511/2191 2531/3512/2190
f 2426/3513/2195 2531/3512/2190 2530/3514/2189
f 2424/3515/46 2530/3514/2189 2529/3516/46
f 2528/3517/2188 2424/3515/46 2529/3516/46
f 2527/3518/2187 2422/3519/2196 2528/3517/2188
f 2526/3520/2186 2420/3521/2197 2527/3522/2187
f 2525/3523/2185 2418/3524/2198 2526/3520/2186
f 2524/3525/3 2416/3526/2199 2525/3523/2185
f 2412/3527/2200 2524/3525/3 2523/3528/2184
f 2410/3322/2201 2523/3528/2184 2522/3529/2183
f 2408/3530/2202 2522/3531/2183 2521/3532/2182
f 2406/3533/2203 2521/3532/2182 2520/3534/2181
f 2404/3535/16 2520/3534/2181 2519/3536/16
f 2518/3537/2180 2404/3535/16 2519/3536/16
f 2517/3538/2179 2402/3539/2204 2518/3537/2180
f 2516/3540/2178 2400/3541/2205 2517/3542/2179
f 2515/3543/2192 2398/3544/2206 2516/3540/2178
f 2514/3545/31 2396/3546/2207 2515/3543/2192
f 2432/3547/2208 2514/3545/31 2513/3508/2177
f 2513/3508/2177 2453/3548/2110 2492/3549/2107
f 2453/3548/2110 2515/3543/2192 2456/3550/2109
f 2456/3550/2109 2516/3540/2178 2458/3551/2104
f 2458/3551/2104 2517/3542/2179 2460/3552/2102
f 2460/3553/2102 2518/3537/2180 2462/3554/2157
f 2462/3554/2157 2519/3536/16 2464/3555/2099
f 2519/3536/16 2466/3556/2159 2464/3555/2099
f 2520/3534/2181 2468/3557/2088 2466/3556/2159
f 2521/3532/2182 2470/3558/2097 2468/3557/2088
f 2522/3529/2183 2472/3559/2160 2470/3560/2097
f 2523/3528/2184 2474/3561/2096 2472/3559/2160
f 2474/3561/2096 2525/3523/2185 2476/3562/2094
f 2476/3562/2094 2526/3520/2186 2478/3563/2158
f 2478/3563/2158 2527/3522/2187 2480/3564/2093
f 2480/3565/2093 2528/3517/2188 2482/3566/2091
f 2482/3566/2091 2529/3516/46 2484/3567/2150
f 2529/3516/46 2486/3568/2085 2484/3567/2150
f 2530/3514/2189 2488/3569/2161 2486/3568/2085
f 2531/3512/2190 2490/3570/2151 2488/3569/2161
f 2532/3509/2191 2492/3549/2107 2490/3571/2151
f 2395/3572/2209 2536/3468/2178 2397/3573/2210
f 2393/3574/31 2534/3505/2192 2395/3572/2209
f 2552/3503/2191 2431/3575/2211 2429/3576/2212
f 2551/3499/2190 2429/3577/2212 2427/3578/2213
f 2550/3497/2189 2427/3578/2213 2425/3579/2214
f 2549/3496/46 2425/3579/2214 2423/3580/46
f 2421/3581/2215 2549/3496/46 2423/3580/46
f 2419/3582/2216 2548/3494/2188 2421/3581/2215
f 2417/3583/2217 2547/3491/2187 2419/3584/2216
f 2415/3585/2218 2546/3489/2186 2417/3583/2217
f 2413/3586/3 2545/3487/2185 2415/3585/2218
f 2543/3482/2184 2413/3586/3 2411/3587/2219
f 2542/3483/2183 2411/3587/2219 2409/3588/2220
f 2541/3478/2182 2409/3589/2220 2407/3590/2221
f 2540/3476/2181 2407/3590/2221 2405/3591/2222
f 2539/3475/16 2405/3591/2222 2403/3592/16
f 2401/3593/2223 2539/3475/16 2403/3592/16
f 2399/3594/2224 2538/3473/2180 2401/3593/2223
f 2397/3573/2210 2537/3470/2179 2399/3595/2224
f 2535/3467/2177 2393/3574/31 2431/3575/2211
f 2651/3596/2112 2693/3597/31 2695/3598/2177
f 2696/3599/2178 2619/3600/2131 2697/3601/2179
f 2697/3602/2179 2621/3603/2134 2698/3604/2180
f 2698/3604/2180 2623/3605/2128 2699/3606/16
f 2623/3605/2128 2700/3607/2181 2699/3606/16
f 2625/3608/2130 2701/3609/2182 2700/3607/2181
f 2627/3610/2153 2702/3611/2183 2701/3609/2182
f 2629/3612/2125 2703/3613/2184 2702/3614/2183
f 2631/3615/2127 2704/3616/3 2703/3613/2184
f 2704/3616/3 2635/3617/2117 2705/3618/2185
f 2705/3618/2185 2637/3619/2123 2706/3620/2186
f 2706/3620/2186 2639/3621/2166 2707/3622/2187
f 2707/3623/2187 2641/3624/2113 2708/3625/2188
f 2708/3625/2188 2643/3626/2155 2709/3627/46
f 2643/3626/2155 2710/3628/2189 2709/3627/46
f 2645/3629/2120 2711/3630/2190 2710/3628/2189
f 2647/3631/2122 2712/3632/2191 2711/3630/2190
f 2649/3633/2111 2695/3598/2177 2712/3634/2191
f 2693/3597/31 2615/3635/2105 2694/3636/2192
f 2694/3636/2192 2617/3637/2152 2696/3599/2178
f 2590/3638/2193 2673/3639/2177 2692/3640/2191
f 2588/3641/2194 2692/3642/2191 2691/3643/2190
f 2586/3644/2195 2691/3643/2190 2690/3645/2189
f 2584/3646/46 2690/3645/2189 2689/3647/46
f 2688/3648/2188 2584/3646/46 2689/3647/46
f 2687/3649/2187 2582/3650/2196 2688/3648/2188
f 2686/3651/2186 2580/3652/2197 2687/3653/2187
f 2685/3654/2185 2578/3655/2198 2686/3651/2186
f 2684/3656/3 2576/3657/2199 2685/3654/2185
f 2572/3658/2200 2684/3656/3 2683/3659/2184
f 2570/3660/2201 2683/3659/2184 2682/3661/2183
f 2568/3662/2202 2682/3663/2183 2681/3664/2182
f 2566/3665/2203 2681/3664/2182 2680/3666/2181
f 2564/3667/16 2680/3666/2181 2679/3668/16
f 2678/3669/2180 2564/3667/16 2679/3668/16
f 2677/3670/2179 2562/3671/2204 2678/3669/2180
f 2676/3672/2178 2560/3673/2205 2677/3674/2179
f 2675/3675/2192 2558/3676/2206 2676/3672/2178
f 2674/3677/31 2556/3678/2207 2675/3675/2192
f 2592/3679/2208 2674/3677/31 2673/3639/2177
f 2673/3639/2177 2613/3680/2110 2652/3681/2107
f 2613/3680/2110 2675/3675/2192 2616/3682/2109
f 2616/3682/2109 2676/3672/2178 2618/3683/2104
f 2618/3683/2104 2677/3674/2179 2620/3684/2102
f 2620/3685/2102 2678/3669/2180 2622/3686/2157
f 2622/3686/2157 2679/3668/16 2624/3687/2099
f 2679/3668/16 2626/3688/2159 2624/3687/2099
f 2680/3666/2181 2628/3689/2088 2626/3688/2159
f 2681/3664/2182 2630/3690/2097 2628/3689/2088
f 2682/3661/2183 2632/3691/2160 2630/3692/2097
f 2683/3659/2184 2634/3693/2096 2632/3691/2160
f 2634/3693/2096 2685/3654/2185 2636/3694/2094
f 2636/3694/2094 2686/3651/2186 2638/3695/2158
f 2638/3695/2158 2687/3653/2187 2640/3696/2093
f 2640/3697/2093 2688/3648/2188 2642/3698/2091
f 2642/3698/2091 2689/3647/46 2644/3699/2150
f 2689/3647/46 2646/3700/2085 2644/3699/2150
f 2690/3645/2189 2648/3701/2161 2646/3700/2085
f 2691/3643/2190 2650/3702/2151 2648/3701/2161
f 2692/3640/2191 2652/3681/2107 2650/3703/2151
f 2555/3704/2209 2696/3599/2178 2557/3705/2210
f 2553/3706/31 2694/3636/2192 2555/3704/2209
f 2712/3634/2191 2591/3707/2211 2589/3708/2212
f 2711/3630/2190 2589/3709/2212 2587/3710/2213
f 2710/3628/2189 2587/3710/2213 2585/3711/2214
f 2709/3627/46 2585/3711/2214 2583/3712/46
f 2581/3713/2215 2709/3627/46 2583/3712/46
f 2579/3714/2216 2708/3625/2188 2581/3713/2215
f 2577/3715/2217 2707/3622/2187 2579/3716/2216
f 2575/3717/2218 2706/3620/2186 2577/3715/2217
f 2573/3718/3 2705/3618/2185 2575/3717/2218
f 2703/3613/2184 2573/3718/3 2571/3719/2219
f 2702/3614/2183 2571/3719/2219 2569/3720/2220
f 2701/3609/2182 2569/3721/2220 2567/3722/2221
f 2700/3607/2181 2567/3722/2221 2565/3723/2222
f 2699/3606/16 2565/3723/2222 2563/3724/16
f 2561/3725/2223 2699/3606/16 2563/3724/16
f 2559/3726/2224 2698/3604/2180 2561/3725/2223
f 2557/3705/2210 2697/3601/2179 2559/3727/2224
f 2695/3598/2177 2553/3706/31 2591/3707/2211
f 2811/3728/2112 2853/3729/31 2855/3730/2177
f 2856/3731/2178 2779/3732/2131 2857/3733/2179
f 2857/3734/2179 2781/3735/2134 2858/3736/2180
f 2858/3736/2180 2783/3737/2128 2859/3738/16
f 2783/3737/2128 2860/3739/2181 2859/3738/16
f 2785/3740/2130 2861/3741/2182 2860/3739/2181
f 2787/3742/2153 2862/3743/2183 2861/3741/2182
f 2789/3744/2125 2863/3745/2184 2862/3746/2183
f 2791/3747/2127 2864/3748/3 2863/3745/2184
f 2864/3748/3 2795/3749/2117 2865/3750/2185
f 2865/3750/2185 2797/3751/2123 2866/3752/2186
f 2866/3752/2186 2799/3753/2166 2867/3754/2187
f 2867/3755/2187 2801/3756/2113 2868/3757/2188
f 2868/3757/2188 2803/3758/2155 2869/3759/46
f 2803/3758/2155 2870/3760/2189 2869/3759/46
f 2805/3761/2120 2871/3762/2190 2870/3760/2189
f 2807/3763/2170 2872/3764/2191 2871/3762/2190
f 2809/3765/2111 2855/3730/2177 2872/3766/2191
f 2853/3729/31 2775/3767/2105 2854/3768/2192
f 2854/3768/2192 2777/3769/2152 2856/3731/2178
f 2750/3770/2193 2833/3771/2177 2852/3772/2191
f 2748/3773/2194 2852/3774/2191 2851/3775/2190
f 2746/3776/2195 2851/3775/2190 2850/3777/2189
f 2744/3778/46 2850/3777/2189 2849/3779/46
f 2848/3780/2188 2744/3778/46 2849/3779/46
f 2847/3781/2187 2742/3782/2196 2848/3780/2188
f 2846/3783/2186 2740/3784/2197 2847/3785/2187
f 2845/3786/2185 2738/3787/2198 2846/3783/2186
f 2844/3788/3 2736/3789/2199 2845/3786/2185
f 2732/3790/2200 2844/3788/3 2843/3791/2184
f 2730/3792/2201 2843/3791/2184 2842/3793/2183
f 2728/3794/2202 2842/3795/2183 2841/3796/2182
f 2726/3797/2203 2841/3796/2182 2840/3798/2181
f 2724/3799/16 2840/3798/2181 2839/3800/16
f 2838/3801/2180 2724/3799/16 2839/3800/16
f 2837/3802/2179 2722/3803/2204 2838/3801/2180
f 2836/3804/2178 2720/3805/2205 2837/3806/2179
f 2835/3807/2192 2718/3808/2206 2836/3804/2178
f 2834/3809/31 2716/3810/2207 2835/3807/2192
f 2752/3811/2208 2834/3809/31 2833/3771/2177
f 2833/3771/2177 2773/3812/2110 2812/3813/2107
f 2773/3812/2110 2835/3807/2192 2776/3814/2109
f 2776/3814/2109 2836/3804/2178 2778/3815/2104
f 2778/3815/2104 2837/3806/2179 2780/3816/2102
f 2780/3817/2102 2838/3801/2180 2782/3818/2157
f 2782/3818/2157 2839/3800/16 2784/3819/2099
f 2839/3800/16 2786/3820/2159 2784/3819/2099
f 2840/3798/2181 2788/3821/2088 2786/3820/2159
f 2841/3796/2182 2790/3822/2097 2788/3821/2088
f 2842/3793/2183 2792/3823/2160 2790/3824/2097
f 2843/3791/2184 2794/3825/2096 2792/3823/2160
f 2794/3825/2096 2845/3786/2185 2796/3826/2094
f 2796/3826/2094 2846/3783/2186 2798/3827/2158
f 2798/3827/2158 2847/3785/2187 2800/3828/2093
f 2800/3829/2093 2848/3780/2188 2802/3830/2091
f 2802/3830/2091 2849/3779/46 2804/3831/2150
f 2849/3779/46 2806/3832/2085 2804/3831/2150
f 2850/3777/2189 2808/3833/2161 2806/3832/2085
f 2851/3775/2190 2810/3834/2151 2808/3833/2161
f 2852/3772/2191 2812/3813/2107 2810/3835/2151
f 2715/3836/2209 2856/3731/2178 2717/3837/2210
f 2713/3838/31 2854/3768/2192 2715/3836/2209
f 2872/3766/2191 2751/3839/2211 2749/3840/2212
f 2871/3762/2190 2749/3841/2212 2747/3842/2213
f 2870/3760/2189 2747/3842/2213 2745/3843/2214
f 2869/3759/46 2745/3843/2214 2743/3844/46
f 2741/3845/2215 2869/3759/46 2743/3844/46
f 2739/3846/2216 2868/3757/2188 2741/3845/2215
f 2737/3847/2217 2867/3754/2187 2739/3848/2216
f 2735/3849/2218 2866/3752/2186 2737/3847/2217
f 2733/3850/3 2865/3750/2185 2735/3849/2218
f 2863/3745/2184 2733/3850/3 2731/3851/2219
f 2862/3746/2183 2731/3851/2219 2729/3852/2220
f 2861/3741/2182 2729/3853/2220 2727/3854/2221
f 2860/3739/2181 2727/3854/2221 2725/3855/2222
f 2859/3738/16 2725/3855/2222 2723/3856/16
f 2721/3857/2223 2859/3738/16 2723/3856/16
f 2719/3858/2224 2858/3736/2180 2721/3857/2223
f 2717/3837/2210 2857/3733/2179 2719/3859/2224
f 2855/3730/2177 2713/3838/31 2751/3839/2211
f 2971/3860/2112 3013/3861/31 3015/3862/2177
f 3016/3863/2178 2939/3864/2131 3017/3865/2179
f 3017/3866/2179 2941/3867/2134 3018/3868/2180
f 3018/3868/2180 2943/3869/2128 3019/3870/16
f 2943/3869/2128 3020/3871/2181 3019/3870/16
f 2945/3872/2130 3021/3873/2182 3020/3871/2181
f 2947/3874/2153 3022/3875/2183 3021/3873/2182
f 2949/3876/2125 3023/3877/2184 3022/3878/2183
f 2951/3879/2127 3024/3880/3 3023/3877/2184
f 3024/3880/3 2955/3881/2117 3025/3882/2185
f 3025/3882/2185 2957/3883/2123 3026/3884/2186
f 3026/3884/2186 2959/3885/2166 3027/3886/2187
f 3027/3887/2187 2961/3888/2113 3028/3889/2188
f 3028/3889/2188 2963/3890/2155 3029/3891/46
f 2963/3890/2155 3030/3892/2189 3029/3891/46
f 2965/3893/2120 3031/3894/2190 3030/3892/2189
f 2967/3895/2122 3032/3896/2191 3031/3894/2190
f 2969/3897/2111 3015/3862/2177 3032/3898/2191
f 3013/3861/31 2935/3899/2105 3014/3900/2192
f 3014/3900/2192 2937/3901/2152 3016/3863/2178
f 2910/3902/2193 2993/3903/2177 3012/3904/2191
f 2908/3905/2194 3012/3906/2191 3011/3907/2190
f 2906/3908/2195 3011/3907/2190 3010/3909/2189
f 2904/3910/46 3010/3909/2189 3009/3911/46
f 3008/3912/2188 2904/3910/46 3009/3911/46
f 3007/3913/2187 2902/3914/2196 3008/3912/2188
f 3006/3915/2186 2900/3916/2197 3007/3917/2187
f 3005/3918/2185 2898/3919/2198 3006/3915/2186
f 3004/3920/3 2896/3921/2199 3005/3918/2185
f 2892/3922/2200 3004/3920/3 3003/3923/2184
f 2890/3924/2201 3003/3923/2184 3002/3925/2183
f 2888/3926/2202 3002/3927/2183 3001/3928/2182
f 2886/3929/2203 3001/3928/2182 3000/3930/2181
f 2884/3931/16 3000/3930/2181 2999/3932/16
f 2998/3933/2180 2884/3931/16 2999/3932/16
f 2997/3934/2179 2882/3935/2204 2998/3933/2180
f 2996/3936/2178 2880/3937/2205 2997/3938/2179
f 2995/3939/2192 2878/3940/2206 2996/3936/2178
f 2994/3941/31 2876/3942/2207 2995/3939/2192
f 2912/3943/2208 2994/3941/31 2993/3903/2177
f 2993/3903/2177 2933/3944/2110 2972/3945/2107
f 2933/3944/2110 2995/3939/2192 2936/3946/2109
f 2936/3946/2109 2996/3936/2178 2938/3947/2104
f 2938/3947/2104 2997/3938/2179 2940/3948/2102
f 2940/3949/2102 2998/3933/2180 2942/3950/2157
f 2942/3950/2157 2999/3932/16 2944/3951/2099
f 2999/3932/16 2946/3952/2159 2944/3951/2099
f 3000/3930/2181 2948/3953/2088 2946/3952/2159
f 3001/3928/2182 2950/3954/2097 2948/3953/2088
f 3002/3925/2183 2952/3955/2160 2950/3956/2097
f 3003/3923/2184 2954/3957/2096 2952/3955/2160
f 2954/3957/2096 3005/3918/2185 2956/3958/2094
f 2956/3958/2094 3006/3915/2186 2958/3959/2158
f 2958/3959/2158 3007/3917/2187 2960/3960/2093
f 2960/3961/2093 3008/3912/2188 2962/3962/2091
f 2962/3962/2091 3009/3911/46 2964/3963/2150
f 3009/3911/46 2966/3964/2085 2964/3963/2150
f 3010/3909/2189 2968/3965/2161 2966/3964/2085
f 3011/3907/2190 2970/3966/2151 2968/3965/2161
f 3012/3904/2191 2972/3945/2107 2970/3967/2151
f 2875/3968/2209 3016/3863/2178 2877/3969/2210
f 2873/3970/31 3014/3900/2192 2875/3968/2209
f 3032/3898/2191 2911/3971/2211 2909/3972/2212
f 3031/3894/2190 2909/3973/2212 2907/3974/2213
f 3030/3892/2189 2907/3974/2213 2905/3975/2214
f 3029/3891/46 2905/3975/2214 2903/3976/46
f 2901/3977/2215 3029/3891/46 2903/3976/46
f 2899/3978/2216 3028/3889/2188 2901/3977/2215
f 2897/3979/2217 3027/3886/2187 2899/3980/2216
f 2895/3981/2218 3026/3884/2186 2897/3979/2217
f 2893/3982/3 3025/3882/2185 2895/3981/2218
f 3023/3877/2184 2893/3982/3 2891/3983/2219
f 3022/3878/2183 2891/3983/2219 2889/3984/2220
f 3021/3873/2182 2889/3985/2220 2887/3986/2221
f 3020/3871/2181 2887/3986/2221 2885/3987/2222
f 3019/3870/16 2885/3987/2222 2883/3988/16
f 2881/3989/2223 3019/3870/16 2883/3988/16
f 2879/3990/2224 3018/3868/2180 2881/3989/2223
f 2877/3969/2210 3017/3865/2179 2879/3991/2224
f 3015/3862/2177 2873/3970/31 2911/3971/2211
f 3131/3992/2112 3173/3993/31 3175/3994/2177
f 3176/3995/2178 3099/3996/2131 3177/3997/2179
f 3177/3998/2179 3101/3999/2134 3178/4000/2180
f 3178/4000/2180 3103/4001/2128 3179/4002/16
f 3103/4001/2128 3180/4003/2181 3179/4002/16
f 3105/4004/2130 3181/4005/2182 3180/4003/2181
f 3107/4006/2153 3182/4007/2183 3181/4005/2182
f 3109/4008/2125 3183/4009/2184 3182/4010/2183
f 3111/4011/2127 3184/4012/3 3183/4009/2184
f 3184/4012/3 3115/4013/2117 3185/4014/2185
f 3185/4014/2185 3117/4015/2123 3186/4016/2186
f 3186/4016/2186 3119/4017/2166 3187/4018/2187
f 3187/4019/2187 3121/4020/2113 3188/4021/2188
f 3188/4021/2188 3123/4022/2155 3189/4023/46
f 3123/4022/2155 3190/4024/2189 3189/4023/46
f 3125/4025/2120 3191/4026/2190 3190/4024/2189
f 3127/4027/2122 3192/4028/2191 3191/4026/2190
f 3129/4029/2111 3175/3994/2177 3192/4030/2191
f 3173/3993/31 3095/4031/2105 3174/4032/2192
f 3174/4032/2192 3097/4033/2152 3176/3995/2178
f 3070/4034/2193 3153/4035/2177 3172/4036/2191
f 3068/4037/2194 3172/4038/2191 3171/4039/2190
f 3066/4040/2195 3171/4039/2190 3170/4041/2189
f 3064/4042/46 3170/4041/2189 3169/4043/46
f 3168/4044/2188 3064/4042/46 3169/4043/46
f 3167/4045/2187 3062/4046/2196 3168/4044/2188
f 3166/4047/2186 3060/4048/2197 3167/4049/2187
f 3165/4050/2185 3058/4051/2198 3166/4047/2186
f 3164/4052/3 3056/4053/2199 3165/4050/2185
f 3052/4054/2200 3164/4052/3 3163/4055/2184
f 3050/4056/2201 3163/4055/2184 3162/4057/2183
f 3048/4058/2202 3162/4059/2183 3161/4060/2182
f 3046/4061/2203 3161/4060/2182 3160/4062/2181
f 3044/4063/16 3160/4062/2181 3159/4064/16
f 3158/4065/2180 3044/4063/16 3159/4064/16
f 3157/4066/2179 3042/4067/2204 3158/4065/2180
f 3156/4068/2178 3040/4069/2205 3157/4070/2179
f 3155/4071/2192 3038/4072/2206 3156/4068/2178
f 3154/4073/31 3036/4074/2207 3155/4071/2192
f 3072/4075/2208 3154/4073/31 3153/4035/2177
f 3153/4035/2177 3093/4076/2110 3132/4077/2107
f 3093/4076/2110 3155/4071/2192 3096/4078/2109
f 3096/4078/2109 3156/4068/2178 3098/4079/2104
f 3098/4079/2104 3157/4070/2179 3100/4080/2102
f 3100/4081/2102 3158/4065/2180 3102/4082/2157
f 3102/4082/2157 3159/4064/16 3104/4083/2099
f 3159/4064/16 3106/4084/2159 3104/4083/2099
f 3160/4062/2181 3108/4085/2088 3106/4084/2159
f 3161/4060/2182 3110/4086/2097 3108/4085/2088
f 3162/4057/2183 3112/4087/2160 3110/4088/2097
f 3163/4055/2184 3114/4089/2096 3112/4087/2160
f 3114/4089/2096 3165/4050/2185 3116/4090/2094
f 3116/4090/2094 3166/4047/2186 3118/4091/2158
f 3118/4091/2158 3167/4049/2187 3120/4092/2093
f 3120/4093/2093 3168/4044/2188 3122/4094/2091
f 3122/4094/2091 3169/4043/46 3124/4095/2150
f 3169/4043/46 3126/4096/2085 3124/4095/2150
f 3170/4041/2189 3128/4097/2161 3126/4096/2085
f 3171/4039/2190 3130/4098/2151 3128/4097/2161
f 3172/4036/2191 3132/4077/2107 3130/4099/2151
f 3035/4100/2209 3176/3995/2178 3037/4101/2210
f 3033/4102/31 3174/4032/2192 3035/4100/2209
f 3192/4030/2191 3071/4103/2211 3069/4104/2212
f 3191/4026/2190 3069/4105/2212 3067/4106/2213
f 3190/4024/2189 3067/4106/2213 3065/4107/2214
f 3189/4023/46 3065/4107/2214 3063/4108/46
f 3061/4109/2215 3189/4023/46 3063/4108/46
f 3059/4110/2216 3188/4021/2188 3061/4109/2215
f 3057/4111/2217 3187/4018/2187 3059/4112/2216
f 3055/4113/2218 3186/4016/2186 3057/4111/2217
f 3053/4114/3 3185/4014/2185 3055/4113/2218
f 3183/4009/2184 3053/4114/3 3051/4115/2219
f 3182/4010/2183 3051/4115/2219 3049/4116/2220
f 3181/4005/2182 3049/4117/2220 3047/4118/2221
f 3180/4003/2181 3047/4118/2221 3045/4119/2222
f 3179/4002/16 3045/4119/2222 3043/4120/16
f 3041/4121/2223 3179/4002/16 3043/4120/16
f 3039/4122/2224 3178/4000/2180 3041/4121/2223
f 3037/4101/2210 3177/3997/2179 3039/4123/2224
f 3175/3994/2177 3033/4102/31 3071/4103/2211
f 3291/4124/2112 3333/4125/31 3335/4126/2177
f 3336/4127/2178 3259/4128/2131 3337/4129/2179
f 3337/4130/2179 3261/4131/2134 3338/4132/2180
f 3338/4132/2180 3263/4133/2128 3339/4134/16
f 3263/4133/2128 3340/4135/2181 3339/4134/16
f 3265/4136/2130 3341/4137/2182 3340/4135/2181
f 3267/4138/2153 3342/4139/2183 3341/4137/2182
f 3269/4140/2125 3343/4141/2184 3342/4142/2183
f 3271/4143/2127 3344/4144/3 3343/4141/2184
f 3344/4144/3 3275/4145/2117 3345/4146/2185
f 3345/4146/2185 3277/4147/2123 3346/4148/2186
f 3346/4148/2186 3279/4149/2166 3347/4150/2187
f 3347/4151/2187 3281/4152/2113 3348/4153/2188
f 3348/4153/2188 3283/4154/2155 3349/4155/46
f 3283/4154/2155 3350/4156/2189 3349/4155/46
f 3285/4157/2120 3351/4158/2190 3350/4156/2189
f 3287/4159/2174 3352/4160/2191 3351/4158/2190
f 3289/4161/2111 3335/4126/2177 3352/4162/2191
f 3333/4125/31 3255/4163/2105 3334/4164/2192
f 3334/4164/2192 3257/4165/2152 3336/4127/2178
f 3230/4166/2191 3313/4167/2177 3332/4168/2191
f 3228/4169/2190 3332/4170/2191 3331/4171/2190
f 3226/4172/2189 3331/4171/2190 3330/4173/2189
f 3224/4174/46 3330/4173/2189 3329/4175/46
f 3328/4176/2188 3224/4174/46 3329/4175/46
f 3327/4177/2187 3222/4178/2188 3328/4176/2188
f 3326/4179/2186 3220/4180/2187 3327/4181/2187
f 3325/4182/2185 3218/4183/2186 3326/4179/2186
f 3324/4184/3 3216/4185/2185 3325/4182/2185
f 3212/4186/2184 3324/4184/3 3323/4187/2184
f 3210/4188/2183 3323/4187/2184 3322/4189/2183
f 3208/4190/2182 3322/4191/2183 3321/4192/2182
f 3206/4193/2181 3321/4192/2182 3320/4194/2181
f 3204/4195/16 3320/4194/2181 3319/4196/16
f 3318/4197/2180 3204/4195/16 3319/4196/16
f 3317/4198/2179 3202/4199/2180 3318/4197/2180
f 3316/4200/2178 3200/4201/2179 3317/4202/2179
f 3315/4203/2192 3198/4204/2178 3316/4200/2178
f 3314/4205/31 3196/4206/2192 3315/4203/2192
f 3232/4207/2177 3314/4205/31 3313/4167/2177
f 3313/4167/2177 3253/4208/2110 3292/4209/2107
f 3253/4208/2110 3315/4203/2192 3256/4210/2109
f 3256/4210/2109 3316/4200/2178 3258/4211/2104
f 3258/4211/2104 3317/4202/2179 3260/4180/2102
f 3260/4212/2102 3318/4197/2180 3262/4213/2175
f 3262/4213/2175 3319/4196/16 3264/4214/2099
f 3319/4196/16 3266/4215/2176 3264/4214/2099
f 3320/4194/2181 3268/4216/2088 3266/4215/2176
f 3321/4192/2182 3270/4217/2097 3268/4216/2088
f 3322/4189/2183 3272/4218/2160 3270/4219/2097
f 3323/4187/2184 3274/4220/2096 3272/4218/2160
f 3274/4220/2096 3325/4182/2185 3276/4221/2094
f 3276/4221/2094 3326/4179/2186 3278/4222/2158
f 3278/4222/2158 3327/4181/2187 3280/4223/2093
f 3280/4224/2093 3328/4176/2188 3282/4225/2173
f 3282/4225/2173 3329/4175/46 3284/4226/2150
f 3329/4175/46 3286/4227/2172 3284/4226/2150
f 3330/4173/2189 3288/4228/2161 3286/4227/2172
f 3331/4171/2190 3290/4229/2151 3288/4228/2161
f 3332/4168/2191 3292/4209/2107 3290/4230/2151
f 3195/4231/2209 3336/4127/2178 3197/4232/2210
f 3193/4233/31 3334/4164/2192 3195/4231/2209
f 3352/4162/2191 3231/4234/2211 3229/4235/2212
f 3351/4158/2190 3229/4236/2212 3227/4237/2213
f 3350/4156/2189 3227/4237/2213 3225/4238/2214
f 3349/4155/46 3225/4238/2214 3223/4239/46
f 3221/4240/2215 3349/4155/46 3223/4239/46
f 3219/4241/2216 3348/4153/2188 3221/4240/2215
f 3217/4242/2217 3347/4150/2187 3219/4243/2216
f 3215/4244/2218 3346/4148/2186 3217/4242/2217
f 3213/4245/3 3345/4146/2185 3215/4244/2218
f 3343/4141/2184 3213/4245/3 3211/4246/2219
f 3342/4142/2183 3211/4246/2219 3209/4247/2220
f 3341/4137/2182 3209/4248/2220 3207/4249/2221
f 3340/4135/2181 3207/4249/2221 3205/4250/2222
f 3339/4134/16 3205/4250/2222 3203/4251/16
f 3201/4252/2223 3339/4134/16 3203/4251/16
f 3199/4253/2224 3338/4132/2180 3201/4252/2223
f 3197/4232/2210 3337/4129/2179 3199/4254/2224
f 3335/4126/2177 3193/4233/31 3231/4234/2211
f 2131/2192/2082 2130/2291/2108 2129/2193/2083
f 2166/2195/2085 2168/2318/2161 2125/2196/2086
f 2148/2198/2088 2150/2207/2097 2178/2199/2089
f 2162/2201/2091 2119/2317/2141 2117/2202/2092
f 2156/2204/2094 2113/2319/2143 2174/2205/2095
f 2150/2207/2097 2152/2316/2160 2176/2208/2098
f 2144/2209/2099 2146/2315/2159 2182/2210/2100
f 2140/2212/2102 2188/2312/2148 2190/2213/2103
f 2135/2215/2105 2134/2230/2116 2129/2216/2083
f 2172/2218/2107 2133/4255/2110 2130/2219/2108
f 2136/2221/2109 2192/4256/2149 2130/2222/2108
f 2169/2224/2111 2128/2307/2137 2132/2225/2084
f 2161/2227/2113 2159/2300/2154 2118/2228/2114
f 2171/2226/2112 2132/2225/2084 2129/2216/2083
f 2155/2231/2117 2153/4257/2156 2173/2232/2118
f 2165/2234/2120 2124/2303/2138 2126/2235/2121
f 2157/2237/2123 2155/4258/2117 2114/2238/2119
f 2149/2240/2125 2177/2299/2144 2175/2241/2126
f 2143/2243/2128 2183/2297/2146 2181/2244/2129
f 2139/2246/2131 2137/2296/2152 2189/2247/2132
f 2141/2249/2134 2139/2246/2131 2187/2248/2133
f 2127/2251/2136 2131/2192/2082 2132/2194/2084
f 2125/2253/2086 2127/4259/2136 2128/2254/2137
f 2123/2256/2087 2125/2253/2086 2126/2255/2121
f 2121/2258/2139 2123/2256/2087 2124/2257/2138
f 2121/2258/2139 2122/2259/2140 2120/2260/2115
f 2119/2261/2141 2120/2260/2115 2118/2262/2114
f 2117/2264/2092 2118/4260/2114 2116/2265/2124
f 2115/2266/2142 2116/2265/2124 2114/2267/2119
f 2113/2268/2143 2114/2267/2119 2173/2269/2118
f 2176/2271/2098 2174/2270/2095 2173/2269/2118
f 2178/2273/2089 2176/2271/2098 2175/2272/2126
f 2180/2275/2090 2178/4261/2089 2177/2276/2144
f 2182/2278/2100 2180/2275/2090 2179/2277/2145
f 2184/2280/2101 2182/2278/2100 2181/2279/2129
f 2184/2280/2101 2183/2281/2146 2185/2282/2135
f 2186/2283/2147 2185/2282/2135 2187/2284/2133
f 2188/2286/2148 2187/4262/2133 2189/2287/2132
f 2190/2288/2103 2189/2287/2132 2191/2289/2106
f 2192/2290/2149 2191/2289/2106 2129/2193/2083
f 2164/2292/2150 2166/2195/2085 2123/2197/2087
f 2170/2294/2151 2172/2218/2107 2131/2220/2082
f 2137/2296/2152 2135/2215/2105 2191/2217/2106
f 2143/2243/2128 2141/2249/2134 2185/2250/2135
f 2147/2298/2153 2179/2301/2145 2177/2299/2144
f 2159/2300/2154 2157/2237/2123 2116/2239/2124
f 2145/2245/2130 2181/2244/2129 2179/2301/2145
f 2163/2302/2155 2122/2306/2140 2124/2303/2138
f 2151/2242/2127 2175/2241/2126 2173/2304/2118
f 2163/2302/2155 2161/2227/2113 2120/2229/2115
f 2167/2236/2122 2126/2235/2121 2128/2307/2137
f 2138/2214/2104 2190/2213/2103 2192/2308/2149
f 2144/2209/2099 2184/2211/2101 2186/2310/2147
f 2142/2311/2157 2186/2310/2147 2188/2312/2148
f 2160/2203/2093 2117/2202/2092 2115/2313/2142
f 2146/2315/2159 2148/2198/2088 2180/2200/2090
f 2152/2316/2160 2154/2206/2096 2174/2205/2095
f 2164/2292/2150 2121/2293/2139 2119/2317/2141
f 2168/2318/2161 2170/2294/2151 2127/2295/2136
f 2158/2314/2158 2115/2313/2142 2113/2319/2143
f 2291/2320/2082 2290/2419/2108 2289/2321/2083
f 2326/2323/2085 2328/2446/2161 2285/2324/2086
f 2308/2326/2088 2310/2335/2097 2338/2327/2089
f 2322/2329/2091 2279/2445/2141 2277/2330/2092
f 2316/2332/2094 2273/2447/2143 2334/2333/2095
f 2310/2335/2097 2312/2444/2160 2336/2336/2098
f 2304/2337/2099 2306/2443/2159 2342/2338/2100
f 2300/2340/2102 2348/2440/2148 2350/2341/2103
f 2295/2343/2105 2294/2358/2116 2289/2344/2083
f 2332/2346/2107 2293/4263/2110 2290/2347/2108
f 2296/2349/2109 2352/2222/2149 2290/2350/2108
f 2329/2352/2111 2288/2435/2137 2292/2353/2084
f 2321/2355/2113 2319/2428/2166 2278/2356/2114
f 2331/2354/2112 2292/2353/2084 2289/2344/2083
f 2315/2359/2117 2313/4264/2156 2333/2360/2118
f 2325/2362/2120 2284/2431/2138 2286/2363/2121
f 2317/2365/2123 2315/4265/2117 2274/2366/2164
f 2309/2368/2125 2337/2427/2144 2335/2369/2165
f 2303/2371/2128 2343/2425/2146 2341/2372/2129
f 2299/2374/2131 2297/2424/2152 2349/2375/2132
f 2301/2377/2134 2299/2374/2131 2347/2376/2133
f 2287/2379/2136 2291/2320/2082 2292/2322/2084
f 2285/2381/2086 2287/4266/2136 2288/2382/2137
f 2283/2384/2087 2285/2381/2086 2286/2383/2121
f 2281/2386/2139 2283/2384/2087 2284/2385/2138
f 2281/2386/2139 2282/2387/2140 2280/2388/2163
f 2279/2389/2141 2280/2388/2163 2278/2390/2114
f 2277/2392/2092 2278/4267/2114 2276/2393/2124
f 2275/2394/2142 2276/2393/2124 2274/2395/2164
f 2273/2396/2143 2274/2395/2164 2333/2397/2118
f 2336/2399/2098 2334/2398/2095 2333/2397/2118
f 2338/2401/2089 2336/2399/2098 2335/2400/2165
f 2340/2403/2090 2338/4268/2089 2337/2404/2144
f 2342/2406/2100 2340/2403/2090 2339/2405/2145
f 2344/2408/2101 2342/2406/2100 2341/2407/2129
f 2344/2408/2101 2343/2409/2146 2345/2410/2135
f 2346/2411/2147 2345/2410/2135 2347/2412/2133
f 2348/2414/2148 2347/4269/2133 2349/2415/2132
f 2350/2416/2103 2349/2415/2132 2351/2417/2162
f 2352/2418/2149 2351/2417/2162 2289/2321/2083
f 2324/2420/2150 2326/2323/2085 2283/2325/2087
f 2330/2422/2151 2332/2346/2107 2291/2348/2082
f 2297/2424/2152 2295/2343/2105 2351/2345/2162
f 2303/2371/2128 2301/2377/2134 2345/2378/2135
f 2307/2426/2153 2339/2429/2145 2337/2427/2144
f 2319/2428/2166 2317/2365/2123 2276/2367/2124
f 2305/2373/2130 2341/2372/2129 2339/2429/2145
f 2323/2430/2155 2282/2434/2140 2284/2431/2138
f 2311/2370/2127 2335/2369/2165 2333/2432/2118
f 2323/2430/2155 2321/2355/2113 2280/2357/2163
f 2327/2364/2122 2286/2363/2121 2288/2435/2137
f 2298/2342/2104 2350/2341/2103 2352/2436/2149
f 2304/2337/2099 2344/2339/2101 2346/2438/2147
f 2302/2439/2157 2346/2438/2147 2348/2440/2148
f 2320/2331/2093 2277/2330/2092 2275/2441/2142
f 2306/2443/2159 2308/2326/2088 2340/2328/2090
f 2312/2444/2160 2314/2334/2096 2334/2333/2095
f 2324/2420/2150 2281/2421/2139 2279/2445/2141
f 2328/2446/2161 2330/2422/2151 2287/2423/2136
f 2318/2442/2158 2275/2441/2142 2273/2447/2143
f 2451/2448/2082 2450/2547/2108 2449/2449/2083
f 2486/2451/2085 2488/2574/2161 2445/2452/2086
f 2468/2454/2088 2470/2463/2097 2498/2455/2089
f 2482/2457/2091 2439/2573/2141 2437/2458/2092
f 2476/2460/2094 2433/2575/2143 2494/2461/2095
f 2470/2463/2097 2472/2572/2160 2496/2464/2098
f 2464/2465/2099 2466/2571/2159 2502/2466/2100
f 2460/2468/2102 2508/2568/2148 2510/2469/2103
f 2455/2471/2105 2454/2486/2116 2449/2472/2083
f 2492/2474/2107 2453/4270/2110 2450/2475/2108
f 2456/2477/2109 2512/4257/2149 2450/2478/2108
f 2489/2480/2111 2448/2563/2137 2452/2481/2084
f 2481/2483/2113 2479/2556/2166 2438/2484/2114
f 2491/2482/2112 2452/2481/2084 2449/2472/2083
f 2475/2487/2117 2473/4271/2156 2493/2488/2118
f 2485/2490/2120 2444/2559/2138 2446/2491/2121
f 2477/2493/2123 2475/4272/2117 2434/2494/2168
f 2469/2496/2125 2497/2555/2144 2495/2497/2169
f 2463/2499/2128 2503/2553/2146 2501/2500/2129
f 2459/2502/2131 2457/2552/2152 2509/2503/2132
f 2461/2505/2134 2459/2502/2131 2507/2504/2133
f 2447/2507/2136 2451/2448/2082 2452/2450/2084
f 2445/2509/2086 2447/4273/2136 2448/2510/2137
f 2443/2512/2087 2445/2509/2086 2446/2511/2121
f 2441/2514/2139 2443/2512/2087 2444/2513/2138
f 2441/2514/2139 2442/2515/2140 2440/2516/2163
f 2439/2517/2141 2440/2516/2163 2438/2518/2114
f 2437/2520/2092 2438/4274/2114 2436/2521/2124
f 2435/2522/2142 2436/2521/2124 2434/2523/2168
f 2433/2524/2143 2434/2523/2168 2493/2525/2118
f 2496/2527/2098 2494/2526/2095 2493/2525/2118
f 2498/2529/2089 2496/2527/2098 2495/2528/2169
f 2500/2531/2090 2498/4275/2089 2497/2532/2144
f 2502/2534/2100 2500/2531/2090 2499/2533/2145
f 2504/2536/2101 2502/2534/2100 2501/2535/2129
f 2504/2536/2101 2503/2537/2146 2505/2538/2135
f 2506/2539/2147 2505/2538/2135 2507/2540/2133
f 2508/2542/2148 2507/4276/2133 2509/2543/2132
f 2510/2544/2103 2509/2543/2132 2511/2545/2167
f 2512/2546/2149 2511/2545/2167 2449/2449/2083
f 2484/2548/2150 2486/2451/2085 2443/2453/2087
f 2490/2550/2151 2492/2474/2107 2451/2476/2082
f 2457/2552/2152 2455/2471/2105 2511/2473/2167
f 2463/2499/2128 2461/2505/2134 2505/2506/2135
f 2467/2554/2153 2499/2557/2145 2497/2555/2144
f 2479/2556/2166 2477/2493/2123 2436/2495/2124
f 2465/2501/2130 2501/2500/2129 2499/2557/2145
f 2483/2558/2155 2442/2562/2140 2444/2559/2138
f 2471/2498/2127 2495/2497/2169 2493/2560/2118
f 2483/2558/2155 2481/2483/2113 2440/2485/2163
f 2487/2492/2122 2446/2491/2121 2448/2563/2137
f 2458/2470/2104 2510/2469/2103 2512/2564/2149
f 2464/2465/2099 2504/2467/2101 2506/2566/2147
f 2462/2567/2157 2506/2566/2147 2508/2568/2148
f 2480/2459/2093 2437/2458/2092 2435/2569/2142
f 2466/2571/2159 2468/2454/2088 2500/2456/2090
f 2472/2572/2160 2474/2462/2096 2494/2461/2095
f 2484/2548/2150 2441/2549/2139 2439/2573/2141
f 2488/2574/2161 2490/2550/2151 2447/2551/2136
f 2478/2570/2158 2435/2569/2142 2433/2575/2143
f 2611/2576/2082 2610/2674/2108 2609/2577/2083
f 2646/2579/2085 2648/2701/2161 2605/2580/2086
f 2628/2582/2088 2630/2591/2097 2658/2583/2089
f 2642/2585/2091 2599/2700/2141 2597/2586/2092
f 2636/2588/2094 2593/2702/2143 2654/2589/2095
f 2630/2591/2097 2632/2699/2160 2656/2592/2098
f 2624/2593/2099 2626/2698/2159 2662/2594/2100
f 2620/2596/2102 2668/2695/2148 2670/2597/2103
f 2615/2599/2105 2614/2614/2116 2609/2600/2083
f 2652/2602/2107 2613/4277/2110 2610/2603/2108
f 2616/2605/2109 2672/4278/2149 2610/2606/2108
f 2649/2608/2111 2608/2690/2137 2612/2609/2084
f 2641/2611/2113 2639/2683/2166 2598/2612/2114
f 2651/2610/2112 2612/2609/2084 2609/2600/2083
f 2635/2615/2117 2633/4256/2156 2653/2616/2118
f 2645/2617/2120 2604/2686/2138 2606/2618/2121
f 2637/2620/2123 2635/4279/2117 2594/2621/2164
f 2629/2623/2125 2657/2682/2144 2655/2624/2165
f 2623/2626/2128 2663/2680/2146 2661/2627/2129
f 2619/2629/2131 2617/2679/2152 2669/2630/2132
f 2621/2632/2134 2619/2629/2131 2667/2631/2133
f 2607/2634/2136 2611/2576/2082 2612/2578/2084
f 2605/2636/2086 2607/4280/2136 2608/2637/2137
f 2603/2639/2087 2605/2636/2086 2606/2638/2121
f 2601/2641/2139 2603/2639/2087 2604/2640/2138
f 2601/2641/2139 2602/2642/2140 2600/2643/2163
f 2599/2644/2141 2600/2643/2163 2598/2645/2114
f 2597/2647/2092 2598/4281/2114 2596/2648/2124
f 2595/2649/2142 2596/2648/2124 2594/2650/2164
f 2593/2651/2143 2594/2650/2164 2653/2652/2118
f 2656/2654/2098 2654/2653/2095 2653/2652/2118
f 2658/2656/2089 2656/2654/2098 2655/2655/2165
f 2660/2658/2090 2658/4282/2089 2657/2659/2144
f 2662/2661/2100 2660/2658/2090 2659/2660/2145
f 2664/2663/2101 2662/2661/2100 2661/2662/2129
f 2664/2663/2101 2663/2664/2146 2665/2665/2135
f 2666/2666/2147 2665/2665/2135 2667/2667/2133
f 2668/2669/2148 2667/4283/2133 2669/2670/2132
f 2670/2671/2103 2669/2670/2132 2671/2672/2162
f 2672/2673/2149 2671/2672/2162 2609/2577/2083
f 2644/2675/2150 2646/2579/2085 2603/2581/2087
f 2650/2677/2151 2652/2602/2107 2611/2604/2082
f 2617/2679/2152 2615/2599/2105 2671/2601/2162
f 2623/2626/2128 2621/2632/2134 2665/2633/2135
f 2627/2681/2153 2659/2684/2145 2657/2682/2144
f 2639/2683/2166 2637/2620/2123 2596/2622/2124
f 2625/2628/2130 2661/2627/2129 2659/2684/2145
f 2643/2685/2155 2602/2689/2140 2604/2686/2138
f 2631/2625/2127 2655/2624/2165 2653/2687/2118
f 2643/2685/2155 2641/2611/2113 2600/2613/2163
f 2647/2619/2122 2606/2618/2121 2608/2690/2137
f 2618/2598/2104 2670/2597/2103 2672/2691/2149
f 2624/2593/2099 2664/2595/2101 2666/2693/2147
f 2622/2694/2157 2666/2693/2147 2668/2695/2148
f 2640/2587/2093 2597/2586/2092 2595/2696/2142
f 2626/2698/2159 2628/2582/2088 2660/2584/2090
f 2632/2699/2160 2634/2590/2096 2654/2589/2095
f 2644/2675/2150 2601/2676/2139 2599/2700/2141
f 2648/2701/2161 2650/2677/2151 2607/2678/2136
f 2638/2697/2158 2595/2696/2142 2593/2702/2143
f 2771/2703/2082 2770/2800/2108 2769/2704/2083
f 2806/2706/2085 2808/2827/2161 2765/2707/2086
f 2788/2709/2088 2790/2718/2097 2818/2710/2089
f 2802/2712/2091 2759/2826/2141 2757/2713/2092
f 2796/2715/2094 2753/2828/2143 2814/2716/2095
f 2790/2718/2097 2792/2825/2160 2816/2719/2098
f 2784/2720/2099 2786/2824/2159 2822/2721/2100
f 2780/2723/2102 2828/2821/2148 2830/2724/2103
f 2775/2726/2105 2774/2739/2116 2769/2333/2083
f 2812/2728/2107 2773/4284/2110 2770/2729/2108
f 2776/2731/2109 2832/4285/2149 2770/2732/2108
f 2809/2733/2111 2768/2816/2137 2772/2734/2084
f 2801/2736/2113 2799/2809/2166 2758/2737/2114
f 2811/2735/2112 2772/2734/2084 2769/2333/2083
f 2795/2740/2117 2793/4286/2156 2813/2741/2118
f 2805/2743/2120 2764/2812/2138 2766/2744/2121
f 2797/2746/2123 2795/4287/2117 2754/2747/2164
f 2789/2749/2125 2817/2808/2144 2815/2750/2165
f 2783/2752/2128 2823/2806/2146 2821/2753/2129
f 2779/2755/2131 2777/2805/2152 2829/2756/2132
f 2781/2758/2134 2779/2755/2131 2827/2757/2133
f 2767/2760/2136 2771/2703/2082 2772/2705/2084
f 2765/2762/2086 2767/4288/2136 2768/2763/2137
f 2763/2765/2087 2765/2762/2086 2766/2764/2121
f 2761/2767/2139 2763/2765/2087 2764/2766/2138
f 2761/2767/2139 2762/2768/2140 2760/2769/2163
f 2759/2770/2141 2760/2769/2163 2758/2771/2114
f 2757/2773/2092 2758/4289/2114 2756/2774/2124
f 2755/2775/2142 2756/2774/2124 2754/2776/2164
f 2753/2777/2143 2754/2776/2164 2813/2778/2118
f 2816/2780/2098 2814/2779/2095 2813/2778/2118
f 2818/2782/2089 2816/2780/2098 2815/2781/2165
f 2820/2784/2090 2818/4290/2089 2817/2785/2144
f 2822/2787/2100 2820/2784/2090 2819/2786/2145
f 2824/2789/2101 2822/2787/2100 2821/2788/2129
f 2824/2789/2101 2823/2790/2146 2825/2791/2135
f 2826/2792/2147 2825/2791/2135 2827/2793/2133
f 2828/2795/2148 2827/4291/2133 2829/2796/2132
f 2830/2797/2103 2829/2796/2132 2831/2798/2162
f 2832/2799/2149 2831/2798/2162 2769/2704/2083
f 2804/2801/2150 2806/2706/2085 2763/2708/2087
f 2810/2803/2151 2812/2728/2107 2771/2730/2082
f 2777/2805/2152 2775/2726/2105 2831/2727/2162
f 2783/2752/2128 2781/2758/2134 2825/2759/2135
f 2787/2807/2153 2819/2810/2145 2817/2808/2144
f 2799/2809/2166 2797/2746/2123 2756/2748/2124
f 2785/2754/2130 2821/2753/2129 2819/2810/2145
f 2803/2811/2155 2762/2815/2140 2764/2812/2138
f 2791/2751/2127 2815/2750/2165 2813/2813/2118
f 2803/2811/2155 2801/2736/2113 2760/2738/2163
f 2807/2745/2170 2766/2744/2121 2768/2816/2137
f 2778/2725/2104 2830/2724/2103 2832/2817/2149
f 2784/2720/2099 2824/2722/2101 2826/2819/2147
f 2782/2820/2157 2826/2819/2147 2828/2821/2148
f 2800/2714/2093 2757/2713/2092 2755/2822/2142
f 2786/2824/2159 2788/2709/2088 2820/2711/2090
f 2792/2825/2160 2794/2717/2096 2814/2716/2095
f 2804/2801/2150 2761/2802/2139 2759/2826/2141
f 2808/2827/2161 2810/2803/2151 2767/2804/2136
f 2798/2823/2158 2755/2822/2142 2753/2828/2143
f 2931/2829/2082 2930/2927/2108 2929/2830/2083
f 2966/2832/2085 2968/2953/2161 2925/2833/2086
f 2948/2835/2088 2950/2844/2097 2978/2836/2089
f 2962/2838/2091 2919/2952/2141 2917/2839/2092
f 2956/2841/2094 2913/2954/2143 2974/2842/2095
f 2950/2844/2097 2952/2951/2160 2976/2845/2098
f 2944/2846/2099 2946/2950/2159 2982/2847/2100
f 2940/2849/2102 2988/2947/2148 2990/2850/2103
f 2935/2852/2105 2934/2867/2116 2929/2853/2083
f 2972/2855/2107 2933/4292/2110 2930/2856/2108
f 2936/2858/2109 2992/4271/2149 2930/2859/2108
f 2969/2861/2111 2928/2942/2137 2932/2862/2084
f 2961/2864/2113 2959/2936/2166 2918/2865/2114
f 2971/2863/2112 2932/2862/2084 2929/2853/2083
f 2955/2868/2117 2953/4293/2156 2973/2869/2118
f 2965/2870/2120 2924/2939/2138 2926/2871/2121
f 2957/2873/2123 2955/4294/2117 2914/2874/2164
f 2949/2876/2125 2977/2935/2144 2975/2877/2165
f 2943/2879/2128 2983/2933/2146 2981/2880/2129
f 2939/2882/2131 2937/2932/2152 2989/2883/2132
f 2941/2885/2134 2939/2882/2131 2987/2884/2133
f 2927/2887/2136 2931/2829/2082 2932/2831/2084
f 2925/2889/2086 2927/4295/2136 2928/2890/2137
f 2923/2892/2087 2925/2889/2086 2926/2891/2121
f 2921/2894/2139 2923/2892/2087 2924/2893/2138
f 2921/2894/2139 2922/2895/2140 2920/2896/2163
f 2919/2897/2141 2920/2896/2163 2918/2898/2114
f 2917/2900/2092 2918/4296/2114 2916/2901/2124
f 2915/2902/2142 2916/2901/2124 2914/2903/2164
f 2913/2904/2143 2914/2903/2164 2973/2905/2118
f 2976/2907/2098 2974/2906/2095 2973/2905/2118
f 2978/2909/2089 2976/2907/2098 2975/2908/2165
f 2980/2911/2090 2978/4297/2089 2977/2912/2144
f 2982/2914/2100 2980/2911/2090 2979/2913/2145
f 2984/2916/2101 2982/2914/2100 2981/2915/2129
f 2984/2916/2101 2983/2917/2146 2985/2918/2135
f 2986/2919/2147 2985/2918/2135 2987/2920/2133
f 2988/2922/2148 2987/4298/2133 2989/2923/2132
f 2990/2924/2103 2989/2923/2132 2991/2925/2162
f 2992/2926/2149 2991/2925/2162 2929/2830/2083
f 2964/2928/2150 2966/2832/2085 2923/2834/2087
f 2970/2930/2151 2972/2855/2107 2931/2857/2082
f 2937/2932/2152 2935/2852/2105 2991/2854/2162
f 2943/2879/2128 2941/2885/2134 2985/2886/2135
f 2947/2934/2153 2979/2937/2145 2977/2935/2144
f 2959/2936/2166 2957/2873/2123 2916/2875/2124
f 2945/2881/2130 2981/2880/2129 2979/2937/2145
f 2963/2938/2155 2922/2941/2140 2924/2939/2138
f 2951/2878/2127 2975/2877/2165 2973/2344/2118
f 2963/2938/2155 2961/2864/2113 2920/2866/2163
f 2967/2872/2122 2926/2871/2121 2928/2942/2137
f 2938/2851/2104 2990/2850/2103 2992/2943/2149
f 2944/2846/2099 2984/2848/2101 2986/2945/2147
f 2942/2946/2157 2986/2945/2147 2988/2947/2148
f 2960/2840/2093 2917/2839/2092 2915/2948/2142
f 2946/2950/2159 2948/2835/2088 2980/2837/2090
f 2952/2951/2160 2954/2843/2096 2974/2842/2095
f 2964/2928/2150 2921/2929/2139 2919/2952/2141
f 2968/2953/2161 2970/2930/2151 2927/2931/2136
f 2958/2949/2158 2915/2948/2142 2913/2954/2143
f 3091/2955/2082 3090/3051/2108 3089/2956/2083
f 3126/2958/2085 3128/3077/2161 3085/2959/2086
f 3108/2961/2088 3110/2970/2097 3138/2962/2089
f 3122/2964/2091 3079/3076/2141 3077/2965/2092
f 3116/2967/2094 3073/3078/2143 3134/2968/2095
f 3110/2970/2097 3112/3075/2160 3136/2971/2098
f 3104/2972/2099 3106/3074/2159 3142/2973/2100
f 3100/2975/2102 3148/3071/2148 3150/2976/2103
f 3095/2978/2105 3094/2992/2116 3089/2979/2083
f 3132/2981/2107 3093/4299/2110 3090/2982/2108
f 3096/2984/2109 3152/2606/2149 3090/2985/2108
f 3129/2986/2111 3088/3066/2137 3092/2987/2084
f 3121/2989/2113 3119/3060/2166 3078/2990/2114
f 3131/2988/2112 3092/2987/2084 3089/2979/2083
f 3115/2993/2117 3113/4300/2156 3133/2361/2118
f 3125/2994/2120 3084/3063/2138 3086/2995/2121
f 3117/2997/2123 3115/4301/2117 3074/2998/2164
f 3109/3000/2125 3137/3059/2144 3135/3001/2165
f 3103/3003/2128 3143/3057/2146 3141/3004/2129
f 3099/3006/2131 3097/3056/2152 3149/3007/2132
f 3101/3009/2134 3099/3006/2131 3147/3008/2133
f 3087/3011/2136 3091/2955/2082 3092/2957/2084
f 3085/3013/2086 3087/4302/2136 3088/3014/2137
f 3083/3016/2087 3085/3013/2086 3086/3015/2121
f 3081/3018/2139 3083/3016/2087 3084/3017/2138
f 3081/3018/2139 3082/3019/2140 3080/3020/2163
f 3079/3021/2141 3080/3020/2163 3078/3022/2114
f 3077/3024/2092 3078/4303/2114 3076/3025/2124
f 3075/3026/2142 3076/3025/2124 3074/3027/2164
f 3073/3028/2143 3074/3027/2164 3133/3029/2118
f 3136/3031/2098 3134/3030/2095 3133/3029/2118
f 3138/3033/2089 3136/3031/2098 3135/3032/2165
f 3140/3035/2090 3138/4304/2089 3137/3036/2144
f 3142/3038/2100 3140/3035/2090 3139/3037/2145
f 3144/3040/2101 3142/3038/2100 3141/3039/2129
f 3144/3040/2101 3143/3041/2146 3145/3042/2135
f 3146/3043/2147 3145/3042/2135 3147/3044/2133
f 3148/3046/2148 3147/4305/2133 3149/3047/2132
f 3150/3048/2103 3149/3047/2132 3151/3049/2162
f 3152/3050/2149 3151/3049/2162 3089/2956/2083
f 3124/3052/2150 3126/2958/2085 3083/2960/2087
f 3130/3054/2151 3132/2981/2107 3091/2983/2082
f 3097/3056/2152 3095/2978/2105 3151/2980/2162
f 3103/3003/2128 3101/3009/2134 3145/3010/2135
f 3107/3058/2153 3139/3061/2145 3137/3059/2144
f 3119/3060/2166 3117/2997/2123 3076/2999/2124
f 3105/3005/2130 3141/3004/2129 3139/3061/2145
f 3123/3062/2155 3082/3065/2140 3084/3063/2138
f 3111/3002/2127 3135/3001/2165 3133/2856/2118
f 3123/3062/2155 3121/2989/2113 3080/2991/2163
f 3127/2996/2122 3086/2995/2121 3088/3066/2137
f 3098/2977/2104 3150/2976/2103 3152/3067/2149
f 3104/2972/2099 3144/2974/2101 3146/3069/2147
f 3102/3070/2157 3146/3069/2147 3148/3071/2148
f 3120/2966/2093 3077/2965/2092 3075/3072/2142
f 3106/3074/2159 3108/2961/2088 3140/2963/2090
f 3112/3075/2160 3114/2969/2096 3134/2968/2095
f 3124/3052/2150 3081/3053/2139 3079/3076/2141
f 3128/3077/2161 3130/3054/2151 3087/3055/2136
f 3118/3073/2158 3075/3072/2142 3073/3078/2143
f 3251/3079/2082 3250/3178/2108 3249/3080/2083
f 3286/3082/2172 3288/3205/2161 3245/3083/2086
f 3268/3085/2088 3270/3094/2097 3298/3086/2089
f 3282/3088/2173 3239/3204/2141 3237/3089/2092
f 3276/3091/2094 3233/3206/2143 3294/3092/2095
f 3270/3094/2097 3272/3203/2160 3296/3095/2098
f 3264/3096/2099 3266/3202/2176 3302/3097/2100
f 3260/3099/2102 3308/3199/2148 3310/3100/2103
f 3255/3102/2105 3254/3117/2116 3249/3103/2083
f 3292/3105/2107 3253/4306/2110 3250/3106/2108
f 3256/3108/2109 3312/4293/2149 3250/3109/2108
f 3289/3111/2111 3248/3194/2137 3252/3112/2171
f 3281/3114/2113 3279/3187/2166 3238/3115/2114
f 3291/3113/2112 3252/3112/2171 3249/3103/2083
f 3275/3118/2117 3273/4278/2156 3293/3119/2118
f 3285/3121/2120 3244/3190/2138 3246/3122/2121
f 3277/3124/2123 3275/4307/2117 3234/3125/2164
f 3269/3127/2125 3297/3186/2144 3295/3128/2165
f 3263/3130/2128 3303/3184/2146 3301/3131/2129
f 3259/3133/2131 3257/3183/2152 3309/3134/2132
f 3261/3136/2134 3259/3133/2131 3307/3135/2133
f 3247/3138/2136 3251/3079/2082 3252/3081/2171
f 3245/3140/2086 3247/4308/2136 3248/3141/2137
f 3243/3143/2087 3245/3140/2086 3246/3142/2121
f 3241/3145/2139 3243/3143/2087 3244/3144/2138
f 3241/3145/2139 3242/3146/2140 3240/3147/2163
f 3239/3148/2141 3240/3147/2163 3238/3149/2114
f 3237/3151/2092 3238/4309/2114 3236/3152/2124
f 3235/3153/2142 3236/3152/2124 3234/3154/2164
f 3233/3155/2143 3234/3154/2164 3293/3156/2118
f 3296/3158/2098 3294/3157/2095 3293/3156/2118
f 3298/3160/2089 3296/3158/2098 3295/3159/2165
f 3300/3162/2090 3298/4310/2089 3297/3163/2144
f 3302/3165/2100 3300/3162/2090 3299/3164/2145
f 3304/3167/2101 3302/3165/2100 3301/3166/2129
f 3304/3167/2101 3303/3168/2146 3305/3169/2135
f 3306/3170/2147 3305/3169/2135 3307/3171/2133
f 3308/3173/2148 3307/4311/2133 3309/3174/2132
f 3310/3175/2103 3309/3174/2132 3311/3176/2162
f 3312/3177/2149 3311/3176/2162 3249/3080/2083
f 3284/3179/2150 3286/3082/2172 3243/3084/2087
f 3290/3181/2151 3292/3105/2107 3251/3107/2082
f 3257/3183/2152 3255/3102/2105 3311/3104/2162
f 3263/3130/2128 3261/3136/2134 3305/3137/2135
f 3267/3185/2153 3299/3188/2145 3297/3186/2144
f 3279/3187/2166 3277/3124/2123 3236/3126/2124
f 3265/3132/2130 3301/3131/2129 3299/3188/2145
f 3283/3189/2155 3242/3193/2140 3244/3190/2138
f 3271/3129/2127 3295/3128/2165 3293/3191/2118
f 3283/3189/2155 3281/3114/2113 3240/3116/2163
f 3287/3123/2174 3246/3122/2121 3248/3194/2137
f 3258/3101/2104 3310/3100/2103 3312/3195/2149
f 3264/3096/2099 3304/3098/2101 3306/3197/2147
f 3262/3198/2175 3306/3197/2147 3308/3199/2148
f 3280/3090/2093 3237/3089/2092 3235/3200/2142
f 3266/3202/2176 3268/3085/2088 3300/3087/2090
f 3272/3203/2160 3274/3093/2096 3294/3092/2095
f 3284/3179/2150 3241/3180/2139 3239/3204/2141
f 3288/3205/2161 3290/3181/2151 3247/3182/2136
f 3278/3201/2158 3235/3200/2142 3233/3206/2143
f 2171/3207/2112 2134/3324/2116 2213/3208/31
f 2216/3210/2178 2137/3248/2152 2139/3211/2131
f 2217/3213/2179 2139/4312/2131 2141/3214/2134
f 2218/3215/2180 2141/3214/2134 2143/3216/2128
f 2143/3216/2128 2145/3219/2130 2220/3218/2181
f 2145/3219/2130 2147/3221/2153 2221/3220/2182
f 2147/3221/2153 2149/4313/2125 2222/3222/2183
f 2149/3223/2125 2151/3226/2127 2223/3224/2184
f 2151/3226/2127 2153/4314/2156 2224/3227/3
f 2224/3227/3 2153/4314/2156 2155/3228/2117
f 2225/3229/2185 2155/3228/2117 2157/3230/2123
f 2226/3231/2186 2157/3230/2123 2159/3232/2154
f 2227/3234/2187 2159/4315/2154 2161/3235/2113
f 2228/3236/2188 2161/3235/2113 2163/3237/2155
f 2163/3237/2155 2165/3240/2120 2230/3239/2189
f 2165/3240/2120 2167/3242/2122 2231/3241/2190
f 2167/3242/2122 2169/4316/2111 2232/3243/2191
f 2169/3244/2111 2171/3207/2112 2215/3209/2177
f 2213/3208/31 2134/3324/2116 2135/3246/2105
f 2214/3247/2192 2135/3246/2105 2137/3248/2152
f 2110/3249/2193 2112/3290/2208 2193/3250/2177
f 2108/3252/2194 2110/4317/2193 2212/3253/2191
f 2106/3255/2195 2108/3252/2194 2211/3254/2190
f 2104/3257/46 2106/3255/2195 2210/3256/2189
f 2208/3259/2188 2102/3261/2196 2104/3257/46
f 2207/3260/2187 2100/4318/2197 2102/3261/2196
f 2206/3262/2186 2098/3266/2198 2100/3263/2197
f 2205/3265/2185 2096/3268/2199 2098/3266/2198
f 2204/3267/3 2094/4319/3 2096/3268/2199
f 2092/3269/2200 2094/4319/3 2204/3267/3
f 2090/3271/2201 2092/3269/2200 2203/3270/2184
f 2088/3273/2202 2090/4320/2201 2202/3274/2183
f 2086/3276/2203 2088/3273/2202 2201/3275/2182
f 2084/3278/16 2086/3276/2203 2200/3277/2181
f 2198/3280/2180 2082/3282/2204 2084/3278/16
f 2197/3281/2179 2080/4321/2205 2082/3282/2204
f 2196/3283/2178 2078/3287/2206 2080/3284/2205
f 2195/3286/2192 2076/3289/2207 2078/3287/2206
f 2194/3288/31 2074/4322/31 2076/3289/2207
f 2112/3290/2208 2074/4322/31 2194/3288/31
f 2193/3250/2177 2194/3288/31 2133/3291/2110
f 2133/3291/2110 2194/3288/31 2195/3286/2192
f 2136/3293/2109 2195/3286/2192 2196/3283/2178
f 2138/3294/2104 2196/3283/2178 2197/3285/2179
f 2140/3296/2102 2197/3281/2179 2198/3280/2180
f 2142/3297/2157 2198/3280/2180 2199/3279/16
f 2199/3279/16 2200/3277/2181 2146/3299/2159
f 2200/3277/2181 2201/3275/2182 2148/3300/2088
f 2201/3275/2182 2202/3274/2183 2150/3301/2097
f 2202/3272/2183 2203/3270/2184 2152/3302/2160
f 2203/3270/2184 2204/3267/3 2154/3304/2096
f 2154/3304/2096 2204/3267/3 2205/3265/2185
f 2156/3305/2094 2205/3265/2185 2206/3262/2186
f 2158/3306/2158 2206/3262/2186 2207/3264/2187
f 2160/3308/2093 2207/3260/2187 2208/3259/2188
f 2162/3309/2091 2208/3259/2188 2209/3258/46
f 2209/3258/46 2210/3256/2189 2166/3311/2085
f 2210/3256/2189 2211/3254/2190 2168/3312/2161
f 2211/3254/2190 2212/3253/2191 2170/3313/2151
f 2212/3251/2191 2193/3250/2177 2172/3292/2107
f 2075/3315/2192 2214/3247/2192 2216/3210/2178
f 2073/3317/31 2213/3208/31 2214/3247/2192
f 2232/3245/2191 2215/3209/2177 2111/3318/2177
f 2231/3241/2190 2232/3243/2191 2109/3319/2191
f 2230/3239/2189 2231/3241/2190 2107/3318/2190
f 2229/3238/46 2230/3239/2189 2105/3317/2189
f 2101/3316/2188 2228/3236/2188 2229/3238/46
f 2099/3320/2187 2227/3234/2187 2228/3236/2188
f 2097/3321/2186 2226/3231/2186 2227/3233/2187
f 2095/3323/2185 2225/3229/2185 2226/3231/2186
f 2093/3324/3 2224/3227/3 2225/3229/2185
f 2223/3224/2184 2224/3227/3 2093/3324/3
f 2222/3225/2183 2223/3224/2184 2091/3325/2184
f 2221/3220/2182 2222/3222/2183 2089/3327/2183
f 2220/3218/2181 2221/3220/2182 2087/3328/2182
f 2219/3217/16 2220/3218/2181 2085/3329/2181
f 2081/3331/2180 2218/3215/2180 2219/3217/16
f 2079/3332/2179 2217/3213/2179 2218/3215/2180
f 2077/3316/2178 2216/3210/2178 2217/3212/2179
f 2215/3209/2177 2213/3208/31 2073/3317/31
f 2331/3333/2112 2294/4323/2116 2373/3334/31
f 2376/3336/2178 2297/3374/2152 2299/3337/2131
f 2377/3339/2179 2299/4324/2131 2301/3340/2134
f 2378/3341/2180 2301/3340/2134 2303/3342/2128
f 2303/3342/2128 2305/3345/2130 2380/3344/2181
f 2305/3345/2130 2307/3347/2153 2381/3346/2182
f 2307/3347/2153 2309/4325/2125 2382/3348/2183
f 2309/3349/2125 2311/3352/2127 2383/3350/2184
f 2311/3352/2127 2313/4326/2156 2384/3353/3
f 2384/3353/3 2313/4326/2156 2315/3354/2117
f 2385/3355/2185 2315/3354/2117 2317/3356/2123
f 2386/3357/2186 2317/3356/2123 2319/3358/2166
f 2387/3360/2187 2319/4327/2166 2321/3361/2113
f 2388/3362/2188 2321/3361/2113 2323/3363/2155
f 2323/3363/2155 2325/3366/2120 2390/3365/2189
f 2325/3366/2120 2327/3368/2122 2391/3367/2190
f 2327/3368/2122 2329/4328/2111 2392/3369/2191
f 2329/3370/2111 2331/3333/2112 2375/3335/2177
f 2373/3334/31 2294/4323/2116 2295/3372/2105
f 2374/3373/2192 2295/3372/2105 2297/3374/2152
f 2270/3375/2193 2272/3416/2208 2353/3376/2177
f 2268/3378/2194 2270/4329/2193 2372/3379/2191
f 2266/3381/2195 2268/3378/2194 2371/3380/2190
f 2264/3383/46 2266/3381/2195 2370/3382/2189
f 2368/3385/2188 2262/3387/2196 2264/3383/46
f 2367/3386/2187 2260/4330/2197 2262/3387/2196
f 2366/3388/2186 2258/3392/2198 2260/3389/2197
f 2365/3391/2185 2256/3394/2199 2258/3392/2198
f 2364/3393/3 2254/4331/3 2256/3394/2199
f 2252/3395/2200 2254/4331/3 2364/3393/3
f 2250/3397/2201 2252/3395/2200 2363/3396/2184
f 2248/3399/2202 2250/4332/2201 2362/3400/2183
f 2246/3402/2203 2248/3399/2202 2361/3401/2182
f 2244/3404/16 2246/3402/2203 2360/3403/2181
f 2358/3406/2180 2242/3408/2204 2244/3404/16
f 2357/3407/2179 2240/4333/2205 2242/3408/2204
f 2356/3409/2178 2238/3413/2206 2240/3410/2205
f 2355/3412/2192 2236/3415/2207 2238/3413/2206
f 2354/3414/31 2234/4334/31 2236/3415/2207
f 2272/3416/2208 2234/4334/31 2354/3414/31
f 2353/3376/2177 2354/3414/31 2293/3417/2110
f 2293/3417/2110 2354/3414/31 2355/3412/2192
f 2296/3419/2109 2355/3412/2192 2356/3409/2178
f 2298/3420/2104 2356/3409/2178 2357/3411/2179
f 2300/3422/2102 2357/3407/2179 2358/3406/2180
f 2302/3423/2157 2358/3406/2180 2359/3405/16
f 2359/3405/16 2360/3403/2181 2306/3425/2159
f 2360/3403/2181 2361/3401/2182 2308/3426/2088
f 2361/3401/2182 2362/3400/2183 2310/3427/2097
f 2362/3398/2183 2363/3396/2184 2312/3428/2160
f 2363/3396/2184 2364/3393/3 2314/3430/2096
f 2314/3430/2096 2364/3393/3 2365/3391/2185
f 2316/3431/2094 2365/3391/2185 2366/3388/2186
f 2318/3432/2158 2366/3388/2186 2367/3390/2187
f 2320/3434/2093 2367/3386/2187 2368/3385/2188
f 2322/3435/2091 2368/3385/2188 2369/3384/46
f 2369/3384/46 2370/3382/2189 2326/3437/2085
f 2370/3382/2189 2371/3380/2190 2328/3438/2161
f 2371/3380/2190 2372/3379/2191 2330/3439/2151
f 2372/3377/2191 2353/3376/2177 2332/3418/2107
f 2235/3441/2209 2374/3373/2192 2376/3336/2178
f 2233/3443/31 2373/3334/31 2374/3373/2192
f 2392/3371/2191 2375/3335/2177 2271/3444/2211
f 2391/3367/2190 2392/3369/2191 2269/3446/2212
f 2390/3365/2189 2391/3367/2190 2267/3447/2213
f 2389/3364/46 2390/3365/2189 2265/3448/2214
f 2261/3450/2215 2388/3362/2188 2389/3364/46
f 2259/3451/2216 2387/3360/2187 2388/3362/2188
f 2257/3452/2217 2386/3357/2186 2387/3359/2187
f 2255/3454/2218 2385/3355/2185 2386/3357/2186
f 2253/3455/3 2384/3353/3 2385/3355/2185
f 2383/3350/2184 2384/3353/3 2253/3455/3
f 2382/3351/2183 2383/3350/2184 2251/3456/2219
f 2381/3346/2182 2382/3348/2183 2249/3458/2220
f 2380/3344/2181 2381/3346/2182 2247/3459/2221
f 2379/3343/16 2380/3344/2181 2245/3460/2222
f 2241/3462/2223 2378/3341/2180 2379/3343/16
f 2239/3463/2224 2377/3339/2179 2378/3341/2180
f 2237/3442/2210 2376/3336/2178 2377/3338/2179
f 2375/3335/2177 2373/3334/31 2233/3443/31
f 2491/3465/2112 2454/4335/2116 2533/3466/31
f 2536/3468/2178 2457/3506/2152 2459/3469/2131
f 2537/3471/2179 2459/4336/2131 2461/3472/2134
f 2538/3473/2180 2461/3472/2134 2463/3474/2128
f 2463/3474/2128 2465/3477/2130 2540/3476/2181
f 2465/3477/2130 2467/3479/2153 2541/3478/2182
f 2467/3479/2153 2469/4337/2125 2542/3480/2183
f 2469/3481/2125 2471/3484/2127 2543/3482/2184
f 2471/3484/2127 2473/4338/2156 2544/3485/3
f 2544/3485/3 2473/4338/2156 2475/3486/2117
f 2545/3487/2185 2475/3486/2117 2477/3488/2123
f 2546/3489/2186 2477/3488/2123 2479/3490/2166
f 2547/3492/2187 2479/4339/2166 2481/3493/2113
f 2548/3494/2188 2481/3493/2113 2483/3495/2155
f 2483/3495/2155 2485/3498/2120 2550/3497/2189
f 2485/3498/2120 2487/3500/2122 2551/3499/2190
f 2487/3500/2122 2489/4340/2111 2552/3501/2191
f 2489/3502/2111 2491/3465/2112 2535/3467/2177
f 2533/3466/31 2454/4335/2116 2455/3504/2105
f 2534/3505/2192 2455/3504/2105 2457/3506/2152
f 2430/3507/2193 2432/3547/2208 2513/3508/2177
f 2428/3510/2194 2430/4341/2193 2532/3511/2191
f 2426/3513/2195 2428/3510/2194 2531/3512/2190
f 2424/3515/46 2426/3513/2195 2530/3514/2189
f 2528/3517/2188 2422/3519/2196 2424/3515/46
f 2527/3518/2187 2420/4342/2197 2422/3519/2196
f 2526/3520/2186 2418/3524/2198 2420/3521/2197
f 2525/3523/2185 2416/3526/2199 2418/3524/2198
f 2524/3525/3 2414/3330/3 2416/3526/2199
f 2412/3527/2200 2414/3330/3 2524/3525/3
f 2410/3322/2201 2412/3527/2200 2523/3528/2184
f 2408/3530/2202 2410/4343/2201 2522/3531/2183
f 2406/3533/2203 2408/3530/2202 2521/3532/2182
f 2404/3535/16 2406/3533/2203 2520/3534/2181
f 2518/3537/2180 2402/3539/2204 2404/3535/16
f 2517/3538/2179 2400/4344/2205 2402/3539/2204
f 2516/3540/2178 2398/3544/2206 2400/3541/2205
f 2515/3543/2192 2396/3546/2207 2398/3544/2206
f 2514/3545/31 2394/4345/31 2396/3546/2207
f 2432/3547/2208 2394/4345/31 2514/3545/31
f 2513/3508/2177 2514/3545/31 2453/3548/2110
f 2453/3548/2110 2514/3545/31 2515/3543/2192
f 2456/3550/2109 2515/3543/2192 2516/3540/2178
f 2458/3551/2104 2516/3540/2178 2517/3542/2179
f 2460/3553/2102 2517/3538/2179 2518/3537/2180
f 2462/3554/2157 2518/3537/2180 2519/3536/16
f 2519/3536/16 2520/3534/2181 2466/3556/2159
f 2520/3534/2181 2521/3532/2182 2468/3557/2088
f 2521/3532/2182 2522/3531/2183 2470/3558/2097
f 2522/3529/2183 2523/3528/2184 2472/3559/2160
f 2523/3528/2184 2524/3525/3 2474/3561/2096
f 2474/3561/2096 2524/3525/3 2525/3523/2185
f 2476/3562/2094 2525/3523/2185 2526/3520/2186
f 2478/3563/2158 2526/3520/2186 2527/3522/2187
f 2480/3565/2093 2527/3518/2187 2528/3517/2188
f 2482/3566/2091 2528/3517/2188 2529/3516/46
f 2529/3516/46 2530/3514/2189 2486/3568/2085
f 2530/3514/2189 2531/3512/2190 2488/3569/2161
f 2531/3512/2190 2532/3511/2191 2490/3570/2151
f 2532/3509/2191 2513/3508/2177 2492/3549/2107
f 2395/3572/2209 2534/3505/2192 2536/3468/2178
f 2393/3574/31 2533/3466/31 2534/3505/2192
f 2552/3503/2191 2535/3467/2177 2431/3575/2211
f 2551/3499/2190 2552/3501/2191 2429/3577/2212
f 2550/3497/2189 2551/3499/2190 2427/3578/2213
f 2549/3496/46 2550/3497/2189 2425/3579/2214
f 2421/3581/2215 2548/3494/2188 2549/3496/46
f 2419/3582/2216 2547/3492/2187 2548/3494/2188
f 2417/3583/2217 2546/3489/2186 2547/3491/2187
f 2415/3585/2218 2545/3487/2185 2546/3489/2186
f 2413/3586/3 2544/3485/3 2545/3487/2185
f 2543/3482/2184 2544/3485/3 2413/3586/3
f 2542/3483/2183 2543/3482/2184 2411/3587/2219
f 2541/3478/2182 2542/3480/2183 2409/3589/2220
f 2540/3476/2181 2541/3478/2182 2407/3590/2221
f 2539/3475/16 2540/3476/2181 2405/3591/2222
f 2401/3593/2223 2538/3473/2180 2539/3475/16
f 2399/3594/2224 2537/3471/2179 2538/3473/2180
f 2397/3573/2210 2536/3468/2178 2537/3470/2179
f 2535/3467/2177 2533/3466/31 2393/3574/31
f 2651/3596/2112 2614/4346/2116 2693/3597/31
f 2696/3599/2178 2617/3637/2152 2619/3600/2131
f 2697/3602/2179 2619/4347/2131 2621/3603/2134
f 2698/3604/2180 2621/3603/2134 2623/3605/2128
f 2623/3605/2128 2625/3608/2130 2700/3607/2181
f 2625/3608/2130 2627/3610/2153 2701/3609/2182
f 2627/3610/2153 2629/4348/2125 2702/3611/2183
f 2629/3612/2125 2631/3615/2127 2703/3613/2184
f 2631/3615/2127 2633/4349/2156 2704/3616/3
f 2704/3616/3 2633/4349/2156 2635/3617/2117
f 2705/3618/2185 2635/3617/2117 2637/3619/2123
f 2706/3620/2186 2637/3619/2123 2639/3621/2166
f 2707/3623/2187 2639/4350/2166 2641/3624/2113
f 2708/3625/2188 2641/3624/2113 2643/3626/2155
f 2643/3626/2155 2645/3629/2120 2710/3628/2189
f 2645/3629/2120 2647/3631/2122 2711/3630/2190
f 2647/3631/2122 2649/4351/2111 2712/3632/2191
f 2649/3633/2111 2651/3596/2112 2695/3598/2177
f 2693/3597/31 2614/4346/2116 2615/3635/2105
f 2694/3636/2192 2615/3635/2105 2617/3637/2152
f 2590/3638/2193 2592/3679/2208 2673/3639/2177
f 2588/3641/2194 2590/4352/2193 2692/3642/2191
f 2586/3644/2195 2588/3641/2194 2691/3643/2190
f 2584/3646/46 2586/3644/2195 2690/3645/2189
f 2688/3648/2188 2582/3650/2196 2584/3646/46
f 2687/3649/2187 2580/4353/2197 2582/3650/2196
f 2686/3651/2186 2578/3655/2198 2580/3652/2197
f 2685/3654/2185 2576/3657/2199 2578/3655/2198
f 2684/3656/3 2574/4354/3 2576/3657/2199
f 2572/3658/2200 2574/4354/3 2684/3656/3
f 2570/3660/2201 2572/3658/2200 2683/3659/2184
f 2568/3662/2202 2570/4355/2201 2682/3663/2183
f 2566/3665/2203 2568/3662/2202 2681/3664/2182
f 2564/3667/16 2566/3665/2203 2680/3666/2181
f 2678/3669/2180 2562/3671/2204 2564/3667/16
f 2677/3670/2179 2560/4356/2205 2562/3671/2204
f 2676/3672/2178 2558/3676/2206 2560/3673/2205
f 2675/3675/2192 2556/3678/2207 2558/3676/2206
f 2674/3677/31 2554/4357/31 2556/3678/2207
f 2592/3679/2208 2554/4357/31 2674/3677/31
f 2673/3639/2177 2674/3677/31 2613/3680/2110
f 2613/3680/2110 2674/3677/31 2675/3675/2192
f 2616/3682/2109 2675/3675/2192 2676/3672/2178
f 2618/3683/2104 2676/3672/2178 2677/3674/2179
f 2620/3685/2102 2677/3670/2179 2678/3669/2180
f 2622/3686/2157 2678/3669/2180 2679/3668/16
f 2679/3668/16 2680/3666/2181 2626/3688/2159
f 2680/3666/2181 2681/3664/2182 2628/3689/2088
f 2681/3664/2182 2682/3663/2183 2630/3690/2097
f 2682/3661/2183 2683/3659/2184 2632/3691/2160
f 2683/3659/2184 2684/3656/3 2634/3693/2096
f 2634/3693/2096 2684/3656/3 2685/3654/2185
f 2636/3694/2094 2685/3654/2185 2686/3651/2186
f 2638/3695/2158 2686/3651/2186 2687/3653/2187
f 2640/3697/2093 2687/3649/2187 2688/3648/2188
f 2642/3698/2091 2688/3648/2188 2689/3647/46
f 2689/3647/46 2690/3645/2189 2646/3700/2085
f 2690/3645/2189 2691/3643/2190 2648/3701/2161
f 2691/3643/2190 2692/3642/2191 2650/3702/2151
f 2692/3640/2191 2673/3639/2177 2652/3681/2107
f 2555/3704/2209 2694/3636/2192 2696/3599/2178
f 2553/3706/31 2693/3597/31 2694/3636/2192
f 2712/3634/2191 2695/3598/2177 2591/3707/2211
f 2711/3630/2190 2712/3632/2191 2589/3709/2212
f 2710/3628/2189 2711/3630/2190 2587/3710/2213
f 2709/3627/46 2710/3628/2189 2585/3711/2214
f 2581/3713/2215 2708/3625/2188 2709/3627/46
f 2579/3714/2216 2707/3623/2187 2708/3625/2188
f 2577/3715/2217 2706/3620/2186 2707/3622/2187
f 2575/3717/2218 2705/3618/2185 2706/3620/2186
f 2573/3718/3 2704/3616/3 2705/3618/2185
f 2703/3613/2184 2704/3616/3 2573/3718/3
f 2702/3614/2183 2703/3613/2184 2571/3719/2219
f 2701/3609/2182 2702/3611/2183 2569/3721/2220
f 2700/3607/2181 2701/3609/2182 2567/3722/2221
f 2699/3606/16 2700/3607/2181 2565/3723/2222
f 2561/3725/2223 2698/3604/2180 2699/3606/16
f 2559/3726/2224 2697/3602/2179 2698/3604/2180
f 2557/3705/2210 2696/3599/2178 2697/3601/2179
f 2695/3598/2177 2693/3597/31 2553/3706/31
f 2811/3728/2112 2774/4358/2116 2853/3729/31
f 2856/3731/2178 2777/3769/2152 2779/3732/2131
f 2857/3734/2179 2779/4359/2131 2781/3735/2134
f 2858/3736/2180 2781/3735/2134 2783/3737/2128
f 2783/3737/2128 2785/3740/2130 2860/3739/2181
f 2785/3740/2130 2787/3742/2153 2861/3741/2182
f 2787/3742/2153 2789/4360/2125 2862/3743/2183
f 2789/3744/2125 2791/3747/2127 2863/3745/2184
f 2791/3747/2127 2793/4361/2156 2864/3748/3
f 2864/3748/3 2793/4361/2156 2795/3749/2117
f 2865/3750/2185 2795/3749/2117 2797/3751/2123
f 2866/3752/2186 2797/3751/2123 2799/3753/2166
f 2867/3755/2187 2799/4362/2166 2801/3756/2113
f 2868/3757/2188 2801/3756/2113 2803/3758/2155
f 2803/3758/2155 2805/3761/2120 2870/3760/2189
f 2805/3761/2120 2807/3763/2170 2871/3762/2190
f 2807/3763/2170 2809/4363/2111 2872/3764/2191
f 2809/3765/2111 2811/3728/2112 2855/3730/2177
f 2853/3729/31 2774/4358/2116 2775/3767/2105
f 2854/3768/2192 2775/3767/2105 2777/3769/2152
f 2750/3770/2193 2752/3811/2208 2833/3771/2177
f 2748/3773/2194 2750/4364/2193 2852/3774/2191
f 2746/3776/2195 2748/3773/2194 2851/3775/2190
f 2744/3778/46 2746/3776/2195 2850/3777/2189
f 2848/3780/2188 2742/3782/2196 2744/3778/46
f 2847/3781/2187 2740/4365/2197 2742/3782/2196
f 2846/3783/2186 2738/3787/2198 2740/3784/2197
f 2845/3786/2185 2736/3789/2199 2738/3787/2198
f 2844/3788/3 2734/4366/3 2736/3789/2199
f 2732/3790/2200 2734/4366/3 2844/3788/3
f 2730/3792/2201 2732/3790/2200 2843/3791/2184
f 2728/3794/2202 2730/4367/2201 2842/3795/2183
f 2726/3797/2203 2728/3794/2202 2841/3796/2182
f 2724/3799/16 2726/3797/2203 2840/3798/2181
f 2838/3801/2180 2722/3803/2204 2724/3799/16
f 2837/3802/2179 2720/4368/2205 2722/3803/2204
f 2836/3804/2178 2718/3808/2206 2720/3805/2205
f 2835/3807/2192 2716/3810/2207 2718/3808/2206
f 2834/3809/31 2714/4369/31 2716/3810/2207
f 2752/3811/2208 2714/4369/31 2834/3809/31
f 2833/3771/2177 2834/3809/31 2773/3812/2110
f 2773/3812/2110 2834/3809/31 2835/3807/2192
f 2776/3814/2109 2835/3807/2192 2836/3804/2178
f 2778/3815/2104 2836/3804/2178 2837/3806/2179
f 2780/3817/2102 2837/3802/2179 2838/3801/2180
f 2782/3818/2157 2838/3801/2180 2839/3800/16
f 2839/3800/16 2840/3798/2181 2786/3820/2159
f 2840/3798/2181 2841/3796/2182 2788/3821/2088
f 2841/3796/2182 2842/3795/2183 2790/3822/2097
f 2842/3793/2183 2843/3791/2184 2792/3823/2160
f 2843/3791/2184 2844/3788/3 2794/3825/2096
f 2794/3825/2096 2844/3788/3 2845/3786/2185
f 2796/3826/2094 2845/3786/2185 2846/3783/2186
f 2798/3827/2158 2846/3783/2186 2847/3785/2187
f 2800/3829/2093 2847/3781/2187 2848/3780/2188
f 2802/3830/2091 2848/3780/2188 2849/3779/46
f 2849/3779/46 2850/3777/2189 2806/3832/2085
f 2850/3777/2189 2851/3775/2190 2808/3833/2161
f 2851/3775/2190 2852/3774/2191 2810/3834/2151
f 2852/3772/2191 2833/3771/2177 2812/3813/2107
f 2715/3836/2209 2854/3768/2192 2856/3731/2178
f 2713/3838/31 2853/3729/31 2854/3768/2192
f 2872/3766/2191 2855/3730/2177 2751/3839/2211
f 2871/3762/2190 2872/3764/2191 2749/3841/2212
f 2870/3760/2189 2871/3762/2190 2747/3842/2213
f 2869/3759/46 2870/3760/2189 2745/3843/2214
f 2741/3845/2215 2868/3757/2188 2869/3759/46
f 2739/3846/2216 2867/3755/2187 2868/3757/2188
f 2737/3847/2217 2866/3752/2186 2867/3754/2187
f 2735/3849/2218 2865/3750/2185 2866/3752/2186
f 2733/3850/3 2864/3748/3 2865/3750/2185
f 2863/3745/2184 2864/3748/3 2733/3850/3
f 2862/3746/2183 2863/3745/2184 2731/3851/2219
f 2861/3741/2182 2862/3743/2183 2729/3853/2220
f 2860/3739/2181 2861/3741/2182 2727/3854/2221
f 2859/3738/16 2860/3739/2181 2725/3855/2222
f 2721/3857/2223 2858/3736/2180 2859/3738/16
f 2719/3858/2224 2857/3734/2179 2858/3736/2180
f 2717/3837/2210 2856/3731/2178 2857/3733/2179
f 2855/3730/2177 2853/3729/31 2713/3838/31
f 2971/3860/2112 2934/4370/2116 3013/3861/31
f 3016/3863/2178 2937/3901/2152 2939/3864/2131
f 3017/3866/2179 2939/4371/2131 2941/3867/2134
f 3018/3868/2180 2941/3867/2134 2943/3869/2128
f 2943/3869/2128 2945/3872/2130 3020/3871/2181
f 2945/3872/2130 2947/3874/2153 3021/3873/2182
f 2947/3874/2153 2949/4372/2125 3022/3875/2183
f 2949/3876/2125 2951/3879/2127 3023/3877/2184
f 2951/3879/2127 2953/4373/2156 3024/3880/3
f 3024/3880/3 2953/4373/2156 2955/3881/2117
f 3025/3882/2185 2955/3881/2117 2957/3883/2123
f 3026/3884/2186 2957/3883/2123 2959/3885/2166
f 3027/3887/2187 2959/4374/2166 2961/3888/2113
f 3028/3889/2188 2961/3888/2113 2963/3890/2155
f 2963/3890/2155 2965/3893/2120 3030/3892/2189
f 2965/3893/2120 2967/3895/2122 3031/3894/2190
f 2967/3895/2122 2969/4375/2111 3032/3896/2191
f 2969/3897/2111 2971/3860/2112 3015/3862/2177
f 3013/3861/31 2934/4370/2116 2935/3899/2105
f 3014/3900/2192 2935/3899/2105 2937/3901/2152
f 2910/3902/2193 2912/3943/2208 2993/3903/2177
f 2908/3905/2194 2910/4376/2193 3012/3906/2191
f 2906/3908/2195 2908/3905/2194 3011/3907/2190
f 2904/3910/46 2906/3908/2195 3010/3909/2189
f 3008/3912/2188 2902/3914/2196 2904/3910/46
f 3007/3913/2187 2900/4377/2197 2902/3914/2196
f 3006/3915/2186 2898/3919/2198 2900/3916/2197
f 3005/3918/2185 2896/3921/2199 2898/3919/2198
f 3004/3920/3 2894/4378/3 2896/3921/2199
f 2892/3922/2200 2894/4378/3 3004/3920/3
f 2890/3924/2201 2892/3922/2200 3003/3923/2184
f 2888/3926/2202 2890/4379/2201 3002/3927/2183
f 2886/3929/2203 2888/3926/2202 3001/3928/2182
f 2884/3931/16 2886/3929/2203 3000/3930/2181
f 2998/3933/2180 2882/3935/2204 2884/3931/16
f 2997/3934/2179 2880/4380/2205 2882/3935/2204
f 2996/3936/2178 2878/3940/2206 2880/3937/2205
f 2995/3939/2192 2876/3942/2207 2878/3940/2206
f 2994/3941/31 2874/4381/31 2876/3942/2207
f 2912/3943/2208 2874/4381/31 2994/3941/31
f 2993/3903/2177 2994/3941/31 2933/3944/2110
f 2933/3944/2110 2994/3941/31 2995/3939/2192
f 2936/3946/2109 2995/3939/2192 2996/3936/2178
f 2938/3947/2104 2996/3936/2178 2997/3938/2179
f 2940/3949/2102 2997/3934/2179 2998/3933/2180
f 2942/3950/2157 2998/3933/2180 2999/3932/16
f 2999/3932/16 3000/3930/2181 2946/3952/2159
f 3000/3930/2181 3001/3928/2182 2948/3953/2088
f 3001/3928/2182 3002/3927/2183 2950/3954/2097
f 3002/3925/2183 3003/3923/2184 2952/3955/2160
f 3003/3923/2184 3004/3920/3 2954/3957/2096
f 2954/3957/2096 3004/3920/3 3005/3918/2185
f 2956/3958/2094 3005/3918/2185 3006/3915/2186
f 2958/3959/2158 3006/3915/2186 3007/3917/2187
f 2960/3961/2093 3007/3913/2187 3008/3912/2188
f 2962/3962/2091 3008/3912/2188 3009/3911/46
f 3009/3911/46 3010/3909/2189 2966/3964/2085
f 3010/3909/2189 3011/3907/2190 2968/3965/2161
f 3011/3907/2190 3012/3906/2191 2970/3966/2151
f 3012/3904/2191 2993/3903/2177 2972/3945/2107
f 2875/3968/2209 3014/3900/2192 3016/3863/2178
f 2873/3970/31 3013/3861/31 3014/3900/2192
f 3032/3898/2191 3015/3862/2177 2911/3971/2211
f 3031/3894/2190 3032/3896/2191 2909/3973/2212
f 3030/3892/2189 3031/3894/2190 2907/3974/2213
f 3029/3891/46 3030/3892/2189 2905/3975/2214
f 2901/3977/2215 3028/3889/2188 3029/3891/46
f 2899/3978/2216 3027/3887/2187 3028/3889/2188
f 2897/3979/2217 3026/3884/2186 3027/3886/2187
f 2895/3981/2218 3025/3882/2185 3026/3884/2186
f 2893/3982/3 3024/3880/3 3025/3882/2185
f 3023/3877/2184 3024/3880/3 2893/3982/3
f 3022/3878/2183 3023/3877/2184 2891/3983/2219
f 3021/3873/2182 3022/3875/2183 2889/3985/2220
f 3020/3871/2181 3021/3873/2182 2887/3986/2221
f 3019/3870/16 3020/3871/2181 2885/3987/2222
f 2881/3989/2223 3018/3868/2180 3019/3870/16
f 2879/3990/2224 3017/3866/2179 3018/3868/2180
f 2877/3969/2210 3016/3863/2178 3017/3865/2179
f 3015/3862/2177 3013/3861/31 2873/3970/31
f 3131/3992/2112 3094/4382/2116 3173/3993/31
f 3176/3995/2178 3097/4033/2152 3099/3996/2131
f 3177/3998/2179 3099/4383/2131 3101/3999/2134
f 3178/4000/2180 3101/3999/2134 3103/4001/2128
f 3103/4001/2128 3105/4004/2130 3180/4003/2181
f 3105/4004/2130 3107/4006/2153 3181/4005/2182
f 3107/4006/2153 3109/4384/2125 3182/4007/2183
f 3109/4008/2125 3111/4011/2127 3183/4009/2184
f 3111/4011/2127 3113/4385/2156 3184/4012/3
f 3184/4012/3 3113/4385/2156 3115/4013/2117
f 3185/4014/2185 3115/4013/2117 3117/4015/2123
f 3186/4016/2186 3117/4015/2123 3119/4017/2166
f 3187/4019/2187 3119/4386/2166 3121/4020/2113
f 3188/4021/2188 3121/4020/2113 3123/4022/2155
f 3123/4022/2155 3125/4025/2120 3190/4024/2189
f 3125/4025/2120 3127/4027/2122 3191/4026/2190
f 3127/4027/2122 3129/4387/2111 3192/4028/2191
f 3129/4029/2111 3131/3992/2112 3175/3994/2177
f 3173/3993/31 3094/4382/2116 3095/4031/2105
f 3174/4032/2192 3095/4031/2105 3097/4033/2152
f 3070/4034/2193 3072/4075/2208 3153/4035/2177
f 3068/4037/2194 3070/4388/2193 3172/4038/2191
f 3066/4040/2195 3068/4037/2194 3171/4039/2190
f 3064/4042/46 3066/4040/2195 3170/4041/2189
f 3168/4044/2188 3062/4046/2196 3064/4042/46
f 3167/4045/2187 3060/4389/2197 3062/4046/2196
f 3166/4047/2186 3058/4051/2198 3060/4048/2197
f 3165/4050/2185 3056/4053/2199 3058/4051/2198
f 3164/4052/3 3054/4390/3 3056/4053/2199
f 3052/4054/2200 3054/4390/3 3164/4052/3
f 3050/4056/2201 3052/4054/2200 3163/4055/2184
f 3048/4058/2202 3050/4166/2201 3162/4059/2183
f 3046/4061/2203 3048/4058/2202 3161/4060/2182
f 3044/4063/16 3046/4061/2203 3160/4062/2181
f 3158/4065/2180 3042/4067/2204 3044/4063/16
f 3157/4066/2179 3040/4391/2205 3042/4067/2204
f 3156/4068/2178 3038/4072/2206 3040/4069/2205
f 3155/4071/2192 3036/4074/2207 3038/4072/2206
f 3154/4073/31 3034/4392/31 3036/4074/2207
f 3072/4075/2208 3034/4392/31 3154/4073/31
f 3153/4035/2177 3154/4073/31 3093/4076/2110
f 3093/4076/2110 3154/4073/31 3155/4071/2192
f 3096/4078/2109 3155/4071/2192 3156/4068/2178
f 3098/4079/2104 3156/4068/2178 3157/4070/2179
f 3100/4081/2102 3157/4066/2179 3158/4065/2180
f 3102/4082/2157 3158/4065/2180 3159/4064/16
f 3159/4064/16 3160/4062/2181 3106/4084/2159
f 3160/4062/2181 3161/4060/2182 3108/4085/2088
f 3161/4060/2182 3162/4059/2183 3110/4086/2097
f 3162/4057/2183 3163/4055/2184 3112/4087/2160
f 3163/4055/2184 3164/4052/3 3114/4089/2096
f 3114/4089/2096 3164/4052/3 3165/4050/2185
f 3116/4090/2094 3165/4050/2185 3166/4047/2186
f 3118/4091/2158 3166/4047/2186 3167/4049/2187
f 3120/4093/2093 3167/4045/2187 3168/4044/2188
f 3122/4094/2091 3168/4044/2188 3169/4043/46
f 3169/4043/46 3170/4041/2189 3126/4096/2085
f 3170/4041/2189 3171/4039/2190 3128/4097/2161
f 3171/4039/2190 3172/4038/2191 3130/4098/2151
f 3172/4036/2191 3153/4035/2177 3132/4077/2107
f 3035/4100/2209 3174/4032/2192 3176/3995/2178
f 3033/4102/31 3173/3993/31 3174/4032/2192
f 3192/4030/2191 3175/3994/2177 3071/4103/2211
f 3191/4026/2190 3192/4028/2191 3069/4105/2212
f 3190/4024/2189 3191/4026/2190 3067/4106/2213
f 3189/4023/46 3190/4024/2189 3065/4107/2214
f 3061/4109/2215 3188/4021/2188 3189/4023/46
f 3059/4110/2216 3187/4019/2187 3188/4021/2188
f 3057/4111/2217 3186/4016/2186 3187/4018/2187
f 3055/4113/2218 3185/4014/2185 3186/4016/2186
f 3053/4114/3 3184/4012/3 3185/4014/2185
f 3183/4009/2184 3184/4012/3 3053/4114/3
f 3182/4010/2183 3183/4009/2184 3051/4115/2219
f 3181/4005/2182 3182/4007/2183 3049/4117/2220
f 3180/4003/2181 3181/4005/2182 3047/4118/2221
f 3179/4002/16 3180/4003/2181 3045/4119/2222
f 3041/4121/2223 3178/4000/2180 3179/4002/16
f 3039/4122/2224 3177/3998/2179 3178/4000/2180
f 3037/4101/2210 3176/3995/2178 3177/3997/2179
f 3175/3994/2177 3173/3993/31 3033/4102/31
f 3291/4124/2112 3254/4393/2116 3333/4125/31
f 3336/4127/2178 3257/4165/2152 3259/4128/2131
f 3337/4130/2179 3259/4394/2131 3261/4131/2134
f 3338/4132/2180 3261/4131/2134 3263/4133/2128
f 3263/4133/2128 3265/4136/2130 3340/4135/2181
f 3265/4136/2130 3267/4138/2153 3341/4137/2182
f 3267/4138/2153 3269/4395/2125 3342/4139/2183
f 3269/4140/2125 3271/4143/2127 3343/4141/2184
f 3271/4143/2127 3273/4396/2156 3344/4144/3
f 3344/4144/3 3273/4396/2156 3275/4145/2117
f 3345/4146/2185 3275/4145/2117 3277/4147/2123
f 3346/4148/2186 3277/4147/2123 3279/4149/2166
f 3347/4151/2187 3279/4397/2166 3281/4152/2113
f 3348/4153/2188 3281/4152/2113 3283/4154/2155
f 3283/4154/2155 3285/4157/2120 3350/4156/2189
f 3285/4157/2120 3287/4159/2174 3351/4158/2190
f 3287/4159/2174 3289/3991/2111 3352/4160/2191
f 3289/4161/2111 3291/4124/2112 3335/4126/2177
f 3333/4125/31 3254/4393/2116 3255/4163/2105
f 3334/4164/2192 3255/4163/2105 3257/4165/2152
f 3230/4166/2191 3232/4207/2177 3313/4167/2177
f 3228/4169/2190 3230/4398/2191 3332/4170/2191
f 3226/4172/2189 3228/4169/2190 3331/4171/2190
f 3224/4174/46 3226/4172/2189 3330/4173/2189
f 3328/4176/2188 3222/4178/2188 3224/4174/46
f 3327/4177/2187 3220/4343/2187 3222/4178/2188
f 3326/4179/2186 3218/4183/2186 3220/4180/2187
f 3325/4182/2185 3216/4185/2185 3218/4183/2186
f 3324/4184/3 3214/4399/3 3216/4185/2185
f 3212/4186/2184 3214/4399/3 3324/4184/3
f 3210/4188/2183 3212/4186/2184 3323/4187/2184
f 3208/4190/2182 3210/3696/2183 3322/4191/2183
f 3206/4193/2181 3208/4190/2182 3321/4192/2182
f 3204/4195/16 3206/4193/2181 3320/4194/2181
f 3318/4197/2180 3202/4199/2180 3204/4195/16
f 3317/4198/2179 3200/4355/2179 3202/4199/2180
f 3316/4200/2178 3198/4204/2178 3200/4201/2179
f 3315/4203/2192 3196/4206/2192 3198/4204/2178
f 3314/4205/31 3194/4400/31 3196/4206/2192
f 3232/4207/2177 3194/4400/31 3314/4205/31
f 3313/4167/2177 3314/4205/31 3253/4208/2110
f 3253/4208/2110 3314/4205/31 3315/4203/2192
f 3256/4210/2109 3315/4203/2192 3316/4200/2178
f 3258/4211/2104 3316/4200/2178 3317/4202/2179
f 3260/4212/2102 3317/4198/2179 3318/4197/2180
f 3262/4213/2175 3318/4197/2180 3319/4196/16
f 3319/4196/16 3320/4194/2181 3266/4215/2176
f 3320/4194/2181 3321/4192/2182 3268/4216/2088
f 3321/4192/2182 3322/4191/2183 3270/4217/2097
f 3322/4189/2183 3323/4187/2184 3272/4218/2160
f 3323/4187/2184 3324/4184/3 3274/4220/2096
f 3274/4220/2096 3324/4184/3 3325/4182/2185
f 3276/4221/2094 3325/4182/2185 3326/4179/2186
f 3278/4222/2158 3326/4179/2186 3327/4181/2187
f 3280/4224/2093 3327/4177/2187 3328/4176/2188
f 3282/4225/2173 3328/4176/2188 3329/4175/46
f 3329/4175/46 3330/4173/2189 3286/4227/2172
f 3330/4173/2189 3331/4171/2190 3288/4228/2161
f 3331/4171/2190 3332/4170/2191 3290/4229/2151
f 3332/4168/2191 3313/4167/2177 3292/4209/2107
f 3195/4231/2209 3334/4164/2192 3336/4127/2178
f 3193/4233/31 3333/4125/31 3334/4164/2192
f 3352/4162/2191 3335/4126/2177 3231/4234/2211
f 3351/4158/2190 3352/4160/2191 3229/4236/2212
f 3350/4156/2189 3351/4158/2190 3227/4237/2213
f 3349/4155/46 3350/4156/2189 3225/4238/2214
f 3221/4240/2215 3348/4153/2188 3349/4155/46
f 3219/4241/2216 3347/4151/2187 3348/4153/2188
f 3217/4242/2217 3346/4148/2186 3347/4150/2187
f 3215/4244/2218 3345/4146/2185 3346/4148/2186
f 3213/4245/3 3344/4144/3 3345/4146/2185
f 3343/4141/2184 3344/4144/3 3213/4245/3
f 3342/4142/2183 3343/4141/2184 3211/4246/2219
f 3341/4137/2182 3342/4139/2183 3209/4248/2220
f 3340/4135/2181 3341/4137/2182 3207/4249/2221
f 3339/4134/16 3340/4135/2181 3205/4250/2222
f 3201/4252/2223 3338/4132/2180 3339/4134/16
f 3199/4253/2224 3337/4130/2179 3338/4132/2180
f 3197/4232/2210 3336/4127/2178 3337/4129/2179
f 3335/4126/2177 3333/4125/31 3193/4233/31
